knot,crossings,sticks,input_min_dist
3_1,3,6,0.013783260867344051
4_1,4,7,0.025183868609791951
5_1,5,8,0.0021577395655405112
5_2,5,8,0.00038925762986162147
6_1,6,8,0.0063128631183924123
6_2,6,8,0.01334676633410575
6_3,6,8,0.0030879786326882112
7_1,7,9,0.0057072490980854141
7_2,7,9,0.0032999524878407254
7_3,7,9,0.0017319644151914933
7_4,7,9,0.0045089315994107692
7_5,7,9,0.00030376584872838174
7_6,7,9,0.015653484680503819
7_7,7,9,0.0062203548836207261
8_1,8,10,0.012436852404043408
8_10,8,10,0.0020882240205469743
8_11,8,10,0.011526822852318404
8_12,8,10,0.0011869479696442282
8_13,8,10,0.0023880773069314743
8_14,8,10,0.0065519761336161192
8_15,8,10,0.00099735721348642183
8_16,8,9,0.008554740888707205
8_17,8,9,0.0011595314264413845
8_18,8,9,0.0118385820967002
8_19,8,8,0.0047216128551732517
8_2,8,10,0.0044828493651747556
8_20,8,8,0.0013444612093359892
8_21,8,9,0.0047476247073856958
8_3,8,10,0.0049394687203680263
8_4,8,10,0.0059030530938099322
8_5,8,10,0.0015336591570322754
8_6,8,10,0.00039666057276661638
8_7,8,10,0.0065443569335716413
8_8,8,10,0.00062304545297595137
8_9,8,10,0.0072173646764853005
9_1,9,10,0.00011655552667578786
9_10,9,10,0.0004189921487392982
9_11,9,10,0.00031584577470401669
9_12,9,10,0.0061886889342210047
9_13,9,10,0.00051794074378388717
9_14,9,10,0.00032607155083036465
9_15,9,10,0.0010641570358025931
9_16,9,10,0.0062763013632301037
9_17,9,10,0.00070355617404960615
9_18,9,10,0.011614251506647421
9_19,9,10,0.0021214033134420015
9_2,9,10,0.0050636250509468687
9_20,9,10,0.031253850956077252
9_21,9,10,0.0064970207595833173
9_22,9,10,0.0046165067678700118
9_23,9,10,0.0038111651459638855
9_24,9,10,0.0048175039043773056
9_25,9,10,0.0044256627672760156
9_26,9,10,0.00023246252376483528
9_27,9,10,0.0081100556874744104
9_28,9,10,0.001341351056301496
9_29,9,9,0.00018453648111180598
9_3,9,10,0.0018285640081862628
9_30,9,10,0.00088028335631501031
9_31,9,10,0.0013032667082706509
9_32,9,10,0.0068375632612360923
9_33,9,10,0.0021287000518969987
9_34,9,9,0.00055415521728675637
9_35,9,9,0.00052795681319789281
9_36,9,10,0.0088183351406366257
9_37,9,10,0.0011444295352572604
9_38,9,10,0.0042793264546861264
9_39,9,9,0.0018160784043860653
9_4,9,10,0.0019297179058517017
9_40,9,9,0.0092350140762073978
9_41,9,9,0.0018557164036462697
9_42,9,9,0.0049493357854111927
9_43,9,9,0.0048499803640153147
9_44,9,9,0.00199263852235196
9_45,9,9,0.0037068024928087239
9_46,9,9,0.0073966851889774587
9_47,9,9,0.00094045052796683064
9_48,9,9,0.0058960175658946774
9_49,9,9,0.0061705606012006512
9_5,9,10,0.0044179283172732274
9_6,9,10,0.0014927287121562689
9_7,9,10,0.00060901594582231497
9_8,9,10,0.0033558587789644695
9_9,9,10,0.0040684736781234025
10_1,10,11,0.00076256252177631795
10_10,10,10,0.0020354833429440445
10_100,10,10,0.001337758999232181
10_101,10,10,0.00098141029544258538
10_102,10,10,0.0037085077907646987
10_103,10,10,9.9960648608461453e-05
10_104,10,10,0.00024325702885399889
10_105,10,10,0.0018122160437167849
10_106,10,10,0.0048984494303390552
10_107,10,10,0.0006302507075906927
10_108,10,10,0.0019176861394235756
10_109,10,10,9.5597850109719164e-05
10_11,10,11,0.0011694474139777545
10_110,10,10,0.0024437543329678081
10_111,10,10,0.0064029369318889815
10_112,10,10,0.00030273220840646461
10_113,10,10,0.0022002646461697752
10_114,10,10,0.00071744642127635392
10_115,10,10,0.011700057092399487
10_116,10,10,0.0027123822527451353
10_117,10,10,0.00018123185607942958
10_118,10,10,0.0032334992369705737
10_119,10,10,0.0047517634404370792
10_12,10,11,0.0038861112147494212
10_120,10,10,0.013739919504928777
10_121,10,10,0.00097213670197862775
10_122,10,10,0.0036077491544878751
10_123,10,10,0.0014266724679734568
10_124,10,10,0.0049241355968248574
10_125,10,10,0.0072240720865097236
10_126,10,10,0.00094280702934962162
10_127,10,10,0.00040743369013777382
10_128,10,10,0.0041254258859053572
10_129,10,10,0.0079182433641241737
10_13,10,11,0.002379311852204869
10_130,10,10,0.00053965879622435038
10_131,10,10,0.00047107603258099385
10_132,10,10,0.00078458444332403629
10_133,10,10,0.0022788866725868551
10_134,10,10,0.0019274269987656974
10_135,10,10,0.0054435849224070496
10_136,10,10,0.00061959274623063954
10_137,10,10,0.00096132030736189569
10_138,10,10,0.0046339044092527024
10_139,10,10,0.00067340346792206399
10_14,10,11,0.00048545990486487068
10_140,10,10,0.0046617772103985204
10_141,10,10,0.0039464144158318261
10_142,10,10,0.0015147194402540367
10_143,10,10,0.0045001350334292096
10_144,10,10,0.0029937264200509419
10_145,10,10,0.0059366710285525311
10_146,10,10,0.0015892470953081821
10_147,10,10,0.0058903847858256852
10_148,10,10,0.0035669175829053869
10_149,10,10,0.014591699955132738
10_15,10,11,0.011401864579003123
10_150,10,10,0.0075338829865583641
10_151,10,10,0.0017830784247374527
10_152,10,10,0.0030890134233794659
10_153,10,10,0.00065420842999562871
10_154,10,10,0.00030596976621731015
10_155,10,10,0.0030862752160166207
10_156,10,10,0.0033329422883959276
10_157,10,10,0.00024160951927456733
10_158,10,10,0.005940303521304909
10_159,10,10,0.0054598243379256686
10_16,10,10,0.025701639524047932
10_160,10,10,0.0014992487441569543
10_161,10,10,0.0013419726508109957
10_162,10,10,0.0092345881063967249
10_163,10,10,0.0014272898829500742
10_164,10,10,0.00060492296097978797
10_165,10,10,0.00015448698988431794
10_17,10,10,0.00041458337082881167
10_18,10,10,0.0023688636149429426
10_19,10,10,0.00062597384997107393
10_2,10,11,0.0019198739562758178
10_20,10,11,0.0027370158484630478
10_21,10,11,2.6642310004554491e-05
10_22,10,11,0.011733894461990182
10_23,10,11,0.0024893936665754063
10_24,10,11,0.00074696562811286601
10_25,10,11,0.0023931528152825216
10_26,10,11,0.0035913705915289382
10_27,10,11,0.00037617868915441628
10_28,10,11,0.0024565592620120185
10_29,10,11,0.00020782459700141085
10_3,10,11,0.00011687182987912592
10_30,10,11,0.0043265855124313291
10_31,10,10,0.0011780219554690724
10_32,10,11,0.0026130466066256637
10_33,10,10,0.0023238734315291923
10_34,10,11,0.0029747399687087912
10_35,10,11,0.014064369180626615
10_36,10,11,0.0032669677070929154
10_37,10,11,0.0030713746097022665
10_38,10,11,0.0015855786751620409
10_39,10,11,0.0055887615460481349
10_4,10,11,0.0050484685333825972
10_40,10,11,0.0039132746370244284
10_41,10,11,0.00067443761586098998
10_42,10,11,0.002429339668346288
10_43,10,11,0.0017894008979775613
10_44,10,11,0.0055564071137597449
10_45,10,11,0.0029004919253716606
10_46,10,11,0.002906484878090059
10_47,10,11,0.0019755035813809052
10_48,10,10,0.000836702598644536
10_49,10,11,0.0097296867004036617
10_5,10,11,0.0044525919095057057
10_50,10,11,0.00012358497482854638
10_51,10,11,0.0043598754880581365
10_52,10,10,0.0089351742386478555
10_53,10,11,0.0011353699065951219
10_54,10,11,0.0016568261739345362
10_55,10,11,0.0014394138388552193
10_56,10,10,0.00076763586625007462
10_57,10,11,0.0078738264243844117
10_58,10,11,0.00050406271500734836
10_59,10,11,0.00084996626766732316
10_6,10,11,0.0040258012553300443
10_60,10,10,0.0021702095876297779
10_61,10,10,7.1391220153582547e-05
10_62,10,11,0.00077886955201635533
10_63,10,11,0.00070688882439908516
10_64,10,11,0.0016939575290296747
10_65,10,11,0.0020392718682857957
10_66,10,11,0.0023297547573148422
10_67,10,11,0.00052725866551482908
10_68,10,10,0.00065495245927570057
10_69,10,11,0.0010181425124738406
10_7,10,11,0.00043323278649305826
10_70,10,11,0.0010510599174708957
10_71,10,11,0.0026400371786769504
10_72,10,11,0.0024624212921927494
10_73,10,11,0.0010131552550768424
10_74,10,11,0.00012487925098984883
10_75,10,11,0.00034618926101156198
10_76,10,11,0.00063933913653066833
10_77,10,11,0.00093772728093312286
10_78,10,11,7.8144829317108912e-05
10_79,10,11,0.0032086355639469755
10_8,10,10,0.0018341745094996762
10_80,10,11,0.0037078177943324873
10_81,10,11,0.01093668393356558
10_82,10,10,0.0031232103405161946
10_83,10,10,2.1854823840860799e-06
10_84,10,10,0.00083577882555797964
10_85,10,10,0.0054621658550904912
10_86,10,10,0.0044439063940453849
10_87,10,10,0.0027797926518784602
10_88,10,11,0.0012676423137191822
10_89,10,11,0.0011629214498559684
10_9,10,10,8.2348878836039144e-05
10_90,10,10,0.0030968858571115772
10_91,10,10,0.0077888629942051953
10_92,10,10,0.0021860647531236651
10_93,10,10,0.00088698939282329898
10_94,10,10,0.00074575433096197902
10_95,10,11,0.0043952733687500703
10_96,10,10,0.000419674840448538
10_97,10,10,0.00093738236104701071
10_98,10,11,0.00055894681073658881
10_99,10,11,0.0002658349428661215
K11a1,11,11,0.0068661802172814701
K11a10,11,11,0.0026952090901831622
K11a100,11,11,0.0059144608034025006
K11a101,11,11,0.0033667963289315552
K11a102,11,11,0.0017141925545983469
K11a103,11,11,0.008062647580335397
K11a104,11,11,0.0031098256512696056
K11a105,11,11,0.005979623663284586
K11a106,11,11,0.00063088367369931394
K11a107,11,12,0.0052687061088579866
K11a108,11,11,0.0017590866970110478
K11a109,11,11,0.0085331375216783547
K11a11,11,11,0.0015531912719653075
K11a110,11,11,0.0031402756908202089
K11a111,11,11,0.011678383526858944
K11a112,11,11,0.0013861775038085833
K11a113,11,11,0.0025545819099801396
K11a114,11,11,0.0042845394982184617
K11a115,11,11,0.0030807620746626319
K11a116,11,11,0.00052665457422249842
K11a117,11,11,0.0011795622159351414
K11a118,11,11,0.0004108504415615821
K11a119,11,11,0.00012400874990206175
K11a12,11,11,0.00022638682033288354
K11a120,11,11,0.00066612110299940934
K11a121,11,11,0.0049467590508475521
K11a122,11,11,0.0017047697841100367
K11a123,11,11,0.00027050051558803084
K11a124,11,11,0.0013166102299401422
K11a125,11,11,0.0013717746506339062
K11a126,11,11,0.00036242274763110475
K11a127,11,11,0.0015789835695028619
K11a128,11,11,0.0050762833522053465
K11a129,11,11,0.0059594639090179069
K11a13,11,12,0.0081645063117554914
K11a130,11,11,0.0094702331550856542
K11a131,11,11,0.00068679890034103108
K11a132,11,11,0.0053388812519798556
K11a133,11,12,0.0013726298077713459
K11a134,11,11,0.0034387354941017084
K11a135,11,11,0.00085027626452442609
K11a136,11,11,0.0030103216463689716
K11a137,11,11,0.00014554103352550169
K11a138,11,11,0.0097433430912867731
K11a139,11,11,0.00065240946376331817
K11a14,11,11,0.00037251075063943971
K11a140,11,12,0.0018954567772794825
K11a141,11,11,0.001495110693448718
K11a142,11,11,0.0038162007746110507
K11a143,11,11,0.0011404722473560619
K11a144,11,11,0.0010463488135449694
K11a145,11,11,0.0059922738025514621
K11a146,11,11,0.0013996501407983126
K11a147,11,11,3.7211586378987352e-05
K11a148,11,11,0.0027773469063715655
K11a149,11,11,0.0012230859639505536
K11a15,11,11,0.0030423396438115421
K11a150,11,11,0.00011930059626324439
K11a151,11,11,0.00068166162974594101
K11a152,11,11,0.0069935269377168693
K11a153,11,11,0.0029410089907513088
K11a154,11,12,0.0024071087463292261
K11a155,11,11,0.0014203645528718251
K11a156,11,11,0.0025095545692635501
K11a157,11,11,0.0071684069022394511
K11a158,11,11,0.0026952322623183637
K11a159,11,12,0.0076769813634267785
K11a16,11,11,0.002386218667468082
K11a160,11,11,0.00086179730799561109
K11a161,11,11,0.0047695169886978342
K11a162,11,10,0.00068694857857572818
K11a163,11,11,0.00025941713034473182
K11a164,11,11,9.9641514702332191e-05
K11a165,11,11,0.0043833020699797741
K11a166,11,12,0.0010432861924397729
K11a167,11,11,0.016859073556074296
K11a168,11,11,0.006762414824440584
K11a169,11,11,0.00014444162656551348
K11a17,11,12,0.00038623401613245654
K11a170,11,11,0.0036279889053997148
K11a171,11,11,0.0036190514790319069
K11a172,11,11,0.0012496344649899065
K11a173,11,11,0.0048732184437231237
K11a174,11,11,0.0022290538657807266
K11a175,11,11,0.00052824183125384444
K11a176,11,11,0.0019570380115822689
K11a177,11,11,0.0014048061794019896
K11a178,11,11,0.011719477826794531
K11a179,11,12,0.00030298081241669262
K11a18,11,11,0.0011871530649656165
K11a180,11,11,0.00019436252823274604
K11a181,11,11,0.00016343883811048934
K11a182,11,11,0.00092965500844246086
K11a183,11,11,0.0001020711918802456
K11a184,11,11,0.0055078650234340245
K11a185,11,11,0.0059066687697300535
K11a186,11,11,0.0010050713145292938
K11a187,11,11,0.00077249775417308013
K11a188,11,11,0.014999578664021469
K11a189,11,11,0.0042312218099201529
K11a19,11,11,0.0045806879007232798
K11a190,11,11,0.0022171063660688809
K11a191,11,11,0.00055157645116674287
K11a192,11,11,0.0050349778802274642
K11a193,11,11,5.4967781511730809e-05
K11a194,11,11,0.0026495933331408626
K11a195,11,11,0.00089262476625874857
K11a196,11,11,0.0034515395497185025
K11a197,11,11,0.0015098620105723592
K11a198,11,11,0.0045216374582419706
K11a199,11,11,0.019551319369974125
K11a2,11,11,0.00031958373588405423
K11a20,11,11,0.0028550433866953093
K11a200,11,11,2.3807079822690464e-05
K11a201,11,11,0.005032984896326663
K11a202,11,11,0.00012566555222100797
K11a203,11,11,0.014244471610949216
K11a204,11,11,0.0017861469621793106
K11a205,11,11,0.0073915868234555836
K11a206,11,11,0.0044457154165578848
K11a207,11,11,0.00011549653626402626
K11a208,11,11,0.0091922891149972472
K11a209,11,11,0.0084260942711251972
K11a21,11,12,0.0029910660775470436
K11a210,11,11,0.0024157970770014828
K11a211,11,11,0.0062355472853711635
K11a212,11,11,0.0014298990263622927
K11a213,11,11,0.0040955174842147359
K11a214,11,11,0.0064000156223989824
K11a215,11,11,0.0013323015935796071
K11a216,11,11,0.0010240204672029396
K11a217,11,11,0.00084470238313386265
K11a218,11,11,0.0022619362433370588
K11a219,11,11,0.00010808637712553567
K11a22,11,11,0.0055243164958265287
K11a220,11,11,0.010455321684925604
K11a221,11,11,0.00013812521387579214
K11a222,11,11,0.0051259370381584301
K11a223,11,11,0.020876840133541495
K11a224,11,11,0.0038462181696274811
K11a225,11,11,0.0079331890174234362
K11a226,11,11,0.00025987782514931584
K11a227,11,11,0.0033654635436590123
K11a228,11,11,0.0011829105625196781
K11a229,11,12,0.0044277944325258551
K11a23,11,11,0.0022665619150888071
K11a230,11,12,0.00093343716065893566
K11a231,11,12,0.00053047895128491675
K11a232,11,11,0.0007254994041828738
K11a233,11,10,0.00047320913566970517
K11a234,11,12,0.00062478301555771566
K11a235,11,11,0.0015805735407684349
K11a236,11,11,0.01183318906221249
K11a237,11,11,0.00062867490368921706
K11a238,11,11,2.6737610934630906e-05
K11a239,11,10,0.00029729395416133134
K11a24,11,11,0.004903175626024628
K11a240,11,11,0.0020691882123875676
K11a241,11,11,0.0042399744751218486
K11a242,11,11,0.0054615907967621525
K11a243,11,11,0.0026626055992812407
K11a244,11,11,0.00069026265897128962
K11a245,11,11,0.0010356452090827825
K11a246,11,12,0.00071456345454681499
K11a247,11,12,0.00057532472905793967
K11a248,11,11,0.0046972217235668415
K11a249,11,11,0.00042464547145017455
K11a25,11,11,0.00020469706841506923
K11a250,11,11,0.0055353664787880109
K11a251,11,11,0.00081772391104310783
K11a252,11,11,0.00037536202444046751
K11a253,11,11,9.0866318965513351e-05
K11a254,11,11,0.0018982075760733052
K11a255,11,11,0.0032965537766845255
K11a256,11,11,0.0038983374310305849
K11a257,11,11,0.00077460060513711106
K11a258,11,11,0.006189860503788505
K11a259,11,11,0.0011277801595939831
K11a26,11,11,0.0027932113764639085
K11a260,11,11,0.0050485311169103644
K11a261,11,11,0.0015538377456523623
K11a262,11,11,0.0073046346473609695
K11a263,11,11,0.010643078619340234
K11a264,11,11,0.0059121277698715516
K11a265,11,11,8.6871336649312731e-05
K11a266,11,10,0.00056556750768667189
K11a267,11,10,0.0033695336388188282
K11a268,11,10,0.00019445245975289842
K11a269,11,10,0.0046260937490105163
K11a27,11,11,0.00045381007572026325
K11a270,11,11,0.00048066897055530834
K11a271,11,11,0.0040305009097801065
K11a272,11,11,4.6539815116639397e-05
K11a273,11,11,0.0013417868652734718
K11a274,11,11,0.0023867505890092485
K11a275,11,11,0.0030290337529887894
K11a276,11,11,0.0029600542820046568
K11a277,11,11,0.0028473643238284057
K11a278,11,11,0.00027407944100414172
K11a279,11,11,0.00034948844486473919
K11a28,11,11,0.0012536208763687618
K11a280,11,11,0.00077659785349438245
K11a281,11,11,0.0028308967778566674
K11a282,11,11,0.0027871518471627309
K11a283,11,11,0.0051979603365600782
K11a284,11,10,0.0014906395390262733
K11a285,11,11,0.0015796409564328008
K11a286,11,11,0.00089017300175632628
K11a287,11,10,0.0013919732501112565
K11a288,11,10,0.00054112194861355347
K11a289,11,11,0.0088972447144670327
K11a29,11,11,0.0002354566738839871
K11a290,11,11,0.0071087839193442895
K11a291,11,11,0.00074793369001326701
K11a292,11,11,0.0050458005822849646
K11a293,11,11,0.0013638405437240569
K11a294,11,11,0.0025368481953679614
K11a295,11,11,0.0020950352785319231
K11a296,11,11,0.0019304259075137869
K11a297,11,11,8.7510336952488122e-05
K11a298,11,11,0.00031087639125141042
K11a299,11,11,0.0026073113086061638
K11a3,11,11,0.0015706022039260574
K11a30,11,11,0.0064646182503784819
K11a300,11,11,0.003947883651631786
K11a301,11,10,0.0043354867587470534
K11a302,11,10,0.0055893408347515916
K11a303,11,11,0.00069796375827303194
K11a304,11,11,0.0043995377011852967
K11a305,11,11,0.00014505359856440423
K11a306,11,11,0.017303337991262296
K11a307,11,11,0.0053641912401852579
K11a308,11,11,0.005787415095083728
K11a309,11,11,0.0030494797759642411
K11a31,11,11,0.00075585046118846282
K11a310,11,11,0.00079993843617480508
K11a311,11,11,0.00039041762063864502
K11a312,11,11,0.00096718492454968589
K11a313,11,11,0.0078488612284392384
K11a314,11,10,0.0043120247300604967
K11a315,11,11,0.00045497016310697917
K11a316,11,11,0.0024290209042761276
K11a317,11,11,0.0036001243345622292
K11a318,11,11,0.00090049347545401864
K11a319,11,11,0.0050075433301419153
K11a32,11,11,6.3515929119615884e-05
K11a320,11,11,0.005406848567414399
K11a321,11,11,0.0045093756676781597
K11a322,11,11,0.0011420812433756023
K11a323,11,11,0.0099460196532622901
K11a324,11,11,0.0028019978924661102
K11a325,11,11,0.00088227857280881255
K11a326,11,10,0.00071825159115860768
K11a327,11,11,0.0034428718863591503
K11a328,11,11,0.00084830699998101396
K11a329,11,11,0.00057052111679569578
K11a33,11,11,0.0024360778438016636
K11a330,11,11,0.00119591122129608
K11a331,11,11,0.00060119391281943785
K11a332,11,10,0.0047074307116434042
K11a333,11,11,0.0001096937835052176
K11a334,11,11,0.0022415754836771144
K11a335,11,11,0.0016141426881857285
K11a336,11,11,0.0038153247739762071
K11a337,11,11,0.0061629596241475158
K11a338,11,11,0.0012487534413238343
K11a339,11,11,0.0011435557188798275
K11a34,11,11,0.011962226595830872
K11a340,11,11,0.0078659306817997661
K11a341,11,11,0.0034160214688632126
K11a342,11,12,0.0052004788914356524
K11a343,11,12,0.00011276930445025295
K11a344,11,11,0.00064254716679693264
K11a345,11,11,0.0010816908482886147
K11a346,11,11,0.00057662478312556751
K11a347,11,11,0.0094024774382374058
K11a348,11,11,0.0019132577101213842
K11a349,11,11,0.0059238660421620836
K11a35,11,11,0.0025076718465436901
K11a350,11,10,0.0047805426278593856
K11a351,11,10,0.0097876709727949141
K11a352,11,11,0.0043509145427049669
K11a353,11,11,0.00095080427141049117
K11a354,11,11,0.00052208516266814917
K11a355,11,11,0.0079756328636667196
K11a356,11,11,0.0081679144625569026
K11a357,11,11,0.0006613304372501468
K11a358,11,12,0.0026867569226564389
K11a359,11,11,0.0026754202351922302
K11a36,11,11,0.0017334576409550862
K11a360,11,11,0.0029049345724781201
K11a361,11,11,0.001807171590974333
K11a362,11,11,0.0039511710343872013
K11a363,11,11,0.0049848831173504625
K11a364,11,12,0.00090510286526772788
K11a365,11,11,0.0039832067009880337
K11a366,11,11,0.004508845006889901
K11a367,11,12,0.0031875214341897506
K11a37,11,11,0.0021404563124815608
K11a38,11,11,0.0045288242034422638
K11a39,11,11,0.0026621437196453837
K11a4,11,11,0.0015609741981895461
K11a40,11,11,0.00085659487022436492
K11a41,11,11,0.0030817350198670168
K11a42,11,12,0.0023275940365084856
K11a43,11,12,0.0006699235874495918
K11a44,11,12,0.0028551222678602521
K11a45,11,12,0.00017888632348896159
K11a46,11,12,0.0012079086846667941
K11a47,11,11,0.0060292045072707339
K11a48,11,11,0.0086898174949513723
K11a49,11,11,0.0030964189119367554
K11a5,11,11,0.0017355690651646653
K11a50,11,12,0.0044086199436882984
K11a51,11,12,0.00046836598984735555
K11a52,11,11,0.0030700180845856218
K11a53,11,11,0.0055149139066988989
K11a54,11,11,0.003587251336143051
K11a55,11,11,0.0018857869268473968
K11a56,11,11,0.0055838346799544749
K11a57,11,11,0.0044710559926361892
K11a58,11,11,0.0011879350599829565
K11a59,11,12,0.0045429902812463754
K11a6,11,11,0.00060900593292621981
K11a60,11,11,0.0062158415759853
K11a61,11,11,0.0027195686167498343
K11a62,11,11,0.0034817143782597828
K11a63,11,11,0.0011113697101830171
K11a64,11,11,0.0060540883903033452
K11a65,11,12,0.0019088943881211567
K11a66,11,11,0.0052084312333054864
K11a67,11,11,0.0020947174427508475
K11a68,11,11,0.0074110947167240256
K11a69,11,11,0.0087172917230559071
K11a7,11,11,0.0035476930162181663
K11a70,11,11,0.0047293315173787265
K11a71,11,11,0.00067175945204524896
K11a72,11,11,0.0025546191384846332
K11a73,11,10,0.0037340222527679082
K11a74,11,11,0.0018857850323665474
K11a75,11,11,1.84591039539668e-05
K11a76,11,11,0.0064494358336332734
K11a77,11,11,0.0017492213013364421
K11a78,11,11,0.0014141356934852124
K11a79,11,10,0.0035733035611307299
K11a8,11,11,0.0036081237065160717
K11a80,11,11,0.0029957618091852696
K11a81,11,11,0.0033193829629955072
K11a82,11,11,0.0017216844981930498
K11a83,11,11,0.0024261767316214526
K11a84,11,11,0.0017644045903797533
K11a85,11,11,0.00078783488910758839
K11a86,11,11,0.0048605461663914305
K11a87,11,11,0.00075873517062434903
K11a88,11,11,0.0040532790984515897
K11a89,11,11,0.0023725587428552151
K11a9,11,11,0.004071407635065756
K11a90,11,11,0.0060009239468187944
K11a91,11,11,0.00017794283614924885
K11a92,11,11,0.0049280189748098112
K11a93,11,11,0.0070001134433437702
K11a94,11,11,0.0022448718414551563
K11a95,11,11,0.00073599037026608738
K11a96,11,11,0.017241598242647444
K11a97,11,11,0.0024896259556941337
K11a98,11,11,0.00070807445305920923
K11a99,11,11,0.00057728978496490919
K11n1,11,10,0.0029308081753821333
K11n10,11,11,0.013165995481767329
K11n100,11,10,0.0014753773013758311
K11n101,11,10,0.0028496389808631171
K11n102,11,10,0.0017530190864451874
K11n103,11,11,0.00041946495198734983
K11n104,11,10,0.012621147336253215
K11n105,11,10,0.0052610917414578967
K11n106,11,10,0.0038239956898701655
K11n107,11,10,0.0047372554056558276
K11n108,11,10,0.00047470572200173717
K11n109,11,11,0.00081701817086352296
K11n11,11,11,0.0044865997931809688
K11n110,11,10,0.013552906093292745
K11n111,11,10,0.0025839566834464662
K11n112,11,10,0.00507756247843902
K11n113,11,10,0.0043447742287662577
K11n114,11,10,0.0033837250881950951
K11n115,11,10,0.0039278311639995324
K11n116,11,10,0.00063694485943857962
K11n117,11,10,0.0020211944355968698
K11n118,11,10,0.0010279422035688543
K11n119,11,11,0.001485591856305756
K11n12,11,10,0.012113359651099399
K11n120,11,10,0.0048957510086313641
K11n121,11,10,0.0019881173142209814
K11n122,11,10,0.00761671699170251
K11n123,11,10,0.0025260875659093465
K11n124,11,10,0.0015978779792514429
K11n125,11,10,0.0033801867366891184
K11n126,11,11,0.0048500100395853767
K11n127,11,10,0.00067466249704619438
K11n128,11,10,0.0014120463833198025
K11n129,11,11,0.0034184882202588367
K11n13,11,11,0.0030744567332658254
K11n130,11,10,0.0026539042052160329
K11n131,11,10,0.0012506374399952956
K11n132,11,10,0.0024765001914723661
K11n133,11,10,0.0021937988484588863
K11n134,11,10,0.0092479495191467968
K11n135,11,10,0.011628637944960005
K11n136,11,11,0.001137962152151792
K11n137,11,10,0.0035976164957352017
K11n138,11,10,0.00060479737486176458
K11n139,11,10,0.00071424045318577232
K11n14,11,11,0.0075512717525945613
K11n140,11,10,0.0016610872250314725
K11n141,11,10,0.0015409581230418851
K11n142,11,10,0.0072778426097311194
K11n143,11,10,0.002129213282170076
K11n144,11,11,0.0014469011870050417
K11n145,11,10,0.0038392934755075367
K11n146,11,10,0.010882533878479747
K11n147,11,10,0.016782437245913669
K11n148,11,10,0.00054987921692193113
K11n149,11,10,0.00085865080021310571
K11n15,11,11,0.0072065148599551147
K11n150,11,10,0.0021155418796490509
K11n151,11,11,0.0031112317177249271
K11n152,11,10,0.0091437753810074043
K11n153,11,10,0.0087181468009839506
K11n154,11,10,0.0054067959123125543
K11n155,11,11,0.0031790919381450809
K11n156,11,10,0.0035950068346717861
K11n157,11,10,0.00027163049549081968
K11n158,11,10,0.00056110893784238681
K11n159,11,10,0.00056303535346515377
K11n16,11,11,0.0018093893457087542
K11n160,11,10,0.010830765803185918
K11n161,11,10,0.0067679992655016868
K11n162,11,11,8.5078930661276235e-05
K11n163,11,10,0.00081616297083988596
K11n164,11,10,0.0025126056575751699
K11n165,11,10,0.0047571104562651552
K11n166,11,10,0.0019595970849640969
K11n167,11,11,0.0050461504621808796
K11n168,11,11,0.0021111740892461109
K11n169,11,10,0.00031119746773706212
K11n17,11,11,0.0022047474521483122
K11n170,11,10,0.0023752077522147777
K11n171,11,10,0.0018145733914535216
K11n172,11,10,0.0045896429791510976
K11n173,11,10,0.007463552093340241
K11n174,11,10,0.002428511564185169
K11n175,11,11,0.0049062812281903895
K11n176,11,10,0.00069605500964736364
K11n177,11,10,0.0043170060345693474
K11n178,11,10,0.0026279807986970293
K11n179,11,10,0.0033090168875896313
K11n18,11,11,0.0045525129994439285
K11n180,11,11,0.0033824321388617683
K11n181,11,10,0.0023485779534588233
K11n182,11,10,0.00031038303348654883
K11n183,11,10,0.0077624247676014438
K11n184,11,10,0.0027412220790162234
K11n185,11,10,0.002099413316723467
K11n19,11,10,0.005545692761350275
K11n2,11,11,0.006060924594538543
K11n20,11,10,0.0062666724488761889
K11n21,11,10,0.0046679213931116615
K11n22,11,10,0.0030421973693661015
K11n23,11,10,0.0068977490174040503
K11n24,11,10,0.0011254265763626415
K11n25,11,10,0.0060999118415114078
K11n26,11,10,0.0051993241010018223
K11n27,11,10,0.0006816205690214816
K11n28,11,10,0.0021848879246876398
K11n29,11,10,0.00070524571314602223
K11n3,11,11,0.00014287331967177577
K11n30,11,10,0.0075444475134374221
K11n31,11,11,0.0004347884859423664
K11n32,11,10,0.0016992689834739157
K11n33,11,10,0.0019397600771600054
K11n34,11,11,0.008270059003991333
K11n35,11,11,0.0054012959384511132
K11n36,11,11,0.0041341341654474017
K11n37,11,10,0.00036997249975277913
K11n38,11,10,0.015156812734660545
K11n39,11,10,3.9678535562287303e-05
K11n4,11,10,0.00023399714559845644
K11n40,11,10,0.00099873654370306745
K11n41,11,10,0.00048226442547076603
K11n42,11,11,0.0031786211867247983
K11n43,11,10,0.0018161712839277753
K11n44,11,10,0.00040449999225410798
K11n45,11,10,0.00030135822699075746
K11n46,11,10,0.00061166839803066149
K11n47,11,10,0.001014363228996209
K11n48,11,10,0.0039683059559765298
K11n49,11,10,0.0013760818759208239
K11n5,11,10,0.0030482312206514569
K11n50,11,10,0.00082410373162357658
K11n51,11,10,0.0031080344069030243
K11n52,11,10,0.00083704177636610363
K11n53,11,10,0.0010448855853209052
K11n54,11,10,0.0021580554838422487
K11n55,11,11,0.0011758246938130205
K11n56,11,10,0.0033306818723258793
K11n57,11,10,0.010493665878813828
K11n58,11,10,0.0037156346285742029
K11n59,11,10,0.0022522622344916662
K11n6,11,11,0.0050963191049241607
K11n60,11,10,0.0012713424521970996
K11n61,11,10,0.0059775722084574427
K11n62,11,10,0.0010069913657073347
K11n63,11,10,0.0047489251544394397
K11n64,11,10,0.0017644154030408217
K11n65,11,10,0.0036557476525578879
K11n66,11,11,0.00043103356979179333
K11n67,11,11,0.0019467869700520374
K11n68,11,10,0.0024972118416276877
K11n69,11,10,0.00011281362046162586
K11n7,11,11,0.0019340024205708286
K11n70,11,10,0.0026925332949056138
K11n71,11,10,0.0016504614578473577
K11n72,11,11,0.00075903338773617519
K11n73,11,11,0.011606010154872634
K11n74,11,11,0.00034901124457673027
K11n75,11,10,0.0023527685221305067
K11n76,11,10,0.0055770595572700596
K11n77,11,11,0.0034176323214524674
K11n78,11,10,0.0023367719547813153
K11n79,11,10,0.00084724422798634956
K11n8,11,11,0.00071527383046537311
K11n80,11,11,0.0039836101591481073
K11n81,11,11,0.0022207903411789768
K11n82,11,10,0.014077090738942623
K11n83,11,10,0.0036651015396068731
K11n84,11,10,0.0011298428050005467
K11n85,11,10,0.00099628236777110635
K11n86,11,10,2.5718838360618716e-06
K11n87,11,10,0.0030302635942816777
K11n88,11,10,0.0035344417126916472
K11n89,11,11,0.0012867222524711474
K11n9,11,11,1.3800640209819362e-05
K11n90,11,10,0.00096300374624940345
K11n91,11,10,0.0025728259723192914
K11n92,11,10,0.0089792098402708964
K11n93,11,10,0.0020005448029697102
K11n94,11,10,0.002289327421000941
K11n95,11,10,0.0037026913831202501
K11n96,11,10,0.0058958741492709564
K11n97,11,11,0.0080161390044808361
K11n98,11,10,0.0071133939959882771
K11n99,11,10,0.0033676535337072312
K12a1,12,12,0.0025239143019818023
K12a10,12,12,0.0060859899800901705
K12a100,12,11,0.0018663822544243735
K12a1000,12,12,0.0044762447033915784
K12a1001,12,11,0.00088716900570313809
K12a1002,12,11,0.010286180275884696
K12a1003,12,12,0.00054804705867320894
K12a1004,12,12,0.005630077666794824
K12a1005,12,11,0.001025750348765931
K12a1006,12,11,0.0029972416391960393
K12a1007,12,12,0.0038926501263558434
K12a1008,12,12,0.0058315557242310254
K12a1009,12,12,0.0038853372958841418
K12a101,12,11,0.0079853873288018105
K12a1010,12,12,0.0037220931059793439
K12a1011,12,11,0.016131407361033388
K12a1012,12,11,0.0012979228916868339
K12a1013,12,12,0.004650584354789879
K12a1014,12,12,0.0066794492486286963
K12a1015,12,12,0.0025988896218525734
K12a1016,12,12,0.019955567205121705
K12a1017,12,11,0.0018573393799418011
K12a1018,12,11,0.0013311532379575715
K12a1019,12,11,0.00093869607530152265
K12a102,12,12,0.00080217345129622434
K12a1020,12,11,0.00070686689429961028
K12a1021,12,11,0.0046125480004139087
K12a1022,12,12,0.0032333960893247892
K12a1023,12,12,0.0018898087531804525
K12a1024,12,12,0.0073368254491081412
K12a1025,12,11,0.0024791146179207646
K12a1026,12,11,0.0056227145360922904
K12a1027,12,12,0.003963925495753984
K12a1028,12,12,0.00044734829864766598
K12a1029,12,12,0.0083081278664336091
K12a103,12,12,0.0025649178947038127
K12a1030,12,12,0.0028240570351757842
K12a1031,12,12,0.0031333457037351921
K12a1032,12,12,0.00066779859659286728
K12a1033,12,12,0.0017058543902705356
K12a1034,12,12,0.0056456389442065338
K12a1035,12,11,0.00016453109794094413
K12a1036,12,11,0.0010905868534237476
K12a1037,12,11,0.00074753755965486222
K12a1038,12,11,0.0022147403184003336
K12a1039,12,12,0.0099947703683796064
K12a104,12,12,0.00010982443530766142
K12a1040,12,12,0.0025869106828080852
K12a1041,12,11,0.00045852572495457379
K12a1042,12,11,0.0031909530970144263
K12a1043,12,12,0.0020364163248636105
K12a1044,12,11,0.00014123533932494146
K12a1045,12,11,0.0037621406864417279
K12a1046,12,11,0.0043660928938704597
K12a1047,12,12,0.0018639792534142197
K12a1048,12,11,0.0047732805542958544
K12a1049,12,12,0.00096228302102042734
K12a105,12,12,0.0015157997665471608
K12a1050,12,11,0.00061059157406169711
K12a1051,12,11,0.010090027383444968
K12a1052,12,11,0.0025444156119558523
K12a1053,12,12,0.0014958775626974304
K12a1054,12,11,0.0012652954476864528
K12a1055,12,12,6.721650818399757e-05
K12a1056,12,12,0.00020856707911570449
K12a1057,12,11,0.0043142631198146084
K12a1058,12,11,0.0067503642499445269
K12a1059,12,11,0.0017112717527435824
K12a106,12,12,4.6428006034482928e-05
K12a1060,12,11,0.0010039482947139071
K12a1061,12,11,0.00029693324880534415
K12a1062,12,12,0.00010370545684886512
K12a1063,12,11,0.00080225363317258658
K12a1064,12,12,0.0012737784314200981
K12a1065,12,11,0.0040165163979945856
K12a1066,12,11,0.0037526316546798127
K12a1067,12,11,0.0026686091102991133
K12a1068,12,11,0.0016220126428231967
K12a1069,12,12,0.0011776712471261866
K12a107,12,12,0.0020891839993788628
K12a1070,12,11,0.0020091681383629743
K12a1071,12,11,0.0086044888473098425
K12a1072,12,11,0.00012361346308917027
K12a1073,12,11,0.0042716144977700448
K12a1074,12,11,1.3090732931473117e-05
K12a1075,12,11,0.0012440284367432606
K12a1076,12,11,0.00030575854728568362
K12a1077,12,11,0.0036843594858809946
K12a1078,12,11,0.013852990221696167
K12a1079,12,11,0.0017751281072382592
K12a108,12,12,0.00038081667263116113
K12a1080,12,12,5.6543273856829104e-05
K12a1081,12,11,0.0002556795869907451
K12a1082,12,11,0.00039191058801642118
K12a1083,12,11,0.013116385716572294
K12a1084,12,12,0.0053059894578280815
K12a1085,12,12,0.0069492708395686963
K12a1086,12,11,2.8898516211741843e-05
K12a1087,12,11,0.0071611319172618596
K12a1088,12,12,0.00039069925668428314
K12a1089,12,12,0.0072929493991135711
K12a109,12,12,0.0015209154490772292
K12a1090,12,12,9.8021954157870934e-05
K12a1091,12,11,0.0078203420232096678
K12a1092,12,11,0.0018287567166811384
K12a1093,12,11,0.0001552890360908332
K12a1094,12,12,0.0067744501736639734
K12a1095,12,11,2.0026489283775979e-05
K12a1096,12,11,0.0008568431181286923
K12a1097,12,11,0.018625064977782661
K12a1098,12,11,0.0047126611371064052
K12a1099,12,11,0.0018001050074560364
K12a11,12,12,0.0040952611133667797
K12a110,12,12,0.0021101595500710685
K12a1100,12,11,0.0021099767369909032
K12a1101,12,11,0.0058222269460407551
K12a1102,12,11,6.9628466950691877e-05
K12a1103,12,11,0.00029886417190701399
K12a1104,12,11,0.0057088946265396864
K12a1105,12,12,0.007371235474547968
K12a1106,12,12,0.00070879874057105713
K12a1107,12,12,0.0020927549503381901
K12a1108,12,12,0.0012344856984006208
K12a1109,12,11,0.0010438345781961307
K12a111,12,12,0.00017130895586078715
K12a1110,12,11,0.00097310465582150878
K12a1111,12,11,0.003093453396034459
K12a1112,12,12,0.0015466665092863971
K12a1113,12,11,0.010244014500365724
K12a1114,12,11,0.0015891544559069428
K12a1115,12,11,0.0019764203675185256
K12a1116,12,11,0.010552848149466509
K12a1117,12,11,0.0022812929015416871
K12a1118,12,11,0.0005855433230199541
K12a1119,12,12,0.0010567698339159061
K12a112,12,12,0.0067620197586753588
K12a1120,12,11,0.00051013694829191072
K12a1121,12,11,0.0049062047540634887
K12a1122,12,11,0.00014049854612490018
K12a1123,12,12,0.0035637027220672729
K12a1124,12,12,0.0021008612421114627
K12a1125,12,12,0.0073171769213519321
K12a1126,12,11,0.00058501786552880581
K12a1127,12,12,0.0023993225262714771
K12a1128,12,12,0.00050067670067691322
K12a1129,12,11,0.0022555976751122042
K12a113,12,12,0.00044225110001997115
K12a1130,12,12,0.0066037557705217603
K12a1131,12,12,0.00026028741859584462
K12a1132,12,12,0.0018555619861355176
K12a1133,12,12,0.00010982833527012203
K12a1134,12,12,0.0063972640747411236
K12a1135,12,12,0.0022660339794469695
K12a1136,12,12,0.0046495794579743156
K12a1137,12,12,0.012358884467791771
K12a1138,12,12,0.0014969833495949937
K12a1139,12,12,0.010574029369444765
K12a114,12,12,0.0033845509489137705
K12a1140,12,12,0.00075858302273132318
K12a1141,12,11,0.0002333350822800207
K12a1142,12,11,6.4268729584261388e-05
K12a1143,12,11,0.0028239492137743121
K12a1144,12,11,0.0012086278030423166
K12a1145,12,12,0.00083032986988146914
K12a1146,12,12,0.0032492430367662074
K12a1147,12,12,0.0044352311567720758
K12a1148,12,12,0.002317930557266997
K12a1149,12,12,0.0030627785266797432
K12a115,12,12,0.00042739801437997405
K12a1150,12,12,0.0043922555659567514
K12a1151,12,12,0.0035073869001674362
K12a1152,12,11,0.011848936799428998
K12a1153,12,12,0.00094219356779264756
K12a1154,12,11,0.00011007990307392594
K12a1155,12,11,0.0044939804152068158
K12a1156,12,12,0.00041037206641774814
K12a1157,12,12,0.0034224073680582537
K12a1158,12,12,0.00039111711567674793
K12a1159,12,12,0.022818062332887173
K12a116,12,12,2.6778561111426545e-05
K12a1160,12,12,0.017158746472823515
K12a1161,12,12,0.0029178868431604769
K12a1162,12,12,0.0011139874395370371
K12a1163,12,12,0.0062623519575090185
K12a1164,12,12,0.0066990898786467943
K12a1165,12,12,0.0053079401498947361
K12a1166,12,12,0.0015981161517276644
K12a1167,12,11,0.00038129354967772862
K12a1168,12,11,0.0033317937777556598
K12a1169,12,11,0.0061217733555878487
K12a117,12,12,0.0022142865086855778
K12a1170,12,11,0.0060072419717614855
K12a1171,12,11,0.0042043589401741773
K12a1172,12,11,0.00073406228795999608
K12a1173,12,12,0.0068612435390094442
K12a1174,12,12,0.00037443222191725823
K12a1175,12,12,0.0034691362151243214
K12a1176,12,11,0.00301252173726401
K12a1177,12,11,0.0038352867417578295
K12a1178,12,11,0.0023364786460023448
K12a1179,12,11,0.0011912624949915371
K12a118,12,12,0.0023997098499736573
K12a1180,12,12,0.00030569883446910989
K12a1181,12,12,0.00085579155174996977
K12a1182,12,11,0.0045050254432618805
K12a1183,12,12,0.011187763208833057
K12a1184,12,11,0.0030111744335452437
K12a1185,12,11,3.7945368769734818e-05
K12a1186,12,11,0.0011744254930412621
K12a1187,12,11,0.0031550636350788793
K12a1188,12,11,0.0021579649366330082
K12a1189,12,11,0.0044548943214251973
K12a119,12,12,7.6465077348441082e-05
K12a1190,12,11,0.0077825824080959638
K12a1191,12,11,0.00052061622831519618
K12a1192,12,11,0.0014661564144552979
K12a1193,12,11,0.005746812490485682
K12a1194,12,11,0.0088103503997022034
K12a1195,12,11,9.7979347446204733e-05
K12a1196,12,11,0.0043936304312708879
K12a1197,12,11,0.00030223054763819446
K12a1198,12,11,0.0019893189177451584
K12a1199,12,11,0.001730911424015195
K12a12,12,12,0.0083380320829563662
K12a120,12,12,0.00050676123888743077
K12a1200,12,11,0.0015903886969292262
K12a1201,12,11,0.0087574288763238202
K12a1202,12,12,0.00049168583195464315
K12a1203,12,11,0.0027899933054117425
K12a1204,12,11,0.0036681682140580797
K12a1205,12,12,0.0021622168837564133
K12a1206,12,12,0.0014253408245744376
K12a1207,12,11,0.00099490366652235694
K12a1208,12,11,0.00090151420394002791
K12a1209,12,12,0.002464098765238113
K12a121,12,12,0.0026149297034820541
K12a1210,12,11,0.0050471189166947051
K12a1211,12,11,0.0058583105935181047
K12a1212,12,12,0.0041132335398883172
K12a1213,12,11,0.0049211619585997173
K12a1214,12,12,0.0021615078475516899
K12a1215,12,12,0.0019889660494947616
K12a1216,12,11,0.0022439008252130945
K12a1217,12,11,0.0060518145410424174
K12a1218,12,12,0.0041419599757460367
K12a1219,12,12,0.0097988736660946547
K12a122,12,12,0.00046849011981889743
K12a1220,12,12,0.00092866368447015865
K12a1221,12,11,0.00083821136902388919
K12a1222,12,12,7.9026305490931338e-05
K12a1223,12,12,0.0068486482530498785
K12a1224,12,12,0.0011560490136715367
K12a1225,12,11,0.0032476216143642934
K12a1226,12,12,0.005937060436739452
K12a1227,12,11,0.0015005817202083666
K12a1228,12,11,0.0011092606229579601
K12a1229,12,11,0.0058312513902116373
K12a123,12,12,0.0030092240207951863
K12a1230,12,11,0.0076880533055499641
K12a1231,12,11,0.008035973577830733
K12a1232,12,11,0.00042296652612739305
K12a1233,12,12,0.0009849801568506452
K12a1234,12,12,0.0025223979105355957
K12a1235,12,12,0.008225127447364167
K12a1236,12,12,0.0018143616342187019
K12a1237,12,11,0.00017480618648045101
K12a1238,12,12,0.00024746275702865634
K12a1239,12,12,0.0091340443086127578
K12a124,12,12,0.00071470762008017631
K12a1240,12,12,0.00097342185606771425
K12a1241,12,12,0.0032317304135334743
K12a1242,12,12,0.0001186637897948099
K12a1243,12,12,0.0011151387599180455
K12a1244,12,12,0.0025042600661855999
K12a1245,12,12,0.004695433438316801
K12a1246,12,12,0.00031841729626997848
K12a1247,12,11,0.0027662453751491822
K12a1248,12,11,0.0027100426804302414
K12a1249,12,11,0.0021054699009813494
K12a125,12,12,0.0036327719163170187
K12a1250,12,11,0.0010399234616340961
K12a1251,12,11,0.00041639377757339964
K12a1252,12,11,0.00038214311218867018
K12a1253,12,11,0.0015160428032226884
K12a1254,12,11,0.0026478644732887951
K12a1255,12,11,0.00036300321372960084
K12a1256,12,11,0.0081309565375675442
K12a1257,12,11,0.0008341928858728591
K12a1258,12,11,0.00051227906362836932
K12a1259,12,12,0.00047791612342169257
K12a126,12,12,6.3974240258710775e-05
K12a1260,12,12,3.3423800635744397e-05
K12a1261,12,12,0.001981689662660891
K12a1262,12,11,0.0018834608735371454
K12a1263,12,11,0.0045944295950063737
K12a1264,12,11,0.0014964348613051186
K12a1265,12,12,0.0075113877222146436
K12a1266,12,12,0.00091931730796628367
K12a1267,12,12,0.0012246273519851529
K12a1268,12,11,0.0017925585378581544
K12a1269,12,12,0.0033737485882580501
K12a127,12,12,0.0007449436866584627
K12a1270,12,11,0.0015556439626575064
K12a1271,12,11,0.00070982191372822266
K12a1272,12,11,0.0042490229982792907
K12a1273,12,12,0.00064031968272353784
K12a1274,12,12,0.0056612438218614893
K12a1275,12,12,6.8675359864047291e-06
K12a1276,12,12,0.002260168873298796
K12a1277,12,12,0.0026090667132962916
K12a1278,12,12,0.0033438511167588848
K12a1279,12,12,0.0009003973632593854
K12a128,12,12,0.0034344354893291996
K12a1280,12,12,0.00078487860723311126
K12a1281,12,12,0.0016538405005588239
K12a1282,12,12,0.00099706067778513002
K12a1283,12,11,0.0024506449726883987
K12a1284,12,11,0.0017697297354015383
K12a1285,12,11,0.00010022716041955191
K12a1286,12,12,0.0044103117260908976
K12a1287,12,12,0.016967418916707812
K12a1288,12,11,0.0010329812212472669
K12a129,12,12,0.0073816910134734638
K12a13,12,11,0.00076566348044387661
K12a130,12,12,0.00052039178935614906
K12a131,12,12,0.0056485556442466061
K12a132,12,12,0.0017172188672299313
K12a133,12,12,0.0014077212250634247
K12a134,12,11,0.011644608854459754
K12a135,12,12,0.0021018189690656581
K12a136,12,12,0.00082560165739012717
K12a137,12,12,0.00073677201862328045
K12a138,12,11,0.0031003231704129592
K12a139,12,12,0.00042442871885644634
K12a14,12,11,0.0032484226243059402
K12a140,12,12,0.00054145337536763401
K12a141,12,12,0.0028420428567525824
K12a142,12,12,0.00058147705813256512
K12a143,12,12,0.0043778111793080022
K12a144,12,12,0.00072189160181533466
K12a145,12,12,0.0035773194565603072
K12a146,12,12,0.0001544301684020824
K12a147,12,12,0.0045363160034797862
K12a148,12,12,0.0062403366381411206
K12a149,12,12,0.00086953206883695893
K12a15,12,12,0.001952020794471635
K12a150,12,12,0.00046956576620067015
K12a151,12,12,0.0021888542486002758
K12a152,12,12,0.0029597143728004988
K12a153,12,12,0.00054327475977297224
K12a154,12,11,0.0045286355663049956
K12a155,12,12,0.00055043006752319393
K12a156,12,11,0.0022369769040636311
K12a157,12,12,0.0012533508832357179
K12a158,12,12,0.019493257278675822
K12a159,12,12,0.0063859559602306932
K12a16,12,12,0.0040080017177467793
K12a160,12,12,0.00060770113154013381
K12a161,12,12,0.003109022330251677
K12a162,12,11,0.00018706770684390287
K12a163,12,11,0.00095915425283947542
K12a164,12,12,0.0038745859644112317
K12a165,12,12,0.0053136405745035174
K12a166,12,12,0.0033119909383889545
K12a167,12,12,0.0010284136758724174
K12a168,12,12,0.00027273857775406471
K12a169,12,12,0.0021965191470370497
K12a17,12,12,0.0044023578201071662
K12a170,12,12,0.00097677694916755721
K12a171,12,12,0.0025975939155496435
K12a172,12,12,0.0021724038724027211
K12a173,12,12,0.00096972572140139538
K12a174,12,12,0.00013462503018669939
K12a175,12,12,0.000739831337041285
K12a176,12,12,0.00058146533280304985
K12a177,12,12,0.0025017143134250428
K12a178,12,12,0.00023192043583661773
K12a179,12,12,0.0050228296419773362
K12a18,12,12,0.0038929493748309425
K12a180,12,12,0.0083491173577392962
K12a181,12,12,0.00060738817704777655
K12a182,12,12,0.00081180213307507226
K12a183,12,12,0.0010159592916387317
K12a184,12,11,0.0087934326613299668
K12a185,12,12,0.0013186969494438487
K12a186,12,12,2.6394563475502625e-05
K12a187,12,11,0.00036271393459924307
K12a188,12,11,0.00036651323472381542
K12a189,12,11,0.0012910419810849916
K12a19,12,12,0.00066177258021175476
K12a190,12,11,0.001180051652266512
K12a191,12,12,0.0029292531606985969
K12a192,12,12,0.0035762915772718264
K12a193,12,12,0.0015647140729761766
K12a194,12,12,0.00038640011943293247
K12a195,12,12,0.0046624090586500867
K12a196,12,12,0.00037411529644388073
K12a197,12,12,0.0017603572629122032
K12a198,12,12,0.00039431965082096718
K12a199,12,12,0.0016790530110537074
K12a2,12,12,0.0017643158881079115
K12a20,12,12,0.00077182581285572941
K12a200,12,12,0.0038207012495341522
K12a201,12,12,0.00024013269285788182
K12a202,12,11,0.0041851146185247698
K12a203,12,12,0.0051891007305511416
K12a204,12,12,0.0021923469033509188
K12a205,12,12,0.0090769622775562272
K12a206,12,12,0.011669514233810147
K12a207,12,12,0.0021395079296992227
K12a208,12,12,0.00055923094825304463
K12a209,12,11,0.0062458623594360265
K12a21,12,12,0.0098421798407085682
K12a210,12,12,0.0066874079465949181
K12a211,12,12,0.0045988247314474968
K12a212,12,12,0.0018958070440646367
K12a213,12,11,0.003986620493999859
K12a214,12,11,0.00063237443064496663
K12a215,12,12,4.3545398124790226e-05
K12a216,12,12,0.00012834987438111828
K12a217,12,12,0.00065169108387659678
K12a218,12,12,0.0019792968494932463
K12a219,12,12,0.011248588770975584
K12a22,12,12,0.0049255930833467659
K12a220,12,11,0.0019277173837745443
K12a221,12,12,0.0038021174408586944
K12a222,12,11,0.0043654314179113404
K12a223,12,11,0.0025205965321614472
K12a224,12,11,0.0050395178749843362
K12a225,12,12,2.1012162791002844e-05
K12a226,12,12,0.0044746755110987926
K12a227,12,11,0.0016141533903169332
K12a228,12,11,0.010188266020763283
K12a229,12,12,0.0014840844928203421
K12a23,12,12,0.00619993280170145
K12a230,12,11,0.0021967493466344646
K12a231,12,12,0.00040283143367426922
K12a232,12,12,0.0013058912325353315
K12a233,12,12,0.0040845767317564665
K12a234,12,12,0.0035961367007543892
K12a235,12,12,0.0016243280304814294
K12a236,12,12,0.0044176503766688892
K12a237,12,12,0.0006671866933911847
K12a238,12,12,5.1619268916621679e-05
K12a239,12,12,0.0016044677350055866
K12a24,12,12,0.0014649292498150116
K12a240,12,12,0.00065457627298163906
K12a241,12,12,0.0094463046501740925
K12a242,12,12,0.026829072609074554
K12a243,12,12,8.0454578717648834e-05
K12a244,12,12,0.00097887446254904206
K12a245,12,11,0.0076422335807751424
K12a246,12,12,0.008051831682781993
K12a247,12,12,0.00085126237065628451
K12a248,12,12,0.0034801795490945549
K12a249,12,12,0.00040613302903973821
K12a25,12,12,0.0048578395025739842
K12a250,12,11,0.0014547268591097368
K12a251,12,12,0.0040742505078629155
K12a252,12,12,0.0041222431252134345
K12a253,12,12,0.0021682476965103874
K12a254,12,12,3.4753053604154526e-05
K12a255,12,12,0.0028692636060799045
K12a256,12,11,0.00068888215285688907
K12a257,12,12,0.0023018798968585013
K12a258,12,12,0.0035644552805645865
K12a259,12,12,0.0098837987443854986
K12a26,12,12,0.0018221391793190505
K12a260,12,11,0.0020503714190046648
K12a261,12,12,0.0007053703184374436
K12a262,12,11,0.0058540067977536515
K12a263,12,12,0.00048622842854306714
K12a264,12,11,0.0018585066368324171
K12a265,12,11,0.00051278792165467956
K12a266,12,12,0.00080688958658012224
K12a267,12,11,0.0069104854896210122
K12a268,12,12,1.0727968148501693e-05
K12a269,12,12,0.0029371523734746463
K12a27,12,12,0.00025993812055768816
K12a270,12,12,0.0005107343819073806
K12a271,12,12,0.0064957611088049408
K12a272,12,12,0.0092121048112730839
K12a273,12,12,0.0055800357174771893
K12a274,12,12,0.0011248238648166908
K12a275,12,12,0.0022662229575258859
K12a276,12,12,0.00021034067589864407
K12a277,12,12,0.00087634247185812387
K12a278,12,12,0.0065946047462474688
K12a279,12,12,0.0021371679780356504
K12a28,12,12,0.0020478407669198315
K12a280,12,12,0.0015392272173089638
K12a281,12,12,0.00039450611601917916
K12a282,12,11,0.0013047609499455858
K12a283,12,11,0.0010140110727258271
K12a284,12,12,0.0033850005320326055
K12a285,12,12,0.0020043735765966591
K12a286,12,11,0.026818689760932782
K12a287,12,12,0.00055880017897830595
K12a288,12,12,0.0010439578722249224
K12a289,12,12,0.00077945416914737466
K12a29,12,12,0.0013098665773304075
K12a290,12,12,0.012987067844316863
K12a291,12,12,0.0011616338343301577
K12a292,12,12,0.00049370643779561801
K12a293,12,12,0.0033847958182750466
K12a294,12,12,0.00055846780916314577
K12a295,12,12,0.0014406476303034253
K12a296,12,12,0.00038766812229620461
K12a297,12,12,0.0023069042421420866
K12a298,12,11,0.00098405287921414161
K12a299,12,12,0.0013090965866351047
K12a3,12,12,0.00042561806594216937
K12a30,12,12,1.6789973055451538e-06
K12a300,12,12,0.0068190046645341812
K12a301,12,11,0.0019877865505879351
K12a302,12,12,0.01315104929508566
K12a303,12,11,0.0014917018346320451
K12a304,12,12,0.0020230250220278747
K12a305,12,12,0.010184872745654956
K12a306,12,12,0.001397823830242337
K12a307,12,12,4.825804423065285e-05
K12a308,12,12,0.002232694060565709
K12a309,12,11,0.0018355105695482248
K12a31,12,12,0.0025513277472123857
K12a310,12,12,0.0011155915790083831
K12a311,12,12,0.0015256809427102429
K12a312,12,11,0.002592054491727982
K12a313,12,12,0.017676315619361026
K12a314,12,12,0.0014619456946484161
K12a315,12,12,0.0030103712197715043
K12a316,12,11,0.0022939048077417249
K12a317,12,12,0.00020776335359146163
K12a318,12,11,0.00096359979119594013
K12a319,12,12,0.004152861809872648
K12a32,12,12,0.0041723527892442011
K12a320,12,12,0.00042010183376919131
K12a321,12,12,0.00066572569069624958
K12a322,12,12,0.0034139365556841916
K12a323,12,12,0.0026951702706869409
K12a324,12,12,0.003415153783654752
K12a325,12,11,0.0015005967201087811
K12a326,12,12,0.0031350863197708379
K12a327,12,12,0.0015269635905112075
K12a328,12,12,0.00011834484339192369
K12a329,12,12,0.0012216131271136888
K12a33,12,12,0.0078558642615412545
K12a330,12,12,0.0045256777150591851
K12a331,12,12,0.0042783364206762263
K12a332,12,12,0.0083358986583482418
K12a333,12,11,6.6868898022766688e-05
K12a334,12,12,0.00078914270168056668
K12a335,12,12,3.8380477652264346e-06
K12a336,12,12,0.0070288950024584443
K12a337,12,11,0.0010429623370385647
K12a338,12,12,0.0074926151180696402
K12a339,12,11,0.0016431928927345579
K12a34,12,12,0.00037122492251258089
K12a340,12,11,0.00018211082363539527
K12a341,12,12,0.011818066059293071
K12a342,12,12,0.0026182754617136194
K12a343,12,12,0.00035030314392396606
K12a344,12,12,0.0032533204267500711
K12a345,12,12,0.0030250178841933532
K12a346,12,11,0.00021258261212793474
K12a347,12,12,7.5064543170113893e-05
K12a348,12,12,0.0017385694752929484
K12a349,12,11,0.0018818327242010888
K12a35,12,12,0.00080183349655526669
K12a350,12,12,6.326628756214364e-05
K12a351,12,11,0.0054184162828371987
K12a352,12,11,0.0027616709566272079
K12a353,12,12,0.0017950440815939089
K12a354,12,11,0.0049247863308461192
K12a355,12,12,0.001276413688484655
K12a356,12,12,5.7560040939125141e-05
K12a357,12,12,0.0010212659396979693
K12a358,12,11,0.00017283925349946655
K12a359,12,11,0.0012528791592972641
K12a36,12,12,0.0042777461394528926
K12a360,12,12,0.005442826996166098
K12a361,12,11,0.00066911985568668484
K12a362,12,11,0.0011668082910074036
K12a363,12,12,0.0041820210093259334
K12a364,12,11,0.0013558016684413882
K12a365,12,12,0.0037303637897095248
K12a366,12,12,0.0019857565477877158
K12a367,12,12,0.0027470760897185991
K12a368,12,12,0.001116430348794878
K12a369,12,12,0.014706021479065899
K12a37,12,12,0.0038760003819296551
K12a370,12,12,0.0010321729463080409
K12a371,12,12,0.0046560483359243468
K12a372,12,12,0.016834295596627372
K12a373,12,12,0.00036750297166131691
K12a374,12,12,0.0016064327791842036
K12a375,12,12,0.002526665750569384
K12a376,12,12,0.00072616497604223321
K12a377,12,12,0.001941033517646298
K12a378,12,12,0.0044668343376151904
K12a379,12,12,0.0050229250472378735
K12a38,12,12,0.0001467333726618034
K12a380,12,12,0.02852968926638199
K12a381,12,12,0.009223411909223626
K12a382,12,12,0.0020303126742451426
K12a383,12,12,0.0016688110871890642
K12a384,12,12,0.0020611702027192392
K12a385,12,12,0.0032627051089373213
K12a386,12,11,0.007765983823073877
K12a387,12,11,0.0006963337666549453
K12a388,12,12,0.00080727409542363283
K12a389,12,11,0.0024916029997870039
K12a39,12,12,0.0054967927564512761
K12a390,12,11,0.00011506482975642078
K12a391,12,12,0.0007515781267193693
K12a392,12,11,0.00094236265986171266
K12a393,12,11,0.0077908808881045257
K12a394,12,12,0.0048185118782138507
K12a395,12,12,0.0029574287813431935
K12a396,12,12,0.0028122505104621566
K12a397,12,11,0.00032554586299798324
K12a398,12,11,0.00017633789746722924
K12a399,12,12,0.0020877759994058069
K12a4,12,12,0.00058717953725534423
K12a40,12,12,0.0022347120495396044
K12a400,12,11,0.0010498773004934429
K12a401,12,12,0.00012834125052792449
K12a402,12,11,0.0013244403007070479
K12a403,12,11,0.00018137015010884222
K12a404,12,12,2.6837032717727525e-05
K12a405,12,12,0.0036068092644681231
K12a406,12,12,0.00079759864774694533
K12a407,12,11,0.00054935996468931337
K12a408,12,11,0.0011883052055709699
K12a409,12,12,0.0012940444446322471
K12a41,12,12,0.0029098859388116374
K12a410,12,12,0.0030063445821291372
K12a411,12,12,0.0081416973128294375
K12a412,12,12,0.0013178631735783757
K12a413,12,11,9.1166098362135441e-05
K12a414,12,12,0.0002399806746782107
K12a415,12,11,0.00084386382391798194
K12a416,12,11,0.00058131919540455187
K12a417,12,11,0.0034097334701642516
K12a418,12,11,0.00036639099534479944
K12a419,12,11,0.0029769539594859582
K12a42,12,12,0.00048690771091544822
K12a420,12,12,0.001241153507963301
K12a421,12,12,0.0025657825952726467
K12a422,12,12,0.0042534348637760554
K12a423,12,12,0.0016278531120730167
K12a424,12,12,0.0013249802985595114
K12a425,12,12,0.0010354938466526668
K12a426,12,11,2.8345851016847249e-06
K12a427,12,12,0.0016920634367682675
K12a428,12,12,0.00019526584357515555
K12a429,12,12,0.001872491745627139
K12a43,12,12,0.0024797146041353616
K12a430,12,12,0.0058079863565873172
K12a431,12,12,0.0046734072983856938
K12a432,12,12,0.0011191722972637849
K12a433,12,12,0.00064227968122843341
K12a434,12,12,0.0008782935247051483
K12a435,12,12,0.0019632121460172055
K12a436,12,12,0.0039806515346040711
K12a437,12,12,0.0024111691713729583
K12a438,12,12,0.00047823408391680256
K12a439,12,11,0.00044298614153669743
K12a44,12,12,0.00071575992674890857
K12a440,12,12,0.0018670886327416022
K12a441,12,12,0.011303819486063979
K12a442,12,12,0.00068734720098871465
K12a443,12,12,0.00095557860755893155
K12a444,12,12,0.0021255421469195423
K12a445,12,12,0.00031302196963336999
K12a446,12,12,0.0045291755187932305
K12a447,12,12,0.0031767235383393386
K12a448,12,12,0.0075897259638379498
K12a449,12,12,0.0016589391679273974
K12a45,12,12,0.0037814802070189903
K12a450,12,12,6.012766504507179e-05
K12a451,12,12,0.0016348085115376304
K12a452,12,12,0.001929546556279233
K12a453,12,12,0.0037857756786204536
K12a454,12,12,0.00023605037041863261
K12a455,12,12,0.00026778015555156221
K12a456,12,12,0.0011030958417762588
K12a457,12,11,0.0026461175478111375
K12a458,12,11,0.0016690230665705127
K12a459,12,11,0.0042668858749057301
K12a46,12,12,0.0023698355195381224
K12a460,12,12,0.0015401345290429079
K12a461,12,12,0.00072101975162523258
K12a462,12,12,0.0024187000397267269
K12a463,12,12,0.001543622139513018
K12a464,12,11,0.0024231209501605548
K12a465,12,12,0.00069027755933771199
K12a466,12,12,0.000951641584133955
K12a467,12,11,1.9686566514158312e-05
K12a468,12,12,0.0076089090938010829
K12a469,12,11,0.0031431356604819062
K12a47,12,12,0.0019496935308115858
K12a470,12,12,0.002171618353492655
K12a471,12,12,0.0043484750550173657
K12a472,12,12,0.00091563812668435244
K12a473,12,11,0.0065152712580455463
K12a474,12,11,8.0644976776514932e-05
K12a475,12,12,0.00061528439507064939
K12a476,12,12,0.0062567106693003516
K12a477,12,12,0.0032786964091771832
K12a478,12,11,0.0040489966439708446
K12a479,12,11,0.0013119274477834909
K12a48,12,12,0.00042354767143428038
K12a480,12,11,0.0031326453024311121
K12a481,12,12,0.00027166154780828764
K12a482,12,12,0.00013239802818279178
K12a483,12,11,0.0074999349789259557
K12a484,12,12,0.0016992418164605478
K12a485,12,11,0.00065972116734546143
K12a486,12,11,0.0030719501538557918
K12a487,12,11,3.1388962470297437e-06
K12a488,12,12,0.017922965428826196
K12a489,12,12,0.0011172344274472995
K12a49,12,11,0.0025798051782068691
K12a490,12,12,0.0010985812802291643
K12a491,12,11,0.0062090698936768393
K12a492,12,11,0.0084918856927358906
K12a493,12,12,0.0012517253692935447
K12a494,12,12,0.0008181986156968916
K12a495,12,12,0.00040661593941274045
K12a496,12,11,0.00042594149807151772
K12a497,12,12,0.0026130781186013106
K12a498,12,12,0.0004427271704531019
K12a499,12,12,0.00033396202406875403
K12a5,12,12,0.0028519074461394824
K12a50,12,12,0.01007448668256198
K12a500,12,12,0.0035367244393883293
K12a501,12,12,0.0068177639695564925
K12a502,12,12,0.00040806424569460065
K12a503,12,12,0.00082812114042419508
K12a504,12,12,0.0010875803544917767
K12a505,12,12,0.0049327667827716512
K12a506,12,12,0.00039019664198755859
K12a507,12,12,0.0017908845671609998
K12a508,12,12,0.0019660737420704824
K12a509,12,12,0.0029449872302319902
K12a51,12,12,0.0027347019844287208
K12a510,12,12,0.0027799714354963152
K12a511,12,12,0.0032258946174151207
K12a512,12,12,0.00011119435022284201
K12a513,12,12,0.0066537390053947069
K12a514,12,12,0.0035788098538940471
K12a515,12,12,0.00014070526932076827
K12a516,12,12,0.00031066802839366302
K12a517,12,12,0.015375454911089438
K12a518,12,12,8.4753107618492873e-05
K12a519,12,12,0.0010442777019307459
K12a52,12,12,0.012501039771718955
K12a520,12,12,0.00030549273059666057
K12a521,12,12,0.0005004272041203168
K12a522,12,12,0.0092829067204875139
K12a523,12,11,0.00019604171185109599
K12a524,12,12,0.0071732394595093677
K12a525,12,12,0.00052388532005288586
K12a526,12,11,0.00023206027898563442
K12a527,12,11,0.0029723056028225824
K12a528,12,12,0.00084829310973938562
K12a529,12,11,0.00046073162662258718
K12a53,12,12,0.00027216231600169204
K12a530,12,11,0.0042161132926258676
K12a531,12,12,0.0076111522093574406
K12a532,12,12,0.0014329884854494806
K12a533,12,12,0.00038427858049192183
K12a534,12,12,0.0078738159508741096
K12a535,12,12,0.00013968890794700348
K12a536,12,12,0.012910643694181705
K12a537,12,12,0.010399154221851628
K12a538,12,12,0.0019934917684322319
K12a539,12,12,0.0067657356820762507
K12a54,12,12,0.0018831694717560115
K12a540,12,12,0.0031593630459977669
K12a541,12,12,0.0056788104044963967
K12a542,12,11,0.0013425967596303752
K12a543,12,11,0.0024413745259516334
K12a544,12,12,0.010390977316651969
K12a545,12,12,0.0025581364754196177
K12a546,12,11,0.0027166104020403042
K12a547,12,12,0.0058037769858583664
K12a548,12,12,0.0017623938350573879
K12a549,12,12,0.00054264283213358911
K12a55,12,12,0.0011382388095928318
K12a550,12,12,0.0025854401797154106
K12a551,12,12,1.6958225038373494e-05
K12a552,12,12,0.0010593653392582977
K12a553,12,11,0.00031842123659086392
K12a554,12,12,0.0071951989937623006
K12a555,12,12,0.0015561880449194883
K12a556,12,12,0.0024841322174475296
K12a557,12,12,0.00084297581772899166
K12a558,12,11,0.00083253447643677079
K12a559,12,11,0.0010153245127258986
K12a56,12,12,0.0087886135070747839
K12a560,12,12,0.0013601477309082856
K12a561,12,12,0.0011593543167614576
K12a562,12,12,0.0051895008195676842
K12a563,12,12,0.0009234625552219073
K12a564,12,12,4.5668522157443542e-05
K12a565,12,12,0.001662095718967505
K12a566,12,12,0.00038913750274827347
K12a567,12,11,4.7083732401681787e-07
K12a568,12,12,0.0023284339996296928
K12a569,12,12,0.0023464322971586573
K12a57,12,12,0.0065822328200396633
K12a570,12,12,0.0019428798236823584
K12a571,12,11,0.0034195445050172763
K12a572,12,11,8.7622433354764368e-05
K12a573,12,12,0.0010427667913235506
K12a574,12,12,0.0034952598738424686
K12a575,12,12,0.0061531449481011012
K12a576,12,12,0.00088378792867545644
K12a577,12,12,0.0079145383099386828
K12a578,12,12,0.0010567108684483995
K12a579,12,12,0.0012427980644917026
K12a58,12,12,0.0067385822974093497
K12a580,12,12,0.0066774261128866256
K12a581,12,12,0.00031807250576677831
K12a582,12,12,0.016835385908820166
K12a583,12,12,0.0022940744640989521
K12a584,12,12,0.0030695642825712605
K12a585,12,12,0.00048823914071038899
K12a586,12,12,0.0051530557573590827
K12a587,12,11,0.014983780566951274
K12a588,12,11,0.0073244595525954427
K12a589,12,12,0.00085913215866692874
K12a59,12,12,0.00017376365460167268
K12a590,12,12,9.6297884357778797e-05
K12a591,12,12,0.0017969232825536419
K12a592,12,12,0.014784915053555505
K12a593,12,12,0.001852769622424053
K12a594,12,12,0.00027965403069251114
K12a595,12,12,0.00042754671722535355
K12a596,12,12,0.0037773790263763
K12a597,12,12,0.0016653210612435022
K12a598,12,12,0.0061268972886741515
K12a599,12,11,0.00010432083356169779
K12a6,12,12,0.005374728989441903
K12a60,12,12,0.00031432846508889074
K12a600,12,12,0.0025587320404679196
K12a601,12,12,0.0031258674648084674
K12a602,12,11,0.001958975377632391
K12a603,12,12,0.0030073504360219336
K12a604,12,12,0.0062844912972511852
K12a605,12,11,0.0015565562043186774
K12a606,12,12,0.002701460506873153
K12a607,12,12,0.0055788075963669314
K12a608,12,12,0.0012447346156666754
K12a609,12,12,0.0048133528371139588
K12a61,12,12,0.0034506025390138662
K12a610,12,11,0.003398363198811251
K12a611,12,12,0.00081833881319316141
K12a612,12,12,0.0049605098377793174
K12a613,12,11,0.0014092966864492477
K12a614,12,12,0.0098941682863997113
K12a615,12,12,8.7629731617707061e-05
K12a616,12,12,0.00093534300087070742
K12a617,12,12,0.0017051434106329707
K12a618,12,11,0.00024582623546495443
K12a619,12,12,0.0072322567400056352
K12a62,12,12,0.0031861507777621958
K12a620,12,11,0.00062387328748625241
K12a621,12,12,0.00034319838655861451
K12a622,12,11,7.8507563703019415e-05
K12a623,12,12,0.0014000348025698624
K12a624,12,11,0.00530627616871647
K12a625,12,11,0.0090994560592919538
K12a626,12,11,0.0040370958873081151
K12a627,12,12,0.00084299131962184339
K12a628,12,11,0.010879556147438563
K12a629,12,11,0.0008841200474166192
K12a63,12,12,0.0023340390282578496
K12a630,12,11,0.0027204221724601539
K12a631,12,11,0.0066118805331723618
K12a632,12,11,0.0032977694424120899
K12a633,12,11,0.003770868507231984
K12a634,12,11,0.00043966480613575443
K12a635,12,11,0.00094261265162176892
K12a636,12,11,0.0016297561507452899
K12a637,12,11,3.7680334177106958e-05
K12a638,12,11,0.0013830284051544372
K12a639,12,12,0.01347943418567852
K12a64,12,12,9.1711141479417134e-05
K12a640,12,12,0.0011866528166593203
K12a641,12,12,0.003000299808134045
K12a642,12,12,0.0013374195019931067
K12a643,12,12,0.0013561851727441029
K12a644,12,12,0.00010883165245221486
K12a645,12,11,0.00039639977663791655
K12a646,12,12,0.001127551799198652
K12a647,12,12,0.0013694838325531173
K12a648,12,12,0.0009473628669357724
K12a649,12,12,0.0014793349249622874
K12a65,12,12,0.003012253533913615
K12a650,12,12,0.0031641844662570941
K12a651,12,12,0.0099413184121887148
K12a652,12,12,0.0076813580898415917
K12a653,12,11,0.0013139121131947251
K12a654,12,11,0.0007241378940191015
K12a655,12,12,0.0014046598390937367
K12a656,12,12,0.0012864139121647742
K12a657,12,12,0.00068305712824753449
K12a658,12,11,0.0043408987167153955
K12a659,12,11,0.0012565222066165253
K12a66,12,11,0.00036829359326574876
K12a660,12,12,0.00082813669147464148
K12a661,12,12,0.0038342794400962558
K12a662,12,11,0.0019514874665760591
K12a663,12,11,0.0023680450772037018
K12a664,12,12,0.0033475810522957984
K12a665,12,12,0.00051539283356886014
K12a666,12,12,0.0015667731087872321
K12a667,12,12,0.00021690222556182664
K12a668,12,12,0.00028428287580012097
K12a669,12,12,0.0068981811166731197
K12a67,12,11,0.00033563845325829144
K12a670,12,11,0.0002818713728341378
K12a671,12,12,0.00053230938033674464
K12a672,12,11,0.0035575572306364824
K12a673,12,11,0.0010096854850162277
K12a674,12,11,0.0027721719153032749
K12a675,12,12,0.0017521218213923944
K12a676,12,12,0.0012080693119129356
K12a677,12,12,0.00033085300620444932
K12a678,12,12,0.001152176586196511
K12a679,12,12,0.0024535531049907767
K12a68,12,12,0.00011944930310803279
K12a680,12,12,0.0016472407737764898
K12a681,12,12,0.0005394159584261335
K12a682,12,12,0.0032431818975160167
K12a683,12,12,0.0045835354048801638
K12a684,12,12,0.00043803281164908272
K12a685,12,12,0.01444504626491276
K12a686,12,12,0.001183803340314473
K12a687,12,12,0.00074402303470889289
K12a688,12,12,0.0018027795625258592
K12a689,12,12,0.003929628608223195
K12a69,12,12,0.00042368859900480612
K12a690,12,12,0.0015076561511312213
K12a691,12,12,0.0019723550228843072
K12a692,12,12,0.0028841271826857526
K12a693,12,12,0.0026860757682620647
K12a694,12,12,0.0012835912069419869
K12a695,12,11,0.0052532221000525315
K12a696,12,11,0.00029917217081321373
K12a697,12,11,0.010076511250819308
K12a698,12,11,0.00030168802266635462
K12a699,12,11,0.00060397733485532869
K12a7,12,12,0.0032742406185468573
K12a70,12,12,0.0033015107862350282
K12a700,12,11,0.004199243364806037
K12a701,12,12,0.0021853913036435422
K12a702,12,12,0.0010931099383645726
K12a703,12,11,3.4723502977087754e-05
K12a704,12,12,0.0020997375763432634
K12a705,12,11,0.00038609706211739148
K12a706,12,11,0.0033039674275346168
K12a707,12,11,0.0039259891308582864
K12a708,12,11,0.0027411444991206849
K12a709,12,11,0.00072073560681849445
K12a71,12,11,0.00095431282394480693
K12a710,12,11,0.0013688304142330735
K12a711,12,11,0.0029101300130768525
K12a712,12,11,0.0025810329740550038
K12a713,12,12,0.0040987930838849223
K12a714,12,12,6.8031610251617359e-05
K12a715,12,12,0.00057547932256571822
K12a716,12,12,0.0010276011456752045
K12a717,12,12,0.0031221022832627798
K12a718,12,12,1.3218629148033917e-05
K12a719,12,12,0.0007821115693712531
K12a72,12,12,0.0053451020873697408
K12a720,12,12,0.0028430408738134281
K12a721,12,12,0.0011634607607383515
K12a722,12,12,0.0021705002773914125
K12a723,12,12,0.019085690370512682
K12a724,12,12,0.00097738516883026584
K12a725,12,12,0.010304010380409435
K12a726,12,12,0.022422518786219543
K12a727,12,12,0.0023001229737070407
K12a728,12,12,0.0007666126150054686
K12a729,12,12,0.0053289765642388423
K12a73,12,12,0.0057831962151437969
K12a730,12,12,0.0017595540064412232
K12a731,12,12,0.0040502215282512376
K12a732,12,12,0.0015620480646710991
K12a733,12,12,0.0024167703415763535
K12a734,12,11,0.00023736946667177671
K12a735,12,12,0.0025348587829964854
K12a736,12,12,0.0026080776209796044
K12a737,12,12,0.0011763930323647326
K12a738,12,12,0.0012382885984108223
K12a739,12,12,0.0026248105589450929
K12a74,12,12,0.00069102004014424273
K12a740,12,12,0.0044613320711242048
K12a741,12,11,0.0010222918032311769
K12a742,12,11,0.00011246557472990579
K12a743,12,12,0.0038413001446140167
K12a744,12,12,0.0050336743538223925
K12a745,12,12,0.0097785276577533574
K12a746,12,11,0.00090684740903240291
K12a747,12,12,0.0018475423706576647
K12a748,12,12,0.0047952963301458509
K12a749,12,12,0.00079337743435344986
K12a75,12,11,0.0028500427194048925
K12a750,12,11,0.0067624596895770085
K12a751,12,12,0.0042516428708966767
K12a752,12,12,0.0051778245882111735
K12a753,12,12,4.4466809363209026e-05
K12a754,12,11,0.00046878618614304017
K12a755,12,12,7.5208335717162744e-05
K12a756,12,12,0.0052710673606157906
K12a757,12,12,0.0043473695945969405
K12a758,12,12,0.007031135203317389
K12a759,12,12,0.0013403823216261905
K12a76,12,12,0.00096525647086363102
K12a760,12,12,0.00099341901822014821
K12a761,12,12,0.00025583076563615384
K12a762,12,12,0.0023303466724493029
K12a763,12,12,0.0051396070042777769
K12a764,12,12,0.00074309836283101413
K12a765,12,11,0.00044540699797251758
K12a766,12,12,0.00039467083497782057
K12a767,12,12,0.0098015878537093537
K12a768,12,12,0.00077761766849687307
K12a769,12,12,0.0045230492957666546
K12a77,12,12,0.0042441512934292894
K12a770,12,12,0.00060088293676608805
K12a771,12,11,0.0034443286496871279
K12a772,12,12,0.00026072320269966546
K12a773,12,12,0.0016131632534323974
K12a774,12,12,0.0033434745163338055
K12a775,12,12,0.00086572784010973249
K12a776,12,12,0.0049241230468338578
K12a777,12,11,0.0053192359702045914
K12a778,12,11,0.0011625517733789747
K12a779,12,11,0.00044532448723779073
K12a78,12,12,0.0064495363437621616
K12a780,12,12,0.00096634035452104153
K12a781,12,11,0.00024240147183814063
K12a782,12,12,0.00070937596195316875
K12a783,12,11,0.0046534803996482665
K12a784,12,12,0.0014006820673243404
K12a785,12,11,0.0015112072017924737
K12a786,12,11,0.0026896394687000768
K12a787,12,11,0.0017693082719896845
K12a788,12,11,0.00022258909783492639
K12a789,12,12,0.0048119767339494376
K12a79,12,12,0.0020020745187249479
K12a790,12,12,0.0017063078846940949
K12a791,12,12,0.00094014053441724191
K12a792,12,12,0.00095797583285456788
K12a793,12,11,0.00036290127905142623
K12a794,12,12,0.0034776954428282561
K12a795,12,12,0.00095034118822192844
K12a796,12,12,0.0041966684609209236
K12a797,12,12,0.0027652184839931739
K12a798,12,12,0.00076657530442996152
K12a799,12,11,0.0016380761071330514
K12a8,12,12,0.0029017229430274259
K12a80,12,12,0.0009632983476148267
K12a800,12,12,6.986654151546242e-05
K12a801,12,12,0.0019490523319624883
K12a802,12,12,0.00057408130155742437
K12a803,12,12,0.0042170770987445651
K12a804,12,11,0.0028609199582602905
K12a805,12,11,0.00075586158928608762
K12a806,12,11,0.0024686485000571792
K12a807,12,11,0.0022432335648588171
K12a808,12,11,0.00099870797231895467
K12a809,12,11,0.0017604468395476904
K12a81,12,12,0.0034438345279703426
K12a810,12,11,0.00042118260185236052
K12a811,12,12,0.00833368151122371
K12a812,12,12,0.016688705913698577
K12a813,12,12,0.0081130333831204958
K12a814,12,12,0.0042679817952919336
K12a815,12,12,0.00033219697126235444
K12a816,12,12,0.0087041057841782156
K12a817,12,12,0.00090236657155560128
K12a818,12,12,0.0020596982103581172
K12a819,12,12,0.0010324775708612066
K12a82,12,12,0.0029422887030523658
K12a820,12,11,0.00051477499108350299
K12a821,12,11,0.0012228128043857164
K12a822,12,12,0.0035951940061049216
K12a823,12,12,0.007768691873148284
K12a824,12,12,0.010946381777715586
K12a825,12,12,0.00060292601901226642
K12a826,12,12,0.0065289006963539786
K12a827,12,12,3.7555452275161179e-05
K12a828,12,12,0.0094794565605300449
K12a829,12,12,0.00031638142259436333
K12a83,12,12,0.0024198294309822118
K12a830,12,12,0.0033574002118729805
K12a831,12,12,0.0040531954871807678
K12a832,12,12,0.00019011974778879973
K12a833,12,11,0.0079300539581594002
K12a834,12,11,0.00064884490201315393
K12a835,12,12,0.0021471771512783576
K12a836,12,12,0.00076268243363969911
K12a837,12,12,0.00058531134108347085
K12a838,12,12,0.00026000675999547
K12a839,12,12,0.00041094443988167015
K12a84,12,12,0.0043385931070451852
K12a840,12,12,0.0051772427119029839
K12a841,12,12,0.0016926716139377648
K12a842,12,12,0.0016742138497196368
K12a843,12,12,0.0011402757621035884
K12a844,12,11,0.0012353901707371476
K12a845,12,11,0.0027334683559113644
K12a846,12,11,0.0029951781268236373
K12a847,12,11,0.00012893502479128914
K12a848,12,11,0.0019917395369347243
K12a849,12,11,0.0018849836995105081
K12a85,12,12,0.0007306156404854276
K12a850,12,12,0.00014159643994471569
K12a851,12,12,0.0030711770528254324
K12a852,12,11,1.2248562350119406e-05
K12a853,12,11,0.00044973366381061125
K12a854,12,11,0.0039640057020662285
K12a855,12,11,0.0045529792487935851
K12a856,12,11,0.0027112957102456313
K12a857,12,11,0.0023220894598791723
K12a858,12,11,0.0035295682723851885
K12a859,12,12,0.0043925754154194238
K12a86,12,12,0.00014839853229815523
K12a860,12,11,4.4156434897857597e-05
K12a861,12,12,0.0035148180198943195
K12a862,12,11,0.0061919208884827518
K12a863,12,12,0.00041496027789996256
K12a864,12,11,0.0057970779901936886
K12a865,12,11,0.0076971636048784398
K12a866,12,11,0.0014363309264667592
K12a867,12,11,0.00034127966239004992
K12a868,12,11,0.0012140791735033118
K12a869,12,11,0.0043272336212903566
K12a87,12,12,0.0010332225538724105
K12a870,12,11,0.0044156286644126989
K12a871,12,11,0.005025186219647172
K12a872,12,11,0.00074881061021462192
K12a873,12,11,0.0081609565810131131
K12a874,12,11,0.0037496531752054434
K12a875,12,11,0.013454165615142481
K12a876,12,12,0.00038426616341583433
K12a877,12,12,0.0020588140852571372
K12a878,12,12,0.0014724762474298411
K12a879,12,12,0.007109257866407967
K12a88,12,11,0.0031786690074958029
K12a880,12,12,0.013059882361139251
K12a881,12,12,0.00073995208395657628
K12a882,12,12,0.0038438875650317491
K12a883,12,11,0.00077166994685339311
K12a884,12,11,0.0011470817375643814
K12a885,12,11,0.0015539585718964766
K12a886,12,11,0.002733323597719441
K12a887,12,11,0.001989563296087943
K12a888,12,11,0.026785808962334984
K12a889,12,11,0.0078379184702589109
K12a89,12,12,9.8639751753068235e-06
K12a890,12,12,0.00065303414480022296
K12a891,12,12,0.003691819023043167
K12a892,12,11,0.00056088965867225689
K12a893,12,11,0.0068811677540851473
K12a894,12,11,0.0015204683891914714
K12a895,12,11,0.0008005615419007158
K12a896,12,11,0.00082110712402081614
K12a897,12,11,0.00086192975783209633
K12a898,12,12,0.0031791479074235363
K12a899,12,12,0.0021315362635795209
K12a9,12,12,0.0055727807359167384
K12a90,12,12,0.0018843618199851776
K12a900,12,12,0.00029406891155239447
K12a901,12,12,0.00031818086219661786
K12a902,12,12,0.0039456275557235984
K12a903,12,12,0.0033391618536106594
K12a904,12,11,7.3853881307015998e-05
K12a905,12,12,0.00099862491170428632
K12a906,12,12,0.0028643676156370774
K12a907,12,11,0.001216339851441932
K12a908,12,12,0.0038535422210297398
K12a909,12,12,0.0016270042417310588
K12a91,12,12,0.0039271099060405254
K12a910,12,12,0.003093169539167594
K12a911,12,12,0.0014295906157291835
K12a912,12,12,0.002216735600491663
K12a913,12,11,0.0007684319023086503
K12a914,12,11,0.00077711970625125306
K12a915,12,11,0.0041513713954093234
K12a916,12,12,0.0017890976350791168
K12a917,12,12,0.00059568704907718363
K12a918,12,11,0.0023143184612168769
K12a919,12,12,0.0014155259298599336
K12a92,12,12,5.185788615219845e-05
K12a920,12,11,0.0048839425675041414
K12a921,12,12,0.0002182136697477082
K12a922,12,11,0.0011031609709423495
K12a923,12,12,0.00080317095166428088
K12a924,12,12,0.00078354145110131126
K12a925,12,12,0.0019269775855675643
K12a926,12,11,0.00047458434883118156
K12a927,12,12,0.0031575262605176273
K12a928,12,11,0.0012150554821778949
K12a929,12,11,0.0039559402548273899
K12a93,12,12,0.0094263739701362006
K12a930,12,12,0.00079821850773013859
K12a931,12,12,0.0038647681368202619
K12a932,12,11,0.0010613886290974112
K12a933,12,12,0.0010014979698905507
K12a934,12,12,0.0017456356232699163
K12a935,12,11,0.0034157176422325119
K12a936,12,12,0.0035569088958509851
K12a937,12,12,0.00030044538407505132
K12a938,12,12,0.0010286025089350803
K12a939,12,12,4.8760960061936377e-05
K12a94,12,12,0.0011735620833013159
K12a940,12,11,0.010594209862084959
K12a941,12,12,0.0010694553571669518
K12a942,12,12,0.0066463786363104953
K12a943,12,12,0.001445776006482167
K12a944,12,12,0.0011350834342904077
K12a945,12,11,0.003347344747797144
K12a946,12,12,0.0020361704363015447
K12a947,12,12,0.0013849490599804482
K12a948,12,12,0.0032253356436981523
K12a949,12,12,3.8946080046693188e-05
K12a95,12,12,0.00082709139957909774
K12a950,12,11,0.0059038121147314548
K12a951,12,11,0.0034553929979289576
K12a952,12,12,0.00010188052673389572
K12a953,12,12,0.003753252251904747
K12a954,12,11,0.00067856752829938876
K12a955,12,11,0.0029255979341133967
K12a956,12,11,0.00073154086157451131
K12a957,12,11,0.0019337055577132055
K12a958,12,12,0.017285304560734325
K12a959,12,11,0.013230446235513711
K12a96,12,12,0.0074209762800888385
K12a960,12,11,0.0027413953922167528
K12a961,12,11,0.0060914706752440749
K12a962,12,12,0.0035264490226477739
K12a963,12,11,0.0017790980159123684
K12a964,12,11,0.0048833892727744169
K12a965,12,11,0.0025855332438514456
K12a966,12,11,0.00044017344573996379
K12a967,12,11,0.00059251667035090897
K12a968,12,11,0.0043385244777048911
K12a969,12,12,0.004642144994331264
K12a97,12,12,0.0059716405458475653
K12a970,12,12,0.0016309544390139209
K12a971,12,12,0.0050075492593657754
K12a972,12,11,0.0049919685921727209
K12a973,12,11,0.0011479069950977266
K12a974,12,12,0.00035982438930340024
K12a975,12,12,3.581819257667811e-05
K12a976,12,11,0.001169847189190503
K12a977,12,11,0.0056127956972794992
K12a978,12,12,0.0029840415196933511
K12a979,12,12,0.0033674600960665727
K12a98,12,12,0.007858104636113002
K12a980,12,11,0.00068295327604339521
K12a981,12,12,0.0012194409425172852
K12a982,12,12,0.00031596725087643666
K12a983,12,12,0.0053429788380306717
K12a984,12,11,0.011799111599088407
K12a985,12,12,0.00079339543114260948
K12a986,12,11,0.0079965999466589562
K12a987,12,11,0.0004368533004108195
K12a988,12,11,0.0082912168934075169
K12a989,12,12,0.0020964608180804693
K12a99,12,12,0.0023355586169604638
K12a990,12,12,0.0053596267177663292
K12a991,12,12,0.0020363564191997513
K12a992,12,11,0.00022249658981375242
K12a993,12,11,0.001928331860255289
K12a994,12,11,0.0030728055313520666
K12a995,12,12,0.0026613801668808534
K12a996,12,12,0.0035813782140041413
K12a997,12,12,0.0061703161193591895
K12a998,12,11,0.0059514707553993511
K12a999,12,12,0.00061452649168456893
K12n1,12,11,0.003370479447732529
K12n10,12,11,0.0042282084269259033
K12n100,12,11,9.6148293244102491e-05
K12n101,12,11,0.00073627293111541519
K12n102,12,11,0.00036747306990071889
K12n103,12,11,0.00095398385181612744
K12n104,12,11,0.0031886095185832092
K12n105,12,12,0.00041847963922938912
K12n106,12,11,0.0068587860399500914
K12n107,12,11,0.016134025238183223
K12n108,12,11,0.0043802261394868935
K12n109,12,11,0.001288318211423177
K12n11,12,11,0.0022509962530548621
K12n110,12,12,0.0037688069770880277
K12n111,12,11,0.0053901818729988286
K12n112,12,11,0.0025048173280194544
K12n113,12,11,0.001649594312885305
K12n114,12,11,0.0023968545746670916
K12n115,12,12,0.0014913780317942459
K12n116,12,11,0.019660038129152499
K12n117,12,11,0.0015730507067246797
K12n118,12,12,0.007978001749804977
K12n119,12,11,0.0018418313823346782
K12n12,12,11,0.00147501356573111
K12n120,12,11,0.00046163228228019554
K12n121,12,10,0.0039445734028753154
K12n122,12,11,0.00051414510551139642
K12n123,12,11,0.00060760517281674268
K12n124,12,11,0.00026107518228844409
K12n125,12,11,0.0013959879456915218
K12n126,12,11,0.0014294003918884184
K12n127,12,11,0.0030175812171782447
K12n128,12,11,0.00053246389963339019
K12n129,12,11,0.0030592367429324299
K12n13,12,11,0.0013847247221855782
K12n130,12,11,0.00010070710838217217
K12n131,12,11,0.0073551460706982466
K12n132,12,12,0.0022028347348915177
K12n133,12,12,0.0093684220109861664
K12n134,12,11,0.00087996917814022694
K12n135,12,11,0.0011261080567193805
K12n136,12,12,0.00045370810224427949
K12n137,12,11,0.0022511002591297916
K12n138,12,12,0.00058074790206498526
K12n139,12,11,0.0033783098781925151
K12n14,12,11,0.0015166626710974452
K12n140,12,11,0.0061136841959498244
K12n141,12,11,0.0036672038215225977
K12n142,12,11,0.0039342316923745083
K12n143,12,11,0.0095281788219453052
K12n144,12,11,0.001894378858284566
K12n145,12,10,3.9321425515580059e-05
K12n146,12,11,0.00042271886339950888
K12n147,12,11,0.00036414682711874901
K12n148,12,11,0.00085235491505875223
K12n149,12,11,0.0022486223336981768
K12n15,12,11,0.0083517006027908815
K12n150,12,11,0.00069810476063891444
K12n151,12,11,0.0027566372638076829
K12n152,12,11,0.002373443818530465
K12n153,12,11,0.0034985854918915742
K12n154,12,11,0.0026298764767665691
K12n155,12,11,0.0012614533731409715
K12n156,12,11,0.00016494451076711929
K12n157,12,11,0.0054362615622518522
K12n158,12,11,0.0014900051816392791
K12n159,12,11,0.0033918092503084619
K12n16,12,11,0.0028169146802072471
K12n160,12,11,0.0027915506842024003
K12n161,12,11,0.0051439294573481309
K12n162,12,11,0.00065699883723689657
K12n163,12,11,0.001710416136513671
K12n164,12,11,0.0036207325952535381
K12n165,12,11,0.00013697496815004111
K12n166,12,11,0.0012246904546800315
K12n167,12,11,0.0017321646665019235
K12n168,12,11,0.009416383945715711
K12n169,12,11,0.0012920649427392416
K12n17,12,11,0.0054389782796307098
K12n170,12,11,0.0037597035274761926
K12n171,12,11,0.0029941605802903896
K12n172,12,11,0.0013106450819710804
K12n173,12,11,0.00019029875076499332
K12n174,12,11,0.0021399807895646147
K12n175,12,11,0.0031117621254391232
K12n176,12,11,0.0009805365292757291
K12n177,12,11,0.00098442848032525123
K12n178,12,11,0.00037706459045271887
K12n179,12,11,0.0029092658416320469
K12n18,12,11,0.0040678048924364428
K12n180,12,11,0.0033184822795426791
K12n181,12,11,0.0017790003754880835
K12n182,12,11,0.0006327698431178784
K12n183,12,11,0.0020305167537630797
K12n184,12,11,0.0023182432987815639
K12n185,12,11,0.0023070471854580582
K12n186,12,11,0.010322354093337538
K12n187,12,11,0.0033467797383373234
K12n188,12,10,0.0046882418587268658
K12n189,12,10,0.0012877936180299609
K12n19,12,11,0.012394548402370332
K12n190,12,11,0.010963797226828251
K12n191,12,11,0.0017797134904787688
K12n192,12,11,0.00045375161135589382
K12n193,12,11,0.0056603916377259813
K12n194,12,11,0.00093954148979216202
K12n195,12,11,0.0024330647861279683
K12n196,12,11,0.003439073908674459
K12n197,12,11,0.00027200691075932449
K12n198,12,11,0.0048452378290361128
K12n199,12,11,0.00033310818915058141
K12n2,12,11,0.001539478058053385
K12n20,12,11,0.00046442998639551045
K12n200,12,11,0.0010267359707867517
K12n201,12,11,4.871402229771113e-05
K12n202,12,11,0.0019963995506019935
K12n203,12,11,0.0033386000845658163
K12n204,12,11,2.8716333043221162e-05
K12n205,12,11,0.00067705989399126885
K12n206,12,11,0.0012227218459072409
K12n207,12,11,0.003789771645509042
K12n208,12,11,0.0038810465424841856
K12n209,12,11,0.00075816762870069266
K12n21,12,11,0.0026109055399246191
K12n210,12,12,0.00059591202250872241
K12n211,12,11,0.0037854981631731317
K12n212,12,11,0.0004316071634261284
K12n213,12,11,0.004530413507430938
K12n214,12,11,0.00060770458630697089
K12n215,12,11,0.00052239858021818522
K12n216,12,11,0.0025558169518289306
K12n217,12,11,0.0013361520123867199
K12n218,12,11,0.0015089497047390413
K12n219,12,11,0.00018164370502247234
K12n22,12,11,0.0010798471720832883
K12n220,12,11,0.0013254770525915447
K12n221,12,11,0.00014438182518638253
K12n222,12,11,0.0018099241390475526
K12n223,12,11,0.0074849255284530547
K12n224,12,11,0.0017533262273180003
K12n225,12,11,0.0064428162440988363
K12n226,12,11,0.00042425645497386259
K12n227,12,11,0.0018787821175652968
K12n228,12,11,0.0002254505871898928
K12n229,12,12,0.0025395072626242915
K12n23,12,12,0.0032490770159796325
K12n230,12,11,2.522182675748641e-05
K12n231,12,12,0.00024100534935052721
K12n232,12,11,0.0037781498686783018
K12n233,12,11,0.0084805333256702618
K12n234,12,11,0.014909402875848384
K12n235,12,11,0.011456677669655422
K12n236,12,11,0.0030771221721634331
K12n237,12,11,0.00011196005943284571
K12n238,12,11,9.6502000064287909e-05
K12n239,12,11,0.00048599497443224123
K12n24,12,10,3.6119846383175884e-05
K12n240,12,11,0.0012818411491034355
K12n241,12,11,0.001104011362284086
K12n242,12,10,0.00036708895847326024
K12n243,12,11,0.0027905737368948765
K12n244,12,11,0.0045793886915587783
K12n245,12,11,0.0021871128179890269
K12n246,12,11,0.00077692598888213387
K12n247,12,11,0.017853463334003967
K12n248,12,11,0.0057120626443945815
K12n249,12,11,0.0040696836869886961
K12n25,12,10,0.0021969868081847931
K12n250,12,11,0.0057452289784169098
K12n251,12,11,0.0021314286455639308
K12n252,12,11,0.0064012801896874954
K12n253,12,10,0.0013916880423577209
K12n254,12,11,0.010474620936670518
K12n255,12,11,0.001129779430704074
K12n256,12,11,0.000364183294319077
K12n257,12,11,0.013387180547083337
K12n258,12,11,0.0019902056775548123
K12n259,12,11,0.0080684849986344849
K12n26,12,11,0.00112089149822647
K12n260,12,11,0.00018395297606409508
K12n261,12,11,0.004276422008691356
K12n262,12,11,0.00329969171441032
K12n263,12,11,0.0009398280686283997
K12n264,12,11,0.00082767317922274593
K12n265,12,11,0.00012137947209229298
K12n266,12,11,0.003712416582902485
K12n267,12,11,0.00096237562066431987
K12n268,12,11,0.0019401101719432137
K12n269,12,11,0.0068727393412835961
K12n27,12,11,0.00015568278688303256
K12n270,12,11,0.00020024578530211795
K12n271,12,10,0.011911067363304741
K12n272,12,11,0.0040446226404975329
K12n273,12,11,0.0028092771172507553
K12n274,12,10,0.0016423830821625227
K12n275,12,10,0.0010501382197334425
K12n276,12,11,0.00042659829192447839
K12n277,12,11,0.00056127603209034794
K12n278,12,10,0.0065934395710736298
K12n279,12,11,0.00030400755300089504
K12n28,12,11,0.00060455427164734046
K12n280,12,11,0.0043792266079130757
K12n281,12,11,0.0020600348857246543
K12n282,12,10,0.001782224052590579
K12n283,12,11,0.0002207666183305389
K12n284,12,11,0.0023044690088434038
K12n285,12,10,0.0018914964739280356
K12n286,12,11,0.0032381870581497541
K12n287,12,11,0.0071676721271110933
K12n288,12,11,0.0067632590425249261
K12n289,12,12,0.0021635127546499257
K12n29,12,11,0.0015141844293057598
K12n290,12,11,0.0011472847338015557
K12n291,12,11,0.0028762015669239038
K12n292,12,12,0.0016754145345166218
K12n293,12,10,0.003632626610691538
K12n294,12,11,0.0066721271077241013
K12n295,12,11,0.00013626368822437914
K12n296,12,11,0.0014971945115170614
K12n297,12,11,0.00059038688488329981
K12n298,12,11,0.0030025681105873936
K12n299,12,11,0.0027701208926657118
K12n3,12,11,0.0039848643153850309
K12n30,12,11,0.00074810384764074868
K12n300,12,11,0.0023773504822398269
K12n301,12,11,0.0023183669933200652
K12n302,12,11,0.00070563183486237375
K12n303,12,11,0.0011120196580764925
K12n304,12,12,0.0026199943789410977
K12n305,12,12,0.0037324302473699909
K12n306,12,11,0.0056586259912227094
K12n307,12,12,0.00031344884178041607
K12n308,12,12,0.013633915305975099
K12n309,12,10,0.0014633914766130451
K12n31,12,11,0.0028205971832293919
K12n310,12,11,0.0026977049705179655
K12n311,12,10,0.0022191263692212344
K12n312,12,10,8.3939443125161385e-05
K12n313,12,11,0.00041854068047953336
K12n314,12,11,0.0036497569083403934
K12n315,12,11,0.0015034365973689353
K12n316,12,11,0.0010007207805566951
K12n317,12,11,0.0026488691523612455
K12n318,12,10,0.0027752193222236646
K12n319,12,10,0.0045946497038383662
K12n32,12,11,0.00016905913061356171
K12n320,12,11,0.00066257714833661613
K12n321,12,10,0.0060503208093880797
K12n322,12,10,0.0014630390100351578
K12n323,12,10,0.0062606179366199175
K12n324,12,11,0.011903201325149142
K12n325,12,11,0.0025450879452978575
K12n326,12,11,0.0074575131072501218
K12n327,12,11,4.6148467355142067e-05
K12n328,12,10,0.0032578848304454944
K12n329,12,11,0.0015387708923698435
K12n33,12,11,0.0025108990579280678
K12n330,12,10,0.001658887928448834
K12n331,12,11,0.02630677007508395
K12n332,12,11,0.0015868960109556838
K12n333,12,10,0.0025029354640004674
K12n334,12,11,0.0022847182948141842
K12n335,12,10,0.0016872634589230396
K12n336,12,11,0.0014281840161614486
K12n337,12,11,0.0035495845604347955
K12n338,12,11,0.0022704464149437887
K12n339,12,11,0.0061310415565066171
K12n34,12,11,0.0020755466054361484
K12n340,12,10,0.0067347102893010212
K12n341,12,11,0.0054199967109638189
K12n342,12,11,0.0046168145868254644
K12n343,12,10,0.0008717235601723661
K12n344,12,10,0.0002579176804660594
K12n345,12,10,0.0026627800353318026
K12n346,12,11,0.0002360009638916748
K12n347,12,11,0.0017035996531114606
K12n348,12,11,0.0017167374114184484
K12n349,12,11,0.0013622817529893375
K12n35,12,11,3.1888016211234709e-06
K12n350,12,11,0.0056898695089983835
K12n351,12,11,0.00047815464935353259
K12n352,12,11,0.0015833456132272156
K12n353,12,11,0.00071670795815369009
K12n354,12,11,0.0071200047983803732
K12n355,12,11,0.0032312975205461064
K12n356,12,10,0.001275226785607029
K12n357,12,11,0.00043024144096965667
K12n358,12,10,0.0021391146801830727
K12n359,12,11,0.0017641833269628456
K12n36,12,11,0.0029857469774760143
K12n360,12,10,0.0051225826248552262
K12n361,12,11,0.0065084703255992192
K12n362,12,10,4.9030733455724395e-05
K12n363,12,11,0.0043176712262163516
K12n364,12,11,0.0045266203217694144
K12n365,12,11,0.0027727296889691446
K12n366,12,11,0.003361369058266991
K12n367,12,11,0.0012416527071183055
K12n368,12,11,0.0036379540027426409
K12n369,12,11,0.024266871769813955
K12n37,12,11,0.0044762827154876377
K12n370,12,10,0.00012283879007809884
K12n371,12,10,0.00091967682147624111
K12n372,12,11,0.0018481563652034941
K12n373,12,11,0.0020189831108480189
K12n374,12,11,8.2828779558893323e-05
K12n375,12,11,0.0029134259386586142
K12n376,12,11,0.008237551499106063
K12n377,12,10,0.0093693663006873366
K12n378,12,11,0.0021734452698684791
K12n379,12,11,0.0077113623964992469
K12n38,12,11,0.0010489659172766052
K12n380,12,11,0.00035818718629604054
K12n381,12,11,0.0013981367695351579
K12n382,12,11,0.0052818636983670026
K12n383,12,11,0.0060588560889069431
K12n384,12,11,0.0015858608636473575
K12n385,12,10,0.0068416897057230813
K12n386,12,11,0.0027838477565961389
K12n387,12,11,0.0018037692428661035
K12n388,12,11,0.0027644601339399748
K12n389,12,11,0.004536145090023134
K12n39,12,11,0.00035982610119170448
K12n390,12,11,0.0031163571129257518
K12n391,12,11,0.008145055425323202
K12n392,12,11,0.00068136389057077353
K12n393,12,11,0.00025261115737590053
K12n394,12,11,0.0030822473928750894
K12n395,12,10,0.00045986720908497761
K12n396,12,11,0.0059332178920007035
K12n397,12,11,0.0035064169629731201
K12n398,12,11,0.0026759309615243918
K12n399,12,11,0.0011451641867824729
K12n4,12,11,0.00093880091974748721
K12n40,12,11,0.0016545727577719149
K12n400,12,11,0.0035063671107706316
K12n401,12,11,0.0073104971599699808
K12n402,12,11,0.0026772189593799066
K12n403,12,10,0.0045989722198193344
K12n404,12,11,0.0049801723367775604
K12n405,12,11,0.0011301057060398485
K12n406,12,11,0.00021200660316833336
K12n407,12,10,0.0053390502784944546
K12n408,12,11,0.00046090803250043333
K12n409,12,11,0.00039055991863476489
K12n41,12,10,0.0084236267951027406
K12n410,12,11,0.00088322560390932398
K12n411,12,11,0.0029321399938168863
K12n412,12,10,0.0056490984919425995
K12n413,12,10,0.0018077954884512368
K12n414,12,10,0.0088369519765756285
K12n415,12,11,0.0014437825157533008
K12n416,12,11,0.0052318291392124371
K12n417,12,11,0.00036803855463592855
K12n418,12,11,0.0050009924909391228
K12n419,12,11,0.00068005612837504297
K12n42,12,11,0.0052980042155561045
K12n420,12,11,8.4411576957627753e-05
K12n421,12,11,0.00014360265553068377
K12n422,12,11,0.00097196801335236243
K12n423,12,11,0.0082518648369442581
K12n424,12,10,0.0001278837329524831
K12n425,12,10,0.00024821130039703019
K12n426,12,10,0.015442840124326831
K12n427,12,11,0.0024787622505132102
K12n428,12,11,0.0024083338585880226
K12n429,12,11,0.0059561117336581941
K12n43,12,11,7.9603154319562666e-05
K12n430,12,11,0.0034747703162365667
K12n431,12,11,9.3798744540340092e-05
K12n432,12,11,0.013381133394709048
K12n433,12,11,0.0030396813035498253
K12n434,12,11,9.7829109757333716e-05
K12n435,12,11,0.0020518847004276906
K12n436,12,11,0.0057671305088481065
K12n437,12,12,0.00076091170470933339
K12n438,12,10,0.0078419843898560777
K12n439,12,10,0.0015447469508522067
K12n44,12,11,0.0029196580141186272
K12n440,12,11,0.002202361548921181
K12n441,12,11,6.5808387888532674e-06
K12n442,12,11,0.0016426791313364532
K12n443,12,10,0.0030102880929094239
K12n444,12,11,0.0071628496049049601
K12n445,12,11,0.0030990048553427595
K12n446,12,11,0.00023209893484808639
K12n447,12,11,9.695967254212299e-05
K12n448,12,11,0.00035754883045646045
K12n449,12,11,0.0028522218799084463
K12n45,12,11,0.00062886122805321854
K12n450,12,11,0.00070595386655197487
K12n451,12,10,0.0039511181166177285
K12n452,12,10,0.01013107460032751
K12n453,12,11,0.0077325094410178232
K12n454,12,11,0.00057600018230664126
K12n455,12,11,0.0021197555183686866
K12n456,12,11,0.0020254450777427969
K12n457,12,11,0.001225568567162159
K12n458,12,11,0.00013739665859874962
K12n459,12,11,0.0029397721007228313
K12n46,12,11,0.0051346085334159517
K12n460,12,11,0.012194924933634632
K12n461,12,11,0.0013466679582852892
K12n462,12,10,0.007361531179512353
K12n463,12,11,0.0031228736529657899
K12n464,12,11,0.002123153808580715
K12n465,12,11,0.00044270744045857703
K12n466,12,11,0.013582698379785534
K12n467,12,11,2.9052136522666682e-05
K12n468,12,10,0.0036604356672535021
K12n469,12,11,0.0069407636625833137
K12n47,12,11,0.0031289632032594555
K12n470,12,11,0.0029295778799044944
K12n471,12,10,0.00040754630260127531
K12n472,12,11,0.0030828592126681668
K12n473,12,11,0.0016057909397041994
K12n474,12,10,0.00052772522813381224
K12n475,12,10,0.0037183167653198172
K12n476,12,11,5.9123727746349771e-05
K12n477,12,10,0.0017979573218666457
K12n478,12,10,0.00012020535683957122
K12n479,12,11,0.00045298903779235252
K12n48,12,11,0.001182090617126491
K12n480,12,11,0.001183544631103664
K12n481,12,10,0.00056380503653790867
K12n482,12,11,0.0012500870663813663
K12n483,12,11,0.01004024412798591
K12n484,12,10,0.0012920807497043961
K12n485,12,10,0.0014458138534994142
K12n486,12,10,0.0022910879816904076
K12n487,12,11,0.0024841849653275397
K12n488,12,10,0.0016560109643123885
K12n489,12,11,0.00015330251245210675
K12n49,12,11,0.0013793760686058396
K12n490,12,11,0.0048971107224882087
K12n491,12,11,0.00037803047747877951
K12n492,12,10,0.010823066051359374
K12n493,12,11,0.002213140778415315
K12n494,12,11,0.00061795858748312069
K12n495,12,11,0.00091093085890667105
K12n496,12,11,0.0040737454294360832
K12n497,12,11,0.0044942692250894136
K12n498,12,11,0.0084852695627644151
K12n499,12,11,0.0032129972378392977
K12n5,12,11,0.0054264097070527107
K12n50,12,11,0.00073117689810791469
K12n500,12,12,0.00089067917966521111
K12n501,12,12,0.00053460673712747817
K12n502,12,11,0.0038565411954818805
K12n503,12,11,0.0035129099807908277
K12n504,12,11,0.0058908909995115475
K12n505,12,11,0.002380735579252322
K12n506,12,11,0.0028190486271911608
K12n507,12,11,0.0024580212137586223
K12n508,12,11,0.00013691590125289592
K12n509,12,11,0.00024655880194540382
K12n51,12,11,0.0032181791227680347
K12n510,12,11,0.00076553298455121191
K12n511,12,11,0.00021955927684000931
K12n512,12,11,0.0066343621910647226
K12n513,12,11,0.0049831367700713799
K12n514,12,11,0.0040926425263739926
K12n515,12,11,0.0038356287610215468
K12n516,12,11,4.3910979570498255e-05
K12n517,12,11,0.0011740351882026023
K12n518,12,11,0.0018149892251611253
K12n519,12,11,0.00035399909275320927
K12n52,12,11,0.00046295200199313697
K12n520,12,11,0.013887541774728653
K12n521,12,11,0.0030577592645173787
K12n522,12,11,0.003322574026273787
K12n523,12,11,0.00093596313752878355
K12n524,12,11,0.0029613368084436919
K12n525,12,11,0.00011750507208269506
K12n526,12,11,0.0065424248051582784
K12n527,12,11,0.0050319937373481454
K12n528,12,11,0.00019570913157453479
K12n529,12,11,0.004115224350894107
K12n53,12,11,0.0044882881265802558
K12n530,12,11,0.0022974625102005538
K12n531,12,11,0.00086031684531899457
K12n532,12,11,0.0038018365477836737
K12n533,12,11,0.0044000181072976702
K12n534,12,10,0.00054971388572110655
K12n535,12,11,0.018881503620050283
K12n536,12,11,0.0077749145217404173
K12n537,12,11,0.0041446780153132573
K12n538,12,11,0.0025535032251742581
K12n539,12,11,0.0029553124332845262
K12n54,12,11,0.0020712441251437464
K12n540,12,11,0.00054725623410938323
K12n541,12,11,0.0002827025923996922
K12n542,12,11,0.00018169661092992258
K12n543,12,11,0.0013992465366180836
K12n544,12,11,0.00066180920495103441
K12n545,12,11,0.00063785062064557598
K12n546,12,11,0.0017464940795543682
K12n547,12,11,0.0075661869594671402
K12n548,12,10,0.0031863786858719457
K12n549,12,11,0.0029277949696512491
K12n55,12,11,0.00076002391768614623
K12n550,12,11,0.002544989615913454
K12n551,12,11,0.0041488634500043906
K12n552,12,11,0.00045012771984878186
K12n553,12,11,0.0031188707805484489
K12n554,12,11,0.00014986461389203474
K12n555,12,11,0.0017663242866326008
K12n556,12,11,0.0042390555145612428
K12n557,12,11,1.7646072119141442e-05
K12n558,12,11,0.00066108977356053368
K12n559,12,11,8.5362757403467865e-05
K12n56,12,12,0.00096001804777215796
K12n560,12,11,0.0048185276950797008
K12n561,12,11,0.0058286853906042877
K12n562,12,10,0.013343248531402651
K12n563,12,10,0.0062829084875000744
K12n564,12,11,0.0006764938581481191
K12n565,12,11,0.0032970854701736777
K12n566,12,11,0.011043435413008505
K12n567,12,11,0.0089287421182409083
K12n568,12,11,0.0016094241683242119
K12n569,12,11,0.001050122340869625
K12n57,12,11,0.0014410661947285332
K12n570,12,11,0.0040334047503093927
K12n571,12,10,0.0047681779018866428
K12n572,12,11,0.0078230292436246122
K12n573,12,10,0.0063579870771714704
K12n574,12,11,0.0092252395349808457
K12n575,12,11,0.0064765715547795803
K12n576,12,11,0.0069597138532525166
K12n577,12,11,0.0027945613765097002
K12n578,12,11,0.0081189969436453839
K12n579,12,11,0.0052411791760198206
K12n58,12,12,0.0013083503973754837
K12n580,12,11,0.0035524245511265044
K12n581,12,11,0.0092559421666111065
K12n582,12,10,0.00021907245320024489
K12n583,12,10,0.00032402520219648891
K12n584,12,11,0.0021243712619073347
K12n585,12,11,0.0065042449645731264
K12n586,12,10,0.0035781641955186351
K12n587,12,11,0.010365747466221733
K12n588,12,11,0.0006743745776142154
K12n589,12,11,0.0049194394596536947
K12n59,12,12,0.0034634523995270422
K12n590,12,11,0.0035394793991649727
K12n591,12,10,0.0071784582634845063
K12n592,12,11,0.0035723793248697258
K12n593,12,11,0.002637818168044852
K12n594,12,11,0.0023053547244981389
K12n595,12,11,0.0024374151690084306
K12n596,12,11,0.0055561082556336893
K12n597,12,11,0.0054160092579436884
K12n598,12,11,0.0028573803938158177
K12n599,12,10,0.0051233843479701197
K12n6,12,11,0.0064208751617112932
K12n60,12,11,0.0021076294537905279
K12n600,12,10,0.0021465229943648636
K12n601,12,11,0.0040011107485745838
K12n602,12,11,4.8136989551578443e-05
K12n603,12,10,0.005448783323783399
K12n604,12,11,0.0071072599556928281
K12n605,12,11,0.0065398936051937664
K12n606,12,11,0.00050624710480829348
K12n607,12,11,0.0050978188852772461
K12n608,12,11,0.0014108361329581705
K12n609,12,10,0.0041028387438294478
K12n61,12,11,0.00040120276803219895
K12n610,12,11,0.0077722216619538079
K12n611,12,11,0.0023243273112074111
K12n612,12,11,0.0015124325290196445
K12n613,12,11,0.00075423084407224064
K12n614,12,11,0.00085779166760893439
K12n615,12,11,0.00085222933029648334
K12n616,12,11,0.0099237819156936247
K12n617,12,11,0.0033745895650870183
K12n618,12,11,1.5290112240238673e-05
K12n619,12,11,0.0045745617534641569
K12n62,12,11,0.00090538690697327003
K12n620,12,11,0.0014919322773930327
K12n621,12,11,0.0016293321301331656
K12n622,12,11,0.0038878018402553755
K12n623,12,11,0.0011487739484333449
K12n624,12,11,0.0070856826058048874
K12n625,12,11,0.002248905289372933
K12n626,12,11,0.00058702819282287948
K12n627,12,11,0.00051479181374691643
K12n628,12,11,0.0033486648687706582
K12n629,12,11,0.0012653917605708984
K12n63,12,12,0.00027311677512139996
K12n630,12,11,0.0016899674326547988
K12n631,12,11,0.00072237409993442089
K12n632,12,11,0.0024724674826254096
K12n633,12,11,0.0027460609680396313
K12n634,12,11,0.00058428504313196136
K12n635,12,11,0.0076005038142878843
K12n636,12,11,0.00027868559519617509
K12n637,12,11,0.0023675046279541686
K12n638,12,11,0.0021347083973996522
K12n639,12,11,0.0024493463244868938
K12n64,12,11,0.0013667918153436038
K12n640,12,11,0.00025599068739775514
K12n641,12,11,0.0023644197864074877
K12n642,12,11,0.0052980107938899301
K12n643,12,11,0.00033902761379941818
K12n644,12,11,0.0012691413230798225
K12n645,12,10,0.00033744249728616529
K12n646,12,10,0.00015701615758904202
K12n647,12,11,0.011160094215288434
K12n648,12,11,0.00051458927445582523
K12n649,12,11,0.00019578446323525257
K12n65,12,11,0.00015498455349264746
K12n650,12,11,0.0025185300450299868
K12n651,12,11,0.00013662016655604649
K12n652,12,11,0.0013995212548512774
K12n653,12,11,0.0077735615821662735
K12n654,12,11,0.0012705052327709719
K12n655,12,11,0.0012732010886479289
K12n656,12,11,0.0012708430325550205
K12n657,12,10,0.0034470130935695532
K12n658,12,11,0.0053017789072574428
K12n659,12,10,0.001782553171454824
K12n66,12,11,0.00032149278532808662
K12n660,12,11,0.0025110600035694397
K12n661,12,10,0.001072737977368346
K12n662,12,10,0.0015692542530077432
K12n663,12,11,0.00014109480950318974
K12n664,12,11,0.00056123119062531526
K12n665,12,11,0.0042979048415525377
K12n666,12,11,0.00034473100390027797
K12n667,12,11,0.0049144809108140827
K12n668,12,11,0.00011141895804457535
K12n669,12,11,0.0007028398449391651
K12n67,12,11,0.00054636915615083
K12n670,12,12,0.0021328710168121764
K12n671,12,12,0.00091229358858591558
K12n672,12,11,0.0023891816753878791
K12n673,12,12,0.00022619474279470162
K12n674,12,11,0.0030969772027244482
K12n675,12,11,0.0029027094808190784
K12n676,12,12,0.0021763805292939536
K12n677,12,11,0.0045278049402223955
K12n678,12,11,0.0076586612526523355
K12n679,12,12,0.0043221714684419238
K12n68,12,11,0.0073312127696964777
K12n680,12,12,0.008652765288959802
K12n681,12,12,0.015510568164345073
K12n682,12,12,0.0010284692484583738
K12n683,12,11,0.00057745637583017379
K12n684,12,11,1.3798022304142285e-05
K12n685,12,11,0.0036943451246576123
K12n686,12,11,0.0005460462839275746
K12n687,12,11,0.00075330524439657937
K12n688,12,11,0.0087895795819052276
K12n689,12,11,0.00022019482858857641
K12n69,12,11,0.0003630295237260911
K12n690,12,11,0.00049440131822830482
K12n691,12,12,0.015246110233708546
K12n692,12,11,0.0023593560191605824
K12n693,12,12,0.0028497404971073457
K12n694,12,11,0.0026852281968422257
K12n695,12,10,0.0012888769620594616
K12n696,12,11,0.0033222937396374078
K12n697,12,11,0.00063446393248225541
K12n698,12,11,0.00035294579462703021
K12n699,12,11,0.00020640107802431587
K12n7,12,11,4.5366935281665828e-05
K12n70,12,11,0.00058073393303185051
K12n700,12,11,0.0033422447268979345
K12n701,12,11,0.0042306694814203006
K12n702,12,10,0.0023780884465534145
K12n703,12,10,0.0067149289281715624
K12n704,12,10,0.0009123266843906136
K12n705,12,11,0.0039195178084071467
K12n706,12,11,0.0012488031768175933
K12n707,12,11,0.014094942521659597
K12n708,12,10,0.0076096776624727932
K12n709,12,10,7.9752771101748051e-05
K12n71,12,11,0.0031941811637267985
K12n710,12,11,0.0040386092282004172
K12n711,12,10,0.00014286438391723411
K12n712,12,11,0.0003624353468483308
K12n713,12,11,0.0057838692361769839
K12n714,12,10,0.00010541809506393993
K12n715,12,11,0.0043529636599766398
K12n716,12,10,0.0010344375151317385
K12n717,12,11,0.0011462206818191011
K12n718,12,11,0.0041346297025418042
K12n719,12,11,0.00077202636283635285
K12n72,12,11,0.00083181331901050631
K12n720,12,11,3.3581372819071963e-05
K12n721,12,12,0.00078936971528277306
K12n722,12,12,0.0029154138011305395
K12n723,12,12,0.0060681455845734665
K12n724,12,12,0.001991891727835168
K12n725,12,10,0.0054675021800508605
K12n726,12,12,0.0047761456425500547
K12n727,12,11,0.003236955543229089
K12n728,12,11,0.00040073051234712579
K12n729,12,11,0.0015012270994814061
K12n73,12,11,0.0021640522329001558
K12n730,12,10,0.0040759258811575031
K12n731,12,11,0.00042529413271637017
K12n732,12,11,0.0030220073700029096
K12n733,12,11,0.0056063163105386175
K12n734,12,11,0.0010214945726280051
K12n735,12,11,0.0054730353006186725
K12n736,12,11,0.0025072588475715308
K12n737,12,11,0.0083024924343606098
K12n738,12,11,0.0025795666583899642
K12n739,12,11,0.0029539121231781313
K12n74,12,11,0.00078608431476271073
K12n740,12,11,0.0093759594422000471
K12n741,12,11,0.0018660591694921417
K12n742,12,11,0.0062492023491686234
K12n743,12,11,0.0034074057509825132
K12n744,12,11,0.0063501367373243901
K12n745,12,11,0.0013608093900248626
K12n746,12,11,0.0050585307704264807
K12n747,12,10,0.00067999736660360229
K12n748,12,10,0.0041801370323717325
K12n749,12,10,0.0015077557429910404
K12n75,12,11,0.0049588847277325532
K12n750,12,11,0.00095754207711841075
K12n751,12,10,0.010027718747640723
K12n752,12,11,0.0030584549068684731
K12n753,12,11,0.0023099483183834572
K12n754,12,10,0.0013375631103722419
K12n755,12,11,0.0027958164810533595
K12n756,12,11,0.00032140690486692465
K12n757,12,11,0.0064258848179051427
K12n758,12,11,0.0010545118821488212
K12n759,12,11,0.0016826140800646346
K12n76,12,11,0.0010572959463144907
K12n760,12,11,0.00013050360854863349
K12n761,12,11,0.0026983665701556651
K12n762,12,11,0.00095897685629261413
K12n763,12,11,0.0033688025967924646
K12n764,12,11,0.0020049299634567349
K12n765,12,11,0.0058441499617475625
K12n766,12,11,0.0018179629796200305
K12n767,12,10,0.0011739120695482153
K12n768,12,11,0.0082973889345029882
K12n769,12,11,0.0035103728338967202
K12n77,12,11,7.2397899654569041e-05
K12n770,12,11,0.00051301763786397003
K12n771,12,11,0.00014711623727661281
K12n772,12,10,0.00073618758898932955
K12n773,12,11,0.00098412956769065103
K12n774,12,11,0.004274905254769183
K12n775,12,11,0.0016805640547979848
K12n776,12,11,0.00067037008151386683
K12n777,12,11,0.0023467026364563386
K12n778,12,10,0.0020886348435617372
K12n779,12,11,0.0022598920544439293
K12n78,12,11,0.0042896140161417934
K12n780,12,11,0.00041291922714698409
K12n781,12,11,0.0022697163650244236
K12n782,12,10,0.0047540594674244886
K12n783,12,11,0.00039025711051850117
K12n784,12,11,0.002805495946458457
K12n785,12,11,0.0019274237510104486
K12n786,12,11,0.0023555923879161438
K12n787,12,10,0.0008853406658660746
K12n788,12,11,0.00068713905330857969
K12n789,12,11,0.00024329997227518635
K12n79,12,11,0.0079049611596626324
K12n790,12,10,0.0019411292449315201
K12n791,12,11,0.00024870892152292523
K12n792,12,10,0.00096925044781807587
K12n793,12,11,0.0030717940132028252
K12n794,12,11,0.013963140930585283
K12n795,12,11,0.00044077560645096526
K12n796,12,11,0.0032244595542346315
K12n797,12,11,0.00089498439843613015
K12n798,12,10,0.00067607444509284076
K12n799,12,11,0.00078837049224803643
K12n8,12,11,0.0010057342821769872
K12n80,12,11,0.0017592993152064952
K12n800,12,11,0.00051992507304532897
K12n801,12,11,0.0016247209306929024
K12n802,12,10,0.005451974260758519
K12n803,12,11,0.00010472362136974194
K12n804,12,11,0.00043250691907670898
K12n805,12,11,0.0053089622253592178
K12n806,12,11,0.0014028648263785545
K12n807,12,10,5.4520563632039614e-05
K12n808,12,11,0.0051925649148660104
K12n809,12,10,0.00076128883891015027
K12n81,12,11,0.001450537888374541
K12n810,12,11,0.0014148011766017745
K12n811,12,10,0.001872181749235326
K12n812,12,11,0.00037859644002815744
K12n813,12,11,0.0016551968404035237
K12n814,12,11,0.0027259565899438939
K12n815,12,11,0.0028468691690073803
K12n816,12,11,0.0026266082053970326
K12n817,12,11,0.0020671362373028785
K12n818,12,11,0.0018777958658078311
K12n819,12,10,0.0018415491056728425
K12n82,12,12,7.5318673802398633e-06
K12n820,12,11,0.0023107867118915626
K12n821,12,10,0.016912354223859748
K12n822,12,11,0.0012810088581734944
K12n823,12,11,0.0038014719087462873
K12n824,12,11,0.0049389509613791118
K12n825,12,11,0.00049781365702436856
K12n826,12,11,0.0038893128175153864
K12n827,12,11,0.00038858974357974471
K12n828,12,11,0.0017382882453738724
K12n829,12,10,0.0086303396579966926
K12n83,12,11,0.0003528088022855019
K12n830,12,11,0.017874085611280951
K12n831,12,10,0.0019319307044548995
K12n832,12,11,0.0029790583308360666
K12n833,12,11,0.0062007146406439541
K12n834,12,11,0.0044315215001036875
K12n835,12,11,0.0045713281314049264
K12n836,12,11,0.0040497712809586216
K12n837,12,11,0.0007334789026068317
K12n838,12,11,0.011128131045666361
K12n839,12,11,5.2621731025317438e-05
K12n84,12,11,0.0083247060085166243
K12n840,12,11,4.3257168187742666e-05
K12n841,12,11,0.0005698770010411138
K12n842,12,11,0.0016112186937531491
K12n843,12,11,0.0045391519375567709
K12n844,12,11,0.0007907589678737639
K12n845,12,11,0.0029039716715040017
K12n846,12,11,0.00029223149387330879
K12n847,12,11,0.0023342275002362473
K12n848,12,11,0.003202621456530547
K12n849,12,11,0.0011939760439358803
K12n85,12,11,0.0018024526383512429
K12n850,12,11,0.0022934989728458132
K12n851,12,11,0.0021424699384798738
K12n852,12,10,0.0082375695589139691
K12n853,12,11,0.0077640161115351287
K12n854,12,11,0.0099898318911912538
K12n855,12,11,0.0015322626093600496
K12n856,12,11,0.005104177710685511
K12n857,12,11,0.0058930255514264415
K12n858,12,11,0.00048026280598004531
K12n859,12,11,0.00028516710028358402
K12n86,12,11,0.0017297297272591183
K12n860,12,11,0.012717753101621458
K12n861,12,11,0.00039907266060239737
K12n862,12,11,0.00014358883853808922
K12n863,12,11,0.00054212984729493064
K12n864,12,11,0.0023117226423172007
K12n865,12,10,0.00046830957512014311
K12n866,12,10,0.00030516883752557334
K12n867,12,11,0.00016140148591488093
K12n868,12,11,0.00090469971388891914
K12n869,12,11,0.0011772297629627866
K12n87,12,12,0.0017539061179455355
K12n870,12,11,0.0033101075183728764
K12n871,12,11,0.0021696645410062333
K12n872,12,11,0.00070219616303135305
K12n873,12,11,0.0009997496970301856
K12n874,12,11,0.00024093918155937194
K12n875,12,11,0.0010355848762888639
K12n876,12,11,0.016023037844522421
K12n877,12,11,0.0021040220995994872
K12n878,12,11,0.001641335756402982
K12n879,12,11,0.002569717915273168
K12n88,12,12,0.00077480357585444574
K12n880,12,11,0.0010220666478893987
K12n881,12,11,0.00026970407017672522
K12n882,12,11,0.00039640894708810494
K12n883,12,11,0.0016924849551362552
K12n884,12,11,0.0038416797946205831
K12n885,12,11,0.007229968488529295
K12n886,12,11,0.00021322075253850124
K12n887,12,11,0.0017790016703100793
K12n888,12,11,0.006663169037165349
K12n89,12,11,0.00028479267880038788
K12n9,12,11,0.00087115301016123345
K12n90,12,11,0.00068942314238342817
K12n91,12,12,0.0030983776676352134
K12n92,12,12,0.0018920503491746308
K12n93,12,12,0.0031785558426763406
K12n94,12,11,0.0011528415895461083
K12n95,12,11,0.0044883965192423526
K12n96,12,12,0.00055019637848593322
K12n97,12,11,0.00016152594817701716
K12n98,12,11,0.0031261323413822014
K12n99,12,11,0.00088019567139832253
K13a1,13,12,0.0015087545242901286
K13a10,13,13,8.8085572348902872e-05
K13a100,13,13,0.0021199025229593571
K13a1000,13,12,0.001204424627526715
K13a1001,13,13,0.0017942250262087047
K13a1002,13,12,0.017106178869819254
K13a1003,13,13,3.138088557548391e-05
K13a1004,13,12,0.00026539523462534945
K13a1005,13,13,0.004752534812236006
K13a1006,13,13,0.00082156533462885881
K13a1007,13,12,0.0039280458737371137
K13a1008,13,13,0.0016115325248448125
K13a1009,13,12,0.0034485709401247604
K13a101,13,13,0.0039332331934517697
K13a1010,13,12,0.0011468762286504007
K13a1011,13,12,0.00032639715544685154
K13a1012,13,12,0.0062276089585183835
K13a1013,13,12,0.0029668961047475502
K13a1014,13,12,4.9382511161210347e-05
K13a1015,13,12,0.0013387354393736102
K13a1016,13,12,0.001676533542568172
K13a1017,13,12,0.00026856302431306088
K13a1018,13,12,0.00039387926465516272
K13a1019,13,12,0.0042989072372008833
K13a102,13,12,0.00027309216364734725
K13a1020,13,12,0.0018769670164260819
K13a1021,13,13,0.0025094157971148408
K13a1022,13,12,0.0019414447630678585
K13a1023,13,12,0.0025795794529605391
K13a1024,13,13,0.00027473412808821967
K13a1025,13,12,0.0013645395428853249
K13a1026,13,12,0.0014538784036538398
K13a1027,13,12,0.0044250293907404439
K13a1028,13,12,0.0034949380267855143
K13a1029,13,12,0.0051926203460637742
K13a103,13,12,0.00023250968783055111
K13a1030,13,12,0.0022445129944090188
K13a1031,13,12,0.0012031135212239121
K13a1032,13,13,0.00046602764172347816
K13a1033,13,12,0.0020118011830940231
K13a1034,13,12,0.0009247657540441132
K13a1035,13,12,0.0038598360899435515
K13a1036,13,12,0.0012483987483150284
K13a1037,13,13,0.00021256108828890977
K13a1038,13,12,0.0074213593357141698
K13a1039,13,12,0.0051247020596338032
K13a104,13,13,1.3016801400945302e-05
K13a1040,13,12,0.00019845760042217698
K13a1041,13,12,0.0032955374490691411
K13a1042,13,12,0.0019090441875995706
K13a1043,13,13,0.0010667949942967838
K13a1044,13,13,0.0018139803395404448
K13a1045,13,13,0.015804828130648492
K13a1046,13,13,0.0038927858149880776
K13a1047,13,13,0.0030420383773057695
K13a1048,13,13,0.00052600869804356317
K13a1049,13,12,0.0030246116977903736
K13a105,13,13,0.0033428817544323476
K13a1050,13,12,0.0011671044066041633
K13a1051,13,12,0.00056797998960150711
K13a1052,13,12,0.0042451660711781856
K13a1053,13,12,0.0017545547237461563
K13a1054,13,12,0.0021300604694903689
K13a1055,13,12,0.0042181964079668907
K13a1056,13,12,0.0016844289523993796
K13a1057,13,12,0.0008351046034810359
K13a1058,13,12,0.0034363550680402799
K13a1059,13,12,0.0062551510852668973
K13a106,13,13,0.0012341428658592239
K13a1060,13,13,0.0065929170652276568
K13a1061,13,12,0.0066901484563252969
K13a1062,13,12,0.0047746078443489494
K13a1063,13,12,0.00080782216575421247
K13a1064,13,12,7.8976515792253957e-05
K13a1065,13,12,0.0043892797292940074
K13a1066,13,12,0.0016298143259388213
K13a1067,13,12,0.0014540784730446047
K13a1068,13,12,0.0004051217730515267
K13a1069,13,12,0.0024087441664542397
K13a107,13,12,0.001518560524690956
K13a1070,13,12,0.002754327356689918
K13a1071,13,12,0.0032848435308496606
K13a1072,13,12,0.0012266871589941162
K13a1073,13,12,7.7880452192423476e-06
K13a1074,13,13,0.0015275122730134382
K13a1075,13,13,0.0036893973852247081
K13a1076,13,12,0.0002949823259659837
K13a1077,13,12,0.0026752130896959742
K13a1078,13,12,0.0026641417624253313
K13a1079,13,12,0.0010055882457424426
K13a108,13,12,0.00019166795444623165
K13a1080,13,12,0.0054239720097138443
K13a1081,13,12,0.0031718723626428798
K13a1082,13,12,0.0016227699686429458
K13a1083,13,12,0.00027512256452845885
K13a1084,13,12,0.00075953493498854196
K13a1085,13,12,7.5237286620962219e-05
K13a1086,13,12,0.0028568441136744699
K13a1087,13,12,2.1228382074326032e-05
K13a1088,13,12,0.0019122458308351762
K13a1089,13,12,0.001102065520021044
K13a109,13,13,0.00065912757063999719
K13a1090,13,12,0.0083983040594387375
K13a1091,13,12,0.0015388525040810422
K13a1092,13,12,0.00071125254670195866
K13a1093,13,12,0.0014877420665749136
K13a1094,13,12,0.0064285070267457159
K13a1095,13,12,0.0012764202919593431
K13a1096,13,13,0.0037995735557246045
K13a1097,13,12,0.0018734911731949613
K13a1098,13,12,0.0042280038028345273
K13a1099,13,12,0.008382563096946849
K13a11,13,12,0.0017817385356605348
K13a110,13,13,0.0020039356261560867
K13a1100,13,13,0.0015693618183397222
K13a1101,13,12,0.0015096119785960056
K13a1102,13,12,0.0089449504082313638
K13a1103,13,13,0.0052995733904463846
K13a1104,13,13,0.00027807278522886227
K13a1105,13,12,0.0022558576965225935
K13a1106,13,12,0.00029788217052491571
K13a1107,13,12,0.0017005108371761766
K13a1108,13,12,0.00063893209982720763
K13a1109,13,12,0.0013325876508186133
K13a111,13,12,0.00018936025940971405
K13a1110,13,12,0.0023819535979557895
K13a1111,13,12,0.00046058513942208993
K13a1112,13,12,0.0040291762237408928
K13a1113,13,12,0.0013002983344635891
K13a1114,13,12,0.0040857878548930301
K13a1115,13,12,5.2841106285636973e-05
K13a1116,13,12,0.0023691941123791045
K13a1117,13,12,0.00064056587415545511
K13a1118,13,12,0.00055696446843971688
K13a1119,13,12,0.0047631284929905687
K13a112,13,13,0.0032135637559938617
K13a1120,13,13,0.00036191566095725305
K13a1121,13,12,0.0012808883172134929
K13a1122,13,12,0.0079929677347153113
K13a1123,13,12,0.001107724094469506
K13a1124,13,12,0.00095089783717323213
K13a1125,13,12,0.0034945223853457227
K13a1126,13,12,0.0014038561425337845
K13a1127,13,12,0.0069615682408647878
K13a1128,13,12,0.00080439417433006953
K13a1129,13,12,6.0787522549822172e-05
K13a113,13,13,0.00048096998968775193
K13a1130,13,12,0.00022733414671307644
K13a1131,13,12,0.0002255388508492406
K13a1132,13,12,0.0029265562006559795
K13a1133,13,12,0.0014165065752520607
K13a1134,13,12,0.004293037118290181
K13a1135,13,12,0.00076731112680709804
K13a1136,13,12,0.0023245712223486483
K13a1137,13,12,0.00060668451152521782
K13a1138,13,12,0.00059599775404623693
K13a1139,13,12,0.0037247579394334472
K13a114,13,13,0.001030644858733127
K13a1140,13,12,0.0075416539940930784
K13a1141,13,12,0.0012334468601609859
K13a1142,13,12,0.0040536747550447847
K13a1143,13,12,0.0067022361837154373
K13a1144,13,12,0.00076754250600887767
K13a1145,13,12,0.0043691945508381996
K13a1146,13,12,0.0042602750257177977
K13a1147,13,12,0.0022658898330752933
K13a1148,13,12,0.0012270707957081867
K13a1149,13,12,0.0013973909777765226
K13a115,13,13,0.0029093729334714862
K13a1150,13,12,0.019503986914948881
K13a1151,13,12,0.0018056835737884618
K13a1152,13,12,0.00015600061545437409
K13a1153,13,13,0.0019186008410896256
K13a1154,13,12,0.0011915827291674754
K13a1155,13,12,0.00041129394609652103
K13a1156,13,13,0.00017898760527816659
K13a1157,13,13,0.0011967236910573852
K13a1158,13,13,0.00041185170120857848
K13a1159,13,13,0.00071945465681196562
K13a116,13,12,0.0015252235730613742
K13a1160,13,12,0.0035984248200744986
K13a1161,13,12,0.0011855295528383771
K13a1162,13,12,0.00092308907488343234
K13a1163,13,12,0.00060418656830444381
K13a1164,13,12,0.0016117247499453878
K13a1165,13,12,0.0012217551282399338
K13a1166,13,13,0.0039469394430599785
K13a1167,13,12,4.6034579561640643e-05
K13a1168,13,12,0.00058397383905279198
K13a1169,13,12,0.0018408353079115715
K13a117,13,13,0.00027136215933667139
K13a1170,13,12,0.0094863304357735555
K13a1171,13,12,0.0014909083349925664
K13a1172,13,13,0.0038036732179296544
K13a1173,13,13,0.0038408705984383849
K13a1174,13,12,0.0017176254931594275
K13a1175,13,12,0.002360512143232376
K13a1176,13,12,0.002057208995688621
K13a1177,13,12,0.0013569259598720015
K13a1178,13,12,0.0009188866289966119
K13a1179,13,12,0.0024145547070371577
K13a118,13,13,0.0035029055364705131
K13a1180,13,12,0.0027416738863906536
K13a1181,13,12,0.0040397661581827605
K13a1182,13,13,0.0027040765438689882
K13a1183,13,13,0.00052618866633136305
K13a1184,13,12,0.0049841095981840739
K13a1185,13,13,0.00058202368453663092
K13a1186,13,12,0.0021508801319821877
K13a1187,13,12,0.00032659944828652813
K13a1188,13,12,0.0015497560201631366
K13a1189,13,12,0.0032871127021886458
K13a119,13,13,0.001606441238011807
K13a1190,13,12,0.0044976071836646363
K13a1191,13,12,0.001206064968067525
K13a1192,13,12,0.00336325384456435
K13a1193,13,12,0.0029859956235916045
K13a1194,13,12,0.00068892037522140048
K13a1195,13,12,0.00052544725353359783
K13a1196,13,12,0.0030931369852166416
K13a1197,13,12,0.0016560506133361992
K13a1198,13,12,0.0011372059314107823
K13a1199,13,12,0.00023436063043489884
K13a12,13,12,0.006176130642875601
K13a120,13,13,0.0002398602399951632
K13a1200,13,12,0.0035146094877703841
K13a1201,13,12,0.0081058841433990919
K13a1202,13,12,0.0017817365307446339
K13a1203,13,12,0.00037666471872082534
K13a1204,13,13,0.0040710607411052748
K13a1205,13,13,0.0036651231362630496
K13a1206,13,13,0.0065818234741929216
K13a1207,13,12,0.0081876142113824664
K13a1208,13,13,0.0033410140839599629
K13a1209,13,12,0.010815475474054889
K13a121,13,12,0.0014788782689216504
K13a1210,13,12,0.0032460914387526744
K13a1211,13,13,0.0014697902070138871
K13a1212,13,13,0.0057340582247283204
K13a1213,13,12,0.0045242872989280404
K13a1214,13,12,0.0030913961109437955
K13a1215,13,13,0.0089258356849000325
K13a1216,13,12,0.0017382012108142855
K13a1217,13,13,0.00069296330456034385
K13a1218,13,12,0.018954638817956216
K13a1219,13,12,0.00028491518284319529
K13a122,13,13,0.0016120347514000854
K13a1220,13,12,0.0074627054977466191
K13a1221,13,12,0.0017543408871146908
K13a1222,13,12,0.0032739022753500518
K13a1223,13,12,0.0029800748319245411
K13a1224,13,12,0.0030294312037831127
K13a1225,13,12,0.0035091119798303211
K13a1226,13,12,0.0016261393456780454
K13a1227,13,12,0.00059496601858875656
K13a1228,13,12,0.00424734340648445
K13a1229,13,13,0.0065157632186240242
K13a123,13,13,5.6707440840260039e-05
K13a1230,13,13,0.0015488474106965997
K13a1231,13,13,0.00065140050876978466
K13a1232,13,13,0.00023405872197875476
K13a1233,13,13,0.007473657666730988
K13a1234,13,13,0.00045503301978001343
K13a1235,13,13,0.00020199112380562989
K13a1236,13,13,0.00022158371433601736
K13a1237,13,12,0.0020983233003392327
K13a1238,13,13,0.0026536509872290351
K13a1239,13,13,0.00067976956206890692
K13a124,13,13,0.0019150186803245344
K13a1240,13,13,0.00059695088387809307
K13a1241,13,13,0.0022356340868882403
K13a1242,13,12,0.0019466540241136285
K13a1243,13,13,0.00064094831923864357
K13a1244,13,12,0.0082799442216370429
K13a1245,13,12,0.012067634011249974
K13a1246,13,13,0.0036751983232950289
K13a1247,13,13,0.0015038708989364527
K13a1248,13,13,0.00058750663880392361
K13a1249,13,12,0.0015323835338176513
K13a125,13,12,0.0011897237112648942
K13a1250,13,13,0.00071815630560176803
K13a1251,13,12,0.0045019774440039914
K13a1252,13,12,0.0016709663136083154
K13a1253,13,12,0.0068586013522875678
K13a1254,13,12,0.0012638913827747041
K13a1255,13,12,0.0011626617675396611
K13a1256,13,12,0.0012624250319586219
K13a1257,13,12,0.00090495805140514932
K13a1258,13,12,0.001259791177540361
K13a1259,13,12,0.00038542443871295603
K13a126,13,12,1.9072365833072477e-05
K13a1260,13,12,0.0021660675490966868
K13a1261,13,12,0.0036659055434944956
K13a1262,13,12,0.00013284743018087661
K13a1263,13,12,0.0024529658886986898
K13a1264,13,12,0.00025317928093752988
K13a1265,13,12,0.0026243728044040679
K13a1266,13,12,0.00080830036156598144
K13a1267,13,12,0.0012965249301042873
K13a1268,13,12,0.00066847788529856547
K13a1269,13,12,0.0024591990313365631
K13a127,13,13,0.00041307515387977584
K13a1270,13,12,0.0027552181694351489
K13a1271,13,12,0.001580942137098407
K13a1272,13,12,0.00029609552651132593
K13a1273,13,13,0.0011215831374543216
K13a1274,13,12,0.018888187946506901
K13a1275,13,12,0.0067917827269888282
K13a1276,13,13,0.004289418615692076
K13a1277,13,12,0.00022643550300078109
K13a1278,13,12,0.00019896629886703886
K13a1279,13,12,0.00017293964535774518
K13a128,13,13,0.0040180236442179619
K13a1280,13,12,0.00056665251795271713
K13a1281,13,12,0.0022744139548516455
K13a1282,13,12,0.00088556673257276033
K13a1283,13,13,0.0093013937430475938
K13a1284,13,12,0.00033330168184105414
K13a1285,13,12,0.00078854946579479839
K13a1286,13,12,0.0038168070728101223
K13a1287,13,12,0.0068554221995328086
K13a1288,13,13,0.0022548999570595478
K13a1289,13,12,0.0016288113331776105
K13a129,13,13,0.0067034667821983624
K13a1290,13,13,0.00058420323284773148
K13a1291,13,12,0.0014640140454124499
K13a1292,13,12,0.0071241489903167681
K13a1293,13,12,0.0016683399287616347
K13a1294,13,12,0.0018532110244976745
K13a1295,13,13,0.00065147679107933508
K13a1296,13,12,0.00059746593001905237
K13a1297,13,12,0.0035972073162231929
K13a1298,13,12,6.2602673607091867e-05
K13a1299,13,12,0.0018913511766753641
K13a13,13,13,0.0066943179769742012
K13a130,13,13,0.0025431870418048939
K13a1300,13,12,0.0016247233996889722
K13a1301,13,12,0.00063182867263225845
K13a1302,13,12,0.0015970324877450531
K13a1303,13,12,0.00011355199326912225
K13a1304,13,12,0.0002990551173837234
K13a1305,13,12,0.0045943825158346746
K13a1306,13,12,0.0081418642627139205
K13a1307,13,12,0.0045237059750373012
K13a1308,13,12,0.0067817564447484515
K13a1309,13,12,0.00034703400351876891
K13a131,13,13,0.0055630862057137465
K13a1310,13,12,0.0079016782279480377
K13a1311,13,12,0.0006788715376536158
K13a1312,13,12,0.0020990749075496195
K13a1313,13,12,0.0020642738475968583
K13a1314,13,12,0.0023013617799460609
K13a1315,13,12,0.010387268192960318
K13a1316,13,12,0.0038734987528462033
K13a1317,13,12,0.00068808229745184898
K13a1318,13,12,0.00051607133452457904
K13a1319,13,12,0.00036481790184851213
K13a132,13,13,0.00056654425979152357
K13a1320,13,12,0.00080897109604316975
K13a1321,13,12,0.002589937149769332
K13a1322,13,12,0.0002207948765469056
K13a1323,13,12,0.00092389269268818301
K13a1324,13,12,0.00075489116552534576
K13a1325,13,12,0.0018617482707811767
K13a1326,13,12,0.001290467416446426
K13a1327,13,12,0.0011414985285840428
K13a1328,13,12,0.0014016452549392301
K13a1329,13,12,0.00058048486342254573
K13a133,13,13,0.0026875482865172098
K13a1330,13,12,0.0003665181962732917
K13a1331,13,12,0.0028286955113010779
K13a1332,13,12,0.0019272144920311565
K13a1333,13,12,3.0153717130083633e-05
K13a1334,13,12,0.0051199822699083113
K13a1335,13,12,0.00093738604760659045
K13a1336,13,12,0.007907180015048379
K13a1337,13,12,0.0020293791643382418
K13a1338,13,12,0.0030805266222984377
K13a1339,13,13,0.0012727718737618405
K13a134,13,13,0.00068183611422160994
K13a1340,13,12,0.0070859089234019098
K13a1341,13,12,0.00071813098886619952
K13a1342,13,12,0.0028916234997689856
K13a1343,13,12,0.0022237145052526968
K13a1344,13,12,1.9299291566605901e-05
K13a1345,13,12,0.0013159681968401449
K13a1346,13,12,0.010974269772253822
K13a1347,13,12,0.0028009351541323931
K13a1348,13,12,0.0016045024955495474
K13a1349,13,12,0.0057487196669390606
K13a135,13,12,0.00043309825690284164
K13a1350,13,12,0.0011105061677272635
K13a1351,13,12,0.00038067431907003331
K13a1352,13,12,0.00085092300976898658
K13a1353,13,12,0.0001729710214821935
K13a1354,13,12,0.0034194374695045849
K13a1355,13,13,0.00019269882765969636
K13a1356,13,13,0.00042795085664564284
K13a1357,13,12,0.004396465369134764
K13a1358,13,12,0.0071277314506479087
K13a1359,13,13,0.0050729695028865754
K13a136,13,12,0.00064772081191186257
K13a1360,13,13,0.0055281869261101738
K13a1361,13,12,0.011153155431480183
K13a1362,13,12,0.0020460439412813701
K13a1363,13,12,0.0011888075649599125
K13a1364,13,12,9.4109039825597426e-05
K13a1365,13,12,0.018049728766411546
K13a1366,13,12,0.0021341566843421345
K13a1367,13,12,0.0010695956802134164
K13a1368,13,12,0.0060157264657106062
K13a1369,13,12,0.0027144225078324312
K13a137,13,12,0.0021964202542855849
K13a1370,13,12,0.00059707833898527639
K13a1371,13,13,0.0022305272316447701
K13a1372,13,12,0.011370183688000027
K13a1373,13,13,0.0032384819304716104
K13a1374,13,12,0.0083624665338042602
K13a1375,13,12,0.00063175414634993423
K13a1376,13,12,8.7204266800029959e-05
K13a1377,13,12,0.002759910651967287
K13a1378,13,12,0.0014892068271997357
K13a1379,13,12,0.0013161837204289297
K13a138,13,12,0.0019609307391429453
K13a1380,13,12,0.0017225459394268733
K13a1381,13,12,0.0023561335314156986
K13a1382,13,12,0.0024841252515381759
K13a1383,13,12,0.0015151363500864145
K13a1384,13,12,0.00046859681253871226
K13a1385,13,12,0.00087759455645931568
K13a1386,13,12,0.00023462739371861338
K13a1387,13,12,0.00034929384761855301
K13a1388,13,12,0.0032183087824315436
K13a1389,13,13,0.0031546947010497434
K13a139,13,12,0.0015746669532197171
K13a1390,13,13,0.00032474921303334535
K13a1391,13,13,0.0026796056441245023
K13a1392,13,13,0.0012890431212830191
K13a1393,13,13,0.0042757847538111276
K13a1394,13,12,0.0025329731554550707
K13a1395,13,12,0.0026785868173063716
K13a1396,13,13,0.004450016642326758
K13a1397,13,12,0.0056856393399106839
K13a1398,13,12,0.00067027408057941586
K13a1399,13,12,0.0089520170474199721
K13a14,13,13,0.0025390996564788231
K13a140,13,12,0.0018606150723821629
K13a1400,13,12,0.0020850007118905726
K13a1401,13,12,0.0015846540088207393
K13a1402,13,13,0.0025596988572031856
K13a1403,13,13,0.0018282073639613215
K13a1404,13,12,0.0052826044852608001
K13a1405,13,12,0.00076525496373046993
K13a1406,13,12,0.0020216896927619612
K13a1407,13,13,0.00020461213638297632
K13a1408,13,13,0.0054905816237089469
K13a1409,13,13,0.0045118129787183317
K13a141,13,13,0.0046511490975165758
K13a1410,13,13,0.0054294963106538063
K13a1411,13,13,0.0098072739718327116
K13a1412,13,12,0.0025921442918524795
K13a1413,13,13,0.0055691679094678126
K13a1414,13,12,0.00544917600937668
K13a1415,13,12,0.0047223099958580419
K13a1416,13,13,0.00089388900787336703
K13a1417,13,12,0.0022747341333795839
K13a1418,13,12,0.00076608999041274885
K13a1419,13,12,9.0034264632562688e-05
K13a142,13,12,0.00037130697258036944
K13a1420,13,12,0.00086373184471791591
K13a1421,13,12,0.0018719549005314464
K13a1422,13,12,0.00096710006512533767
K13a1423,13,12,0.0020360345519877267
K13a1424,13,12,0.0083322352921589467
K13a1425,13,12,0.0015082663194923903
K13a1426,13,12,0.00093617920889378019
K13a1427,13,12,0.00062302062943482019
K13a1428,13,12,0.0009627519773422724
K13a1429,13,12,0.0002975561496581493
K13a143,13,13,0.0061955615565001208
K13a1430,13,12,0.00050181756761251645
K13a1431,13,13,0.0067245953754748377
K13a1432,13,13,0.00045098392844048553
K13a1433,13,13,0.00057125640723747835
K13a1434,13,12,0.00027283002455389662
K13a1435,13,13,0.003581814657431319
K13a1436,13,13,0.0018231824667901395
K13a1437,13,13,0.0021250999178345376
K13a1438,13,13,0.0078630294043549476
K13a1439,13,12,0.0019337062288685241
K13a144,13,13,0.002175990942106919
K13a1440,13,13,0.0071734170187036476
K13a1441,13,13,0.0017546332729045868
K13a1442,13,13,0.00078782397977564755
K13a1443,13,12,0.0021311272896349016
K13a1444,13,12,0.0017110238350235422
K13a1445,13,12,0.00058212742948639035
K13a1446,13,12,0.0048433799960551265
K13a1447,13,12,0.0035019595076492089
K13a1448,13,13,0.0045182821373258141
K13a1449,13,12,0.010868885272276295
K13a145,13,13,0.0024787135848070435
K13a1450,13,12,0.0012662229160135797
K13a1451,13,12,5.3680735659978689e-05
K13a1452,13,12,0.015888784381886931
K13a1453,13,12,0.0025031445203726574
K13a1454,13,12,0.0016927632172990025
K13a1455,13,12,0.0001458205305996191
K13a1456,13,12,0.00062628132656703786
K13a1457,13,12,0.0024856801368181112
K13a1458,13,13,0.0073214499839081041
K13a1459,13,12,0.0018960964582784374
K13a146,13,12,0.0067088813923211607
K13a1460,13,13,0.00338351268506497
K13a1461,13,13,0.0025131475814350861
K13a1462,13,12,9.1301901586475147e-06
K13a1463,13,12,0.0041870212048981809
K13a1464,13,12,0.0045791166853961047
K13a1465,13,13,0.0031868967330127345
K13a1466,13,13,0.0085332315531489161
K13a1467,13,13,0.0014209084393535735
K13a1468,13,12,0.002314593099209701
K13a1469,13,12,0.0024517093675578395
K13a147,13,13,0.00088033326339146062
K13a1470,13,12,0.00030846205105896545
K13a1471,13,13,0.012248377784661512
K13a1472,13,13,0.0047061219927282509
K13a1473,13,12,0.00012358024425067324
K13a1474,13,12,0.0092493893162530101
K13a1475,13,13,0.0018012245123766939
K13a1476,13,13,0.0086255526513956196
K13a1477,13,12,0.0036686034726622638
K13a1478,13,12,0.0075157812257858449
K13a1479,13,12,0.0014423918870620357
K13a148,13,13,0.0001956767414633031
K13a1480,13,12,0.0028971900124916423
K13a1481,13,12,3.8440107027507042e-06
K13a1482,13,12,0.00035705500515306981
K13a1483,13,12,0.0090212423370521645
K13a1484,13,12,0.0019595453385669011
K13a1485,13,12,0.0011998318542513133
K13a1486,13,12,0.0047547994044705695
K13a1487,13,12,0.0075977157912844109
K13a1488,13,12,0.00079728195646639182
K13a1489,13,12,0.0010060857475238183
K13a149,13,12,0.0015546117341770438
K13a1490,13,12,0.0016300886565304967
K13a1491,13,13,0.0011283962892575663
K13a1492,13,12,0.00016843150036050702
K13a1493,13,12,0.003575678287490312
K13a1494,13,12,0.009605912751416909
K13a1495,13,12,0.0052165093015132799
K13a1496,13,13,0.00027167895254681754
K13a1497,13,12,0.00066508526779244452
K13a1498,13,12,0.0050782780162078852
K13a1499,13,12,0.0019923428991381674
K13a15,13,12,0.00078390537547343468
K13a150,13,13,0.01029207920380258
K13a1500,13,12,0.010595658863567819
K13a1501,13,13,0.00258433278215499
K13a1502,13,12,0.0044798572464535211
K13a1503,13,12,0.00078284255931493709
K13a1504,13,12,0.0035684491681696614
K13a1505,13,12,0.0034601464030612232
K13a1506,13,12,0.0051904816216646627
K13a1507,13,12,0.00066333467317335388
K13a1508,13,12,0.0026172001690697457
K13a1509,13,12,0.0042522599736215987
K13a151,13,13,0.0020300108315096594
K13a1510,13,12,0.00035402513670462809
K13a1511,13,12,0.0012801241445378434
K13a1512,13,12,0.0012340131387943525
K13a1513,13,12,0.0023687288929055178
K13a1514,13,12,0.002689870511249538
K13a1515,13,12,0.0017888368479327126
K13a1516,13,12,0.003337886172742572
K13a1517,13,12,0.0063982560587669286
K13a1518,13,13,0.010117148173750997
K13a1519,13,12,0.0032870970436651771
K13a152,13,13,4.3493595244979505e-05
K13a1520,13,13,0.0040370369260710158
K13a1521,13,12,0.0024345635271170716
K13a1522,13,12,0.0017634343405810496
K13a1523,13,12,0.0093174579871329218
K13a1524,13,12,0.0022161677151781582
K13a1525,13,12,0.00031352467952202359
K13a1526,13,12,0.0034721973794838569
K13a1527,13,12,0.0066523241859311709
K13a1528,13,12,0.0057635146872573786
K13a1529,13,12,0.00020969181677570379
K13a153,13,13,0.0078971114057706029
K13a1530,13,12,0.001163528000446937
K13a1531,13,12,0.0072016275217801845
K13a1532,13,12,4.9853285808300873e-05
K13a1533,13,12,0.00029896295212342627
K13a1534,13,12,0.0010298438793392029
K13a1535,13,12,0.00037210089176208284
K13a1536,13,13,3.9284411043097094e-05
K13a1537,13,13,0.0075047034979299444
K13a1538,13,13,0.0024383326644845751
K13a1539,13,13,0.0038607278771408109
K13a154,13,13,0.00046442787748536448
K13a1540,13,13,0.00037757660412976289
K13a1541,13,12,0.0052400234600743605
K13a1542,13,12,0.0071814701595191146
K13a1543,13,12,0.0010167854364577817
K13a1544,13,12,0.00026928616520448224
K13a1545,13,13,0.0053205262549314361
K13a1546,13,12,0.0022106613404170423
K13a1547,13,13,0.0069239069609398915
K13a1548,13,13,0.0024009138832804043
K13a1549,13,13,0.0010925527454774919
K13a155,13,13,0.0011513132444563551
K13a1550,13,13,0.0030570620745832989
K13a1551,13,12,0.003015997053649128
K13a1552,13,13,0.00075462449457725205
K13a1553,13,13,0.00047225314090937668
K13a1554,13,12,0.0016031468734366988
K13a1555,13,12,0.0010054472456768433
K13a1556,13,12,0.0016497326033264692
K13a1557,13,12,0.00031600532787481802
K13a1558,13,12,0.0031638299454958049
K13a1559,13,13,0.0014154437336986623
K13a156,13,13,0.0032937457946928526
K13a1560,13,12,0.0023945591230559943
K13a1561,13,12,0.00020063865581331679
K13a1562,13,12,0.0055355380029398875
K13a1563,13,12,0.0014701418023658987
K13a1564,13,12,0.0022323145039195923
K13a1565,13,12,0.0013748255872860693
K13a1566,13,12,0.0011759851256261133
K13a1567,13,12,0.00042478495543361633
K13a1568,13,12,0.00072925270665680165
K13a1569,13,12,0.0022465007399478103
K13a157,13,13,0.0014296924376704686
K13a1570,13,13,0.0001076763037382105
K13a1571,13,12,0.0015112364071764831
K13a1572,13,13,0.0006385046506383066
K13a1573,13,13,0.00080025567092349703
K13a1574,13,12,0.0075769363280463117
K13a1575,13,12,0.005889399719521426
K13a1576,13,12,0.0002899291376048525
K13a1577,13,12,0.012928258675632222
K13a1578,13,12,0.00072491926814758528
K13a1579,13,12,0.00055406801072917374
K13a158,13,13,8.5404130492700681e-05
K13a1580,13,13,0.0076632290091628117
K13a1581,13,12,0.0026887138448481516
K13a1582,13,13,0.0035534639998083717
K13a1583,13,13,0.0029141798090409291
K13a1584,13,13,0.012434149671272597
K13a1585,13,13,0.00023541319625710734
K13a1586,13,12,0.0060797056315850294
K13a1587,13,12,0.0033048190899983947
K13a1588,13,12,0.00078117304944591191
K13a1589,13,12,0.0039181533187249906
K13a159,13,13,0.0013175096728621155
K13a1590,13,12,0.00034764651359241324
K13a1591,13,12,0.0070245899494316005
K13a1592,13,12,0.0027882362075940773
K13a1593,13,12,0.00088357404722290813
K13a1594,13,12,0.00071675825180832827
K13a1595,13,12,0.0093417425216248007
K13a1596,13,12,0.00035615627845009978
K13a1597,13,12,0.00017975033014663727
K13a1598,13,12,0.0062584483637125703
K13a1599,13,12,0.0029387775950711586
K13a16,13,13,0.0058137759123010058
K13a160,13,13,0.0018323425571092212
K13a1600,13,12,0.0031198126405431806
K13a1601,13,12,0.00033740165508239591
K13a1602,13,13,2.0308049683043652e-05
K13a1603,13,13,0.0021875196993251743
K13a1604,13,12,0.00015867147928676537
K13a1605,13,12,0.0019539647934890257
K13a1606,13,12,0.00037665074080959224
K13a1607,13,12,0.0096931925705694109
K13a1608,13,13,0.0016418743601857696
K13a1609,13,13,0.0019969809409791958
K13a161,13,12,0.0022854072189505384
K13a1610,13,12,0.0097593836288570896
K13a1611,13,12,0.0035467378170904911
K13a1612,13,12,0.0026744777338985636
K13a1613,13,12,0.0042239998775688847
K13a1614,13,13,0.0044392272252106926
K13a1615,13,12,0.0026614096196449243
K13a1616,13,13,0.00063469782559463068
K13a1617,13,13,0.00056688820735713752
K13a1618,13,13,0.0063946235515214842
K13a1619,13,13,0.00157839807869472
K13a162,13,13,0.0012971590905019312
K13a1620,13,12,0.0040107613937676147
K13a1621,13,12,0.00400201885750316
K13a1622,13,12,0.00042310333987417468
K13a1623,13,12,0.0018339180287184206
K13a1624,13,12,0.012210580621304153
K13a1625,13,12,0.00010698754494851577
K13a1626,13,12,4.5809945104684122e-06
K13a1627,13,12,9.8617964243920611e-05
K13a1628,13,12,0.010904922510881073
K13a1629,13,12,0.0012446670898662094
K13a163,13,13,0.001808633639780811
K13a1630,13,12,0.0016672895936729281
K13a1631,13,12,0.00050369819003861626
K13a1632,13,12,0.00072883056361193552
K13a1633,13,12,0.0034343819924810889
K13a1634,13,12,0.00061127170723989407
K13a1635,13,12,0.00087519508840520617
K13a1636,13,12,0.0012652027076804487
K13a1637,13,12,0.00047978996099740264
K13a1638,13,12,0.00019021638233158625
K13a1639,13,13,0.0054906113003256856
K13a164,13,13,0.00074030470977585062
K13a1640,13,13,0.0027166223443560347
K13a1641,13,12,0.0016023264162223967
K13a1642,13,12,0.00020944574108852621
K13a1643,13,13,0.0045728279338856492
K13a1644,13,12,0.0011537713835944345
K13a1645,13,13,0.006633844067338952
K13a1646,13,13,0.00086824670260480488
K13a1647,13,13,0.0039739870712823533
K13a1648,13,12,0.002470141226043126
K13a1649,13,12,0.0046300847190621332
K13a165,13,12,0.00073908018852467019
K13a1650,13,12,4.1515599817499026e-05
K13a1651,13,12,0.002454753795945396
K13a1652,13,12,0.0011160485440349541
K13a1653,13,12,0.00076179543989723746
K13a1654,13,12,0.0032735221066733829
K13a1655,13,12,0.0026300074060233128
K13a1656,13,12,0.00016279376582076582
K13a1657,13,12,0.001558756672576265
K13a1658,13,12,0.0041370350504770226
K13a1659,13,12,0.0089497883142357175
K13a166,13,12,0.0022350270827329044
K13a1660,13,12,0.003786098102024391
K13a1661,13,12,0.00088033722373214796
K13a1662,13,12,0.00059719710553772076
K13a1663,13,12,0.0011425158719338289
K13a1664,13,12,0.001233976227664075
K13a1665,13,12,0.0010109383993041308
K13a1666,13,12,0.00073703053919836701
K13a1667,13,12,0.0027754896317640568
K13a1668,13,12,0.00094606721905680501
K13a1669,13,12,0.00099586357392460125
K13a167,13,12,0.00063536328728618508
K13a1670,13,12,0.0012177634356488223
K13a1671,13,12,0.0038822403788441365
K13a1672,13,12,0.00046018159576774546
K13a1673,13,12,0.00064674030468501488
K13a1674,13,12,0.00033651733735351566
K13a1675,13,12,0.0002073499646426429
K13a1676,13,12,0.0037783665109577952
K13a1677,13,12,0.00012825818033580208
K13a1678,13,12,0.00099758442840574722
K13a1679,13,12,0.0013669765075439155
K13a168,13,13,0.002420353626208775
K13a1680,13,12,0.003412802740877097
K13a1681,13,12,0.0021906450552223165
K13a1682,13,12,0.0007632646610326243
K13a1683,13,12,0.0081313632155167476
K13a1684,13,12,0.0059182416950058674
K13a1685,13,12,0.00034606665051879179
K13a1686,13,12,0.0078432082056843124
K13a1687,13,12,0.0026725475718040507
K13a1688,13,12,0.0008896234691657711
K13a1689,13,13,0.00036563903140169197
K13a169,13,13,0.001013213448832652
K13a1690,13,12,0.0011808024221351297
K13a1691,13,12,0.0046705573671214579
K13a1692,13,13,0.0010390931661821156
K13a1693,13,12,0.00030433986921853774
K13a1694,13,12,0.00060250988188567819
K13a1695,13,12,0.0031370317328869345
K13a1696,13,12,0.0019673409359868641
K13a1697,13,13,0.014687250095349798
K13a1698,13,13,0.0076908763984001836
K13a1699,13,12,0.0011458405843760378
K13a17,13,13,0.0010239564343906772
K13a170,13,13,0.0033158155696164904
K13a1700,13,12,0.00022035461109231875
K13a1701,13,12,7.7097155960023335e-05
K13a1702,13,12,0.001115374061521726
K13a1703,13,13,0.00031227130435440234
K13a1704,13,12,0.0029877248141013443
K13a1705,13,12,0.0025362475432235214
K13a1706,13,12,0.0040462459200486063
K13a1707,13,12,0.00037948174331675183
K13a1708,13,12,0.0032067836323104509
K13a1709,13,12,0.001947173928971985
K13a171,13,13,0.0082874518856280617
K13a1710,13,12,0.00018659758906075727
K13a1711,13,12,0.0078878423206208501
K13a1712,13,12,0.0019965590568903945
K13a1713,13,12,0.0025482010892504147
K13a1714,13,12,0.0044802985242778631
K13a1715,13,12,0.0018050302505679845
K13a1716,13,12,0.0040378273232525332
K13a1717,13,12,0.00085635844345800436
K13a1718,13,13,0.0043093570542852332
K13a1719,13,13,0.0021600345437962423
K13a172,13,13,0.00020481766235305986
K13a1720,13,13,0.00030564549416334095
K13a1721,13,13,0.0031538186382398872
K13a1722,13,12,0.00050381500646642485
K13a1723,13,12,0.0047100101013804125
K13a1724,13,12,0.00018008081615664617
K13a1725,13,12,3.1398203026367745e-05
K13a1726,13,12,0.00056071936002261773
K13a1727,13,12,0.00070243067862157851
K13a1728,13,12,0.002396755068254815
K13a1729,13,12,0.0022564773013438975
K13a173,13,13,0.0054703784445846605
K13a1730,13,12,0.0009745656551492963
K13a1731,13,12,0.0054342054606837517
K13a1732,13,12,0.01655725155277208
K13a1733,13,12,0.0063643720650267705
K13a1734,13,12,0.0061596755376095609
K13a1735,13,12,0.00079131952947799288
K13a1736,13,12,0.0021580165972560506
K13a1737,13,12,0.0016634189107512009
K13a1738,13,12,0.0054009664695397093
K13a1739,13,13,0.001582939229213771
K13a174,13,12,0.0013804308906233116
K13a1740,13,13,0.0028053612497282838
K13a1741,13,13,0.0017152189801285329
K13a1742,13,12,0.0022196887753773258
K13a1743,13,12,0.0012811592452763771
K13a1744,13,13,0.00031525350343236241
K13a1745,13,13,0.003143456692218446
K13a1746,13,12,0.0022759675430559304
K13a1747,13,12,0.0047124384877787924
K13a1748,13,12,0.00017515520674777978
K13a1749,13,12,0.0044128101395196568
K13a175,13,12,0.001934667357897899
K13a1750,13,13,0.0051715667132449846
K13a1751,13,13,0.00078314441533999465
K13a1752,13,12,0.0019364776258696287
K13a1753,13,13,0.0015083442142004456
K13a1754,13,12,0.012061313577957974
K13a1755,13,12,8.9376111159679612e-05
K13a1756,13,12,0.0047307325724276032
K13a1757,13,12,0.00063136739489410025
K13a1758,13,12,4.2073796601390566e-05
K13a1759,13,12,0.0054300828372355397
K13a176,13,13,0.00086790112088981218
K13a1760,13,12,0.0022845624870940855
K13a1761,13,12,0.00088494233303747759
K13a1762,13,12,0.002337087198942352
K13a1763,13,12,0.001365127383489353
K13a1764,13,12,0.010831010103623228
K13a1765,13,13,0.001053588273662175
K13a1766,13,13,0.0042445432681569853
K13a1767,13,12,0.0037356823996261201
K13a1768,13,13,0.00079898773215127182
K13a1769,13,12,0.0029956346422276197
K13a177,13,13,0.00052037194858836405
K13a1770,13,12,0.00052055051546562802
K13a1771,13,12,0.0010566656444611165
K13a1772,13,12,0.0037560115915953795
K13a1773,13,12,0.0031145634420115045
K13a1774,13,13,0.0010766778463773673
K13a1775,13,12,0.0029502575200248682
K13a1776,13,12,0.0060965797203331286
K13a1777,13,13,0.0013727533191100919
K13a1778,13,13,0.00035439290563175186
K13a1779,13,13,0.00032988604817121088
K13a178,13,13,0.010701368087370104
K13a1780,13,13,0.0021685860494363731
K13a1781,13,12,0.0030617973936818751
K13a1782,13,12,0.0051019514799526371
K13a1783,13,12,0.0050236474829051447
K13a1784,13,13,0.00014258144353071028
K13a1785,13,12,0.0025004076144189112
K13a1786,13,13,0.00093286437093948881
K13a1787,13,13,0.0016190220745803639
K13a1788,13,12,0.0046865517997110818
K13a1789,13,12,0.0020448987846350989
K13a179,13,13,0.0016534122772438888
K13a1790,13,12,0.013560572549007097
K13a1791,13,13,0.0052610305711479986
K13a1792,13,12,0.0050518599302598714
K13a1793,13,12,0.00021911867111185782
K13a1794,13,12,0.0014825737954933856
K13a1795,13,12,0.0026168090831819118
K13a1796,13,12,0.00026906323894256012
K13a1797,13,12,0.0012464261486976526
K13a1798,13,13,0.0060242386989478869
K13a1799,13,13,0.0079419873455650949
K13a18,13,13,0.0048172189243601837
K13a180,13,13,0.0013309611878862078
K13a1800,13,12,0.0036458027311887116
K13a1801,13,12,0.00056057061993627119
K13a1802,13,12,0.0047944375440781423
K13a1803,13,12,0.00080347300847006674
K13a1804,13,13,0.00049233430710275531
K13a1805,13,12,0.00035496571606650459
K13a1806,13,12,0.00021262033360717076
K13a1807,13,12,0.0012881354272187167
K13a1808,13,12,0.00051851742125907268
K13a1809,13,12,0.0017675053364942905
K13a181,13,12,0.0024780573035055428
K13a1810,13,12,0.0025620404968250939
K13a1811,13,12,0.00094565269050544769
K13a1812,13,13,0.0015408671272079252
K13a1813,13,12,0.004565834146850108
K13a1814,13,13,0.0047627873543120208
K13a1815,13,12,0.0012176201535716484
K13a1816,13,12,0.00075517221177551284
K13a1817,13,13,0.001806545474643544
K13a1818,13,13,0.0012785110813996257
K13a1819,13,12,5.7119337861475023e-05
K13a182,13,12,0.00022073195285533134
K13a1820,13,13,0.00036418546536631422
K13a1821,13,12,0.0040793625347428303
K13a1822,13,12,0.0021206264672286395
K13a1823,13,12,0.0062868258672986316
K13a1824,13,12,0.0022025436733154697
K13a1825,13,12,0.0011263238641660448
K13a1826,13,12,0.0033798509288381737
K13a1827,13,13,0.0041590796180120846
K13a1828,13,12,0.00063949286563907374
K13a1829,13,12,0.0043035607702461946
K13a183,13,12,0.0044265612450140792
K13a1830,13,12,0.0034407242155388693
K13a1831,13,12,0.002023949978398784
K13a1832,13,12,0.0010510723661156323
K13a1833,13,12,0.0020270473015880858
K13a1834,13,12,0.00088343939224821131
K13a1835,13,12,0.0056799848952984412
K13a1836,13,12,0.00050079289192739383
K13a1837,13,12,0.00094519315495993376
K13a1838,13,12,0.004753403707043094
K13a1839,13,12,0.0033085113797013681
K13a184,13,13,0.00097278179506470931
K13a1840,13,12,0.0013448691307672406
K13a1841,13,12,0.0014215249011070743
K13a1842,13,12,0.00081706238234650864
K13a1843,13,12,0.0011611272207271352
K13a1844,13,12,0.0023538734264397193
K13a1845,13,12,0.00096062449783686026
K13a1846,13,12,0.0058725447891421305
K13a1847,13,12,0.00025767519352552662
K13a1848,13,12,8.3723261555461423e-05
K13a1849,13,12,0.0015945209674491524
K13a185,13,12,0.0034097384340985581
K13a1850,13,12,0.00051461448188881503
K13a1851,13,12,0.001181713684768995
K13a1852,13,12,0.00080073769252039513
K13a1853,13,12,0.00093600685317534252
K13a1854,13,12,0.0021510171056356104
K13a1855,13,12,0.0051741390244702031
K13a1856,13,12,0.0032779111585014209
K13a1857,13,12,0.0018444528621502101
K13a1858,13,12,0.0011536150384272299
K13a1859,13,13,0.00046517247419955313
K13a186,13,12,0.0030354261169741117
K13a1860,13,12,0.0030564132383725934
K13a1861,13,13,0.0002130347635430353
K13a1862,13,12,0.0022727487548485784
K13a1863,13,13,0.0009964985048719799
K13a1864,13,12,0.0032352825844813578
K13a1865,13,12,0.00051968979719255355
K13a1866,13,13,0.0040779580222729938
K13a1867,13,13,0.00033564953075333477
K13a1868,13,12,0.0019751803534492174
K13a1869,13,12,0.0044925883255818276
K13a187,13,12,0.0058474538904659673
K13a1870,13,12,0.011556020126828008
K13a1871,13,13,0.00014734384154456735
K13a1872,13,12,0.0062127275733669688
K13a1873,13,12,0.0112608120084182
K13a1874,13,12,0.00087038436954026534
K13a1875,13,12,0.0011842040650566924
K13a1876,13,13,0.0012892233549930685
K13a1877,13,12,0.0020655430526336093
K13a1878,13,13,0.001610946100002355
K13a1879,13,12,0.0032261435081330299
K13a188,13,12,0.0022512976190494785
K13a1880,13,12,0.00034807825132055631
K13a1881,13,13,0.00020937405398980196
K13a1882,13,13,0.0021162050299578417
K13a1883,13,12,0.0026382441589794785
K13a1884,13,12,0.00041204072306129911
K13a1885,13,12,0.0012891943514172044
K13a1886,13,12,0.00093465765845517882
K13a1887,13,13,0.00064540452777315767
K13a1888,13,12,0.0042153466110826871
K13a1889,13,12,0.0028693276285082221
K13a189,13,12,0.003642745209164164
K13a1890,13,12,0.0079170409120484751
K13a1891,13,12,0.0012946680440426815
K13a1892,13,13,0.0063254126932958668
K13a1893,13,12,0.0031508750374589409
K13a1894,13,12,0.0003701619303549884
K13a1895,13,12,0.0013338038699923431
K13a1896,13,12,0.0011461098328520152
K13a1897,13,12,0.0017861376062104732
K13a1898,13,12,0.00038841991641953545
K13a1899,13,12,0.0027451419829337687
K13a19,13,13,0.0022736391440066625
K13a190,13,13,0.00060219639473522079
K13a1900,13,13,0.0044400519784800344
K13a1901,13,12,0.0005070864288494539
K13a1902,13,12,4.8457717980399046e-05
K13a1903,13,12,0.00017787497452682784
K13a1904,13,12,0.0024460860719653288
K13a1905,13,12,0.0010293937695086187
K13a1906,13,12,0.00066584582133910586
K13a1907,13,12,0.0044948556351636507
K13a1908,13,12,0.0022593422885455457
K13a1909,13,13,0.0084251236712391993
K13a191,13,13,0.00044504370179601334
K13a1910,13,12,0.0021905421650366881
K13a1911,13,13,0.00042948845483423354
K13a1912,13,13,0.00012698236888080693
K13a1913,13,12,0.0038949296844193126
K13a1914,13,12,0.0012167424230233547
K13a1915,13,12,0.0034096285377835924
K13a1916,13,12,0.0058398593493827226
K13a1917,13,12,8.3483562676526341e-06
K13a1918,13,12,0.00096342613153593576
K13a1919,13,12,0.00036714589796653152
K13a192,13,13,0.00068535348110077433
K13a1920,13,12,0.00090605479856778243
K13a1921,13,13,0.0047433382149044438
K13a1922,13,13,2.4424440224900165e-06
K13a1923,13,12,0.00027898373525185431
K13a1924,13,12,0.0043369722487141757
K13a1925,13,12,0.00038168928298841758
K13a1926,13,12,0.0013361891684418221
K13a1927,13,13,0.0022566934967899964
K13a1928,13,13,0.0011526708637621186
K13a1929,13,12,0.000227318343823058
K13a193,13,12,0.0016882760879161727
K13a1930,13,13,0.0050371745086225505
K13a1931,13,12,0.0016248282120736931
K13a1932,13,12,0.00075084583176244124
K13a1933,13,12,0.0017838815825939839
K13a1934,13,13,0.0054329651964322321
K13a1935,13,12,0.0014583075983484047
K13a1936,13,12,0.0006966187329405394
K13a1937,13,13,0.0010213124922480693
K13a1938,13,13,0.010806216687280408
K13a1939,13,12,0.003491771957510268
K13a194,13,12,0.0020743929855297672
K13a1940,13,12,0.0005001478776603212
K13a1941,13,12,0.0021427625265069278
K13a1942,13,13,0.0017677697765606018
K13a1943,13,12,0.0029473045319297372
K13a1944,13,12,0.0026212145446079162
K13a1945,13,12,0.0031711628894364012
K13a1946,13,13,0.0047767392638989083
K13a1947,13,12,0.0021589049129555789
K13a1948,13,12,0.0004056200144695391
K13a1949,13,12,0.0017686489151337811
K13a195,13,13,0.0034440617326787128
K13a1950,13,13,0.0027105517519400791
K13a1951,13,13,0.0030218458253135506
K13a1952,13,12,0.00064585141618609787
K13a1953,13,12,0.0021822297513391224
K13a1954,13,12,0.0057226393275227388
K13a1955,13,12,0.00030373961662231698
K13a1956,13,12,0.00078724269153094867
K13a1957,13,13,0.0010155298876519329
K13a1958,13,12,0.0067362383968773889
K13a1959,13,12,0.012017857626930382
K13a196,13,12,0.0021009158501012963
K13a1960,13,12,0.0051164284322975572
K13a1961,13,12,0.0017184723989729202
K13a1962,13,12,0.00049636200104619034
K13a1963,13,12,0.0083566831765300009
K13a1964,13,12,0.0029052312105995698
K13a1965,13,12,0.0017808247583458701
K13a1966,13,12,0.0080397838705686016
K13a1967,13,12,0.00092797063441852376
K13a1968,13,12,0.00029922386700703013
K13a1969,13,13,0.0048836592048445843
K13a197,13,12,8.185783581856441e-05
K13a1970,13,12,0.0059926292601247691
K13a1971,13,12,0.0041860910363335129
K13a1972,13,12,0.0029862421120274889
K13a1973,13,12,0.0054506380330097198
K13a1974,13,12,0.013869313421787733
K13a1975,13,12,0.0058663051221137762
K13a1976,13,12,0.0026603862666807624
K13a1977,13,13,0.0019338578799959687
K13a1978,13,12,0.0083780964968343998
K13a1979,13,12,0.00023064965808931642
K13a198,13,12,0.00041143029598009244
K13a1980,13,12,0.00015194452468149521
K13a1981,13,12,0.0023149801299280569
K13a1982,13,12,0.00021125591713312819
K13a1983,13,12,0.0026326222703570677
K13a1984,13,12,0.0030565079491993879
K13a1985,13,12,0.0016793948604604137
K13a1986,13,12,0.00015061502822564238
K13a1987,13,12,0.00038394611268292687
K13a1988,13,12,0.00096243760085538835
K13a1989,13,12,0.00016099106272513062
K13a199,13,12,0.0010865669858934649
K13a1990,13,12,0.0029921194279908885
K13a1991,13,12,0.0012744683431793755
K13a1992,13,12,0.0017158160610757599
K13a1993,13,12,0.0027358802039538117
K13a1994,13,12,0.00022902257499517051
K13a1995,13,12,0.00098272582474956318
K13a1996,13,12,0.0014964734752433975
K13a1997,13,12,0.0002687910888155189
K13a1998,13,12,0.0027068213316744647
K13a1999,13,12,0.00031813254978639241
K13a2,13,13,0.0016865097206501479
K13a20,13,13,0.0017560990218725033
K13a200,13,12,0.0025094845144148616
K13a2000,13,12,0.0019244799984761648
K13a2001,13,12,0.0026066420432998357
K13a2002,13,12,0.0013362358493378547
K13a2003,13,12,0.0082410344998090114
K13a2004,13,12,0.0045593982052182045
K13a2005,13,12,0.00038401368821922119
K13a2006,13,13,0.0025659850222155829
K13a2007,13,12,0.0017821602925890264
K13a2008,13,13,0.00018489056273701259
K13a2009,13,13,0.00047747699722702606
K13a201,13,12,0.0032204823798643234
K13a2010,13,13,0.0014307207121575429
K13a2011,13,12,0.00078011398743583419
K13a2012,13,12,0.0011751634604259765
K13a2013,13,12,0.00024078084471791994
K13a2014,13,12,0.0022019957764100881
K13a2015,13,12,0.00061910318722547815
K13a2016,13,13,0.0018125466628100652
K13a2017,13,13,0.00074773880881164262
K13a2018,13,13,0.00068778205462010061
K13a2019,13,12,0.0022287592762277302
K13a202,13,13,0.0016746475271767064
K13a2020,13,12,0.0021458265917702248
K13a2021,13,12,0.0021042226424013342
K13a2022,13,12,0.00024751078802822773
K13a2023,13,12,0.00184148658359544
K13a2024,13,12,0.007087234763525076
K13a2025,13,12,7.3920419927032136e-05
K13a2026,13,12,0.00066726549508895952
K13a2027,13,12,0.0036369418061314054
K13a2028,13,12,0.0011970939008526646
K13a2029,13,12,0.00096745559985347688
K13a203,13,13,0.0030516132332821955
K13a2030,13,13,0.0028046400768664444
K13a2031,13,13,0.00035311340174428552
K13a2032,13,12,0.00011979203205160908
K13a2033,13,12,0.0025155131618682398
K13a2034,13,12,0.0012450118131647572
K13a2035,13,12,0.00047637773214939737
K13a2036,13,12,0.0026470088942607932
K13a2037,13,13,0.0011523472211189857
K13a2038,13,13,0.0005240702904297155
K13a2039,13,13,0.0036079299353469645
K13a204,13,12,0.00074823771359851894
K13a2040,13,13,0.00098418391890970117
K13a2041,13,13,0.0063092077487867373
K13a2042,13,13,0.0014046110116967016
K13a2043,13,12,0.0062632213453874975
K13a2044,13,12,0.0028617554908371957
K13a2045,13,12,0.0070890235507338377
K13a2046,13,12,0.0013768378118204246
K13a2047,13,13,0.0064901040311658867
K13a2048,13,13,0.0011231041037257745
K13a2049,13,12,0.0046291148518530197
K13a205,13,12,0.0010497448398182796
K13a2050,13,12,0.00074615718429194011
K13a2051,13,12,0.00060696804288797414
K13a2052,13,12,0.0035669530456716677
K13a2053,13,12,0.0066075189268521095
K13a2054,13,12,0.00073752756295216901
K13a2055,13,12,0.0003079783399952019
K13a2056,13,12,0.010387533990156623
K13a2057,13,12,0.0028418254276035781
K13a2058,13,12,0.0011994171158645284
K13a2059,13,12,0.0035089122218674583
K13a206,13,12,0.0014795301029077712
K13a2060,13,12,0.0037125070983886612
K13a2061,13,13,0.0063364157218579438
K13a2062,13,12,0.0020547727209682103
K13a2063,13,12,0.0043849844018020454
K13a2064,13,12,0.00050676613607382112
K13a2065,13,12,0.0053540635594952956
K13a2066,13,12,0.0027492472010094229
K13a2067,13,12,0.0062520554675696291
K13a2068,13,13,0.0013998496992991259
K13a2069,13,13,0.0039080742056605885
K13a207,13,12,0.00022494208155233249
K13a2070,13,13,0.0023082349726463451
K13a2071,13,12,0.0021732832025511237
K13a2072,13,13,0.0036077122847043889
K13a2073,13,12,0.0019949184736867192
K13a2074,13,12,7.4647922329696849e-05
K13a2075,13,12,0.0021293669614388848
K13a2076,13,12,0.00039403716548026759
K13a2077,13,12,0.0007126865414797956
K13a2078,13,12,0.0031251170059998566
K13a2079,13,12,0.0029953252709906588
K13a208,13,12,0.00093003223308158638
K13a2080,13,12,0.00083981883804615904
K13a2081,13,12,8.2251502734550559e-05
K13a2082,13,12,0.0015416807418515851
K13a2083,13,12,0.0026031948448051183
K13a2084,13,12,0.00034063022985935363
K13a2085,13,12,0.0053445406596420199
K13a2086,13,12,0.00093954738945587683
K13a2087,13,12,8.5403387140512595e-05
K13a2088,13,12,0.00099812092410198668
K13a2089,13,12,0.00010997414396791817
K13a209,13,12,0.0013651603813575968
K13a2090,13,12,0.00061459142275839909
K13a2091,13,12,0.00021584269001507291
K13a2092,13,12,0.0021617761390361123
K13a2093,13,12,0.0022856533926248006
K13a2094,13,12,0.003562140420196409
K13a2095,13,12,0.0052924151953906619
K13a2096,13,12,0.0043551205508906444
K13a2097,13,13,0.00046908488015665815
K13a2098,13,12,0.00046758018538370431
K13a2099,13,13,0.0019081772559657799
K13a21,13,13,0.00055410564738349072
K13a210,13,12,5.3229961067621388e-06
K13a2100,13,12,0.0001291542844204956
K13a2101,13,12,0.00051671459413286751
K13a2102,13,12,0.0052521365899532418
K13a2103,13,13,0.00010879323451709884
K13a2104,13,12,0.0013482009124937352
K13a2105,13,12,0.0018411736076042516
K13a2106,13,12,0.00094280612932432363
K13a2107,13,12,0.0014441138463883645
K13a2108,13,12,0.0062430520107834998
K13a2109,13,12,0.0080024382694193659
K13a211,13,12,0.00019262235435645072
K13a2110,13,12,0.00052534076768246665
K13a2111,13,12,0.0032330440827831679
K13a2112,13,12,6.3161423291004394e-05
K13a2113,13,12,0.00093911651341917039
K13a2114,13,12,0.0022233909884201747
K13a2115,13,12,0.00079978464081085783
K13a2116,13,13,0.0023579317659903009
K13a2117,13,12,0.0038235909819840262
K13a2118,13,12,0.0026253757703201307
K13a2119,13,12,0.010160038305085606
K13a212,13,12,0.0003138591228909041
K13a2120,13,13,0.0031014675709449811
K13a2121,13,12,0.0060041544210337984
K13a2122,13,12,0.0043227527464671815
K13a2123,13,13,0.0022665144446344905
K13a2124,13,13,0.001316579708182237
K13a2125,13,12,0.00036998708360583835
K13a2126,13,12,0.0090557224313779112
K13a2127,13,12,0.0013125987435944639
K13a2128,13,12,0.0015657758999340419
K13a2129,13,12,0.00077567047968978421
K13a213,13,12,0.0032651807284737261
K13a2130,13,12,0.0027052569833365442
K13a2131,13,12,0.00059184214657352846
K13a2132,13,12,0.0016194014237002883
K13a2133,13,12,0.0029220765845530605
K13a2134,13,12,6.0650985598180026e-05
K13a2135,13,13,0.00051274445228983165
K13a2136,13,13,0.015884048042584729
K13a2137,13,13,0.00037305274927488098
K13a2138,13,12,0.00085551989184927727
K13a2139,13,12,0.00038768996079247784
K13a214,13,12,0.00032662066709434657
K13a2140,13,12,0.00090142433339146922
K13a2141,13,12,0.0010737897253380777
K13a2142,13,12,0.0035243274950598476
K13a2143,13,12,0.00060486279339412347
K13a2144,13,12,0.0023064461622459985
K13a2145,13,12,0.0035888256351091332
K13a2146,13,13,0.00041997799318796371
K13a2147,13,12,0.0044455401390551758
K13a2148,13,12,0.0017820446305924081
K13a2149,13,12,0.0014773284896395951
K13a215,13,12,0.0035819477646430362
K13a2150,13,12,0.0010138114401293924
K13a2151,13,12,0.00028151609854138777
K13a2152,13,12,0.0036319198871158603
K13a2153,13,12,0.0050744646134692388
K13a2154,13,12,0.0016029927982824492
K13a2155,13,12,0.0017785272884905583
K13a2156,13,13,0.0034649548393246681
K13a2157,13,12,0.0082168888822349087
K13a2158,13,12,0.012771622247562392
K13a2159,13,12,0.0020344447467035738
K13a216,13,12,0.0009169525585165884
K13a2160,13,12,0.00061564577131933463
K13a2161,13,12,0.00058747184424032598
K13a2162,13,12,0.0001843205796224002
K13a2163,13,12,0.0043635822030532925
K13a2164,13,12,0.00014207376538019888
K13a2165,13,12,0.0075582979399716269
K13a2166,13,12,0.0038952798655997136
K13a2167,13,12,0.0025546835116245122
K13a2168,13,12,0.010991511214387328
K13a2169,13,12,0.0012430226871187283
K13a217,13,12,0.00039532805593035499
K13a2170,13,12,0.0014770829079243184
K13a2171,13,12,0.001404956095948274
K13a2172,13,12,0.0045052116654071247
K13a2173,13,12,0.0031732481789583876
K13a2174,13,12,0.0020548331538148301
K13a2175,13,12,0.0031089596761223865
K13a2176,13,12,0.0022849406526852427
K13a2177,13,12,0.00058934389917667245
K13a2178,13,12,0.0004107882489875743
K13a2179,13,12,0.0032976091395991512
K13a218,13,13,0.0059778693080267363
K13a2180,13,12,0.0057782523197153126
K13a2181,13,12,0.0075746579760114612
K13a2182,13,12,0.00048338205366833077
K13a2183,13,12,0.0014847627449432953
K13a2184,13,12,0.0030906792542964145
K13a2185,13,12,0.0023592987952058752
K13a2186,13,12,0.00092323557940471323
K13a2187,13,12,0.000761981624450021
K13a2188,13,12,0.00050384649103578773
K13a2189,13,12,0.0065468897634852231
K13a219,13,12,0.00066086068601797754
K13a2190,13,12,0.0017785765082422682
K13a2191,13,13,0.0028819824782781557
K13a2192,13,12,0.0055786445542175284
K13a2193,13,12,0.00082471343404114897
K13a2194,13,12,0.0075655224935263542
K13a2195,13,12,0.0011076962915321663
K13a2196,13,12,3.0338222698060215e-05
K13a2197,13,12,0.0006935441676789593
K13a2198,13,12,0.0022771188942942461
K13a2199,13,13,4.727280875746742e-05
K13a22,13,13,0.0017090530329481224
K13a220,13,12,0.0088277669153041267
K13a2200,13,12,0.0025281579353742035
K13a2201,13,12,0.00059803229751433042
K13a2202,13,12,0.0003250446005084878
K13a2203,13,12,0.0034546695793992786
K13a2204,13,12,0.003609930999837124
K13a2205,13,12,0.0011855724017854519
K13a2206,13,13,0.0019765200744448668
K13a2207,13,12,0.00046032801070482345
K13a2208,13,12,0.0019576231722430297
K13a2209,13,12,2.6877824252138575e-05
K13a221,13,12,0.001386676459703977
K13a2210,13,12,0.0010185967297473527
K13a2211,13,12,0.00038931215525815079
K13a2212,13,12,0.0001929320174666874
K13a2213,13,12,0.0040205440428319784
K13a2214,13,12,0.0030209148222386279
K13a2215,13,12,0.0015405991793394299
K13a2216,13,12,0.0005992204233641632
K13a2217,13,12,0.00091495457342865704
K13a2218,13,12,0.0016399801533394387
K13a2219,13,12,0.0087963025147879074
K13a222,13,12,0.00060995295364046367
K13a2220,13,12,0.019090075546965658
K13a2221,13,12,0.00092100693035424702
K13a2222,13,12,2.663646965165959e-05
K13a2223,13,12,0.00092845871530803324
K13a2224,13,12,0.0013981791898472827
K13a2225,13,12,0.0028918171449278779
K13a2226,13,12,0.0047279330917692503
K13a2227,13,12,0.0014056476809287365
K13a2228,13,13,0.00045589356773568206
K13a2229,13,13,0.016800501293271396
K13a223,13,12,0.0015757347022904975
K13a2230,13,12,0.00054147329749286259
K13a2231,13,12,0.0038760698706359255
K13a2232,13,12,0.00017180390562844425
K13a2233,13,12,3.0469483508323483e-05
K13a2234,13,12,0.0030097684683163483
K13a2235,13,12,0.0049538749924050093
K13a2236,13,12,0.010930565598639197
K13a2237,13,12,0.00037465866400252613
K13a2238,13,12,0.00025337591531263907
K13a2239,13,12,0.004852542524704349
K13a224,13,12,2.2615417925022629e-05
K13a2240,13,12,0.0003042945455734138
K13a2241,13,12,0.0046147619535532479
K13a2242,13,12,0.0015144086350990381
K13a2243,13,12,0.00065276107136191873
K13a2244,13,12,0.0016744055642728285
K13a2245,13,12,2.1490457566230977e-05
K13a2246,13,13,0.0020124716265966843
K13a2247,13,13,0.0018461844482908596
K13a2248,13,12,0.00081825122674174364
K13a2249,13,12,0.0012256187789723969
K13a225,13,12,0.0028839645400861253
K13a2250,13,12,0.005210149362509066
K13a2251,13,12,0.0020991265958043687
K13a2252,13,12,0.001097624695886906
K13a2253,13,12,0.0033746327959329023
K13a2254,13,12,0.0029066554275705469
K13a2255,13,12,0.0088340991889787664
K13a2256,13,12,0.0035050825726282487
K13a2257,13,12,0.0023640824375104593
K13a2258,13,12,0.0042883604095494071
K13a2259,13,12,0.0037700701330813484
K13a226,13,12,0.00024221528673812006
K13a2260,13,12,0.0047801218580614709
K13a2261,13,12,0.0029124358625326374
K13a2262,13,12,0.004766174382516199
K13a2263,13,12,0.0015204713906788244
K13a2264,13,12,0.00044101560133086526
K13a2265,13,12,0.010416397484365248
K13a2266,13,12,0.0033799924417944778
K13a2267,13,12,0.0065853644986333809
K13a2268,13,12,0.0030638473927460008
K13a2269,13,13,0.0025098055208073304
K13a227,13,12,0.0017542352003669351
K13a2270,13,13,0.00043073827569597739
K13a2271,13,13,0.00027779358798698758
K13a2272,13,12,0.00055582086765284394
K13a2273,13,12,0.00031581400022613241
K13a2274,13,12,1.9163384140515972e-05
K13a2275,13,12,0.0019574364969085264
K13a2276,13,12,0.00084477927645374969
K13a2277,13,12,0.00012160989340884976
K13a2278,13,12,0.00098230088143599209
K13a2279,13,13,0.0018602570658217351
K13a228,13,12,4.7513978908314547e-05
K13a2280,13,12,0.0018197331929205689
K13a2281,13,12,0.006128327954846224
K13a2282,13,12,0.0062780844216861389
K13a2283,13,12,0.00039662938823496329
K13a2284,13,12,0.0010082096009648553
K13a2285,13,13,0.0017542288332160099
K13a2286,13,12,0.0011203638739482845
K13a2287,13,12,0.00035203126141476797
K13a2288,13,12,0.0016411457366664729
K13a2289,13,13,0.0013304548710301285
K13a229,13,12,0.0050139391075524906
K13a2290,13,13,0.0029865828599000051
K13a2291,13,12,0.00066476668333167283
K13a2292,13,12,0.0042828432713491616
K13a2293,13,12,0.0028419204364520168
K13a2294,13,12,0.0035124049999599115
K13a2295,13,12,0.0028560990860080804
K13a2296,13,12,0.00047748174265222008
K13a2297,13,12,0.0018371044087926685
K13a2298,13,12,0.00055507495680292348
K13a2299,13,12,0.00028575063857876228
K13a23,13,12,0.00010919421452245413
K13a230,13,12,0.0038722297020269041
K13a2300,13,12,0.0031205226995627742
K13a2301,13,12,5.8422748156971085e-05
K13a2302,13,12,0.007202792634626462
K13a2303,13,12,0.0036004658981817544
K13a2304,13,12,0.00034189077847488825
K13a2305,13,12,0.0017088442113511425
K13a2306,13,12,0.0013284661890287308
K13a2307,13,12,0.00012050514390081646
K13a2308,13,12,0.00042517584560195843
K13a2309,13,12,0.0019259300934573531
K13a231,13,12,0.0015960859358902812
K13a2310,13,12,0.0059166163706788795
K13a2311,13,12,0.0020244827526680227
K13a2312,13,12,0.0041748050451762223
K13a2313,13,12,0.0028322391333452097
K13a2314,13,12,0.011353422289331628
K13a2315,13,12,0.0022807881488163457
K13a2316,13,12,0.0021444100157103256
K13a2317,13,12,0.0033686051442572565
K13a2318,13,12,0.0015827078757503718
K13a2319,13,12,1.2495512855509588e-05
K13a232,13,13,0.0054286780884347978
K13a2320,13,12,0.0083060998159434039
K13a2321,13,12,0.0035511827439326312
K13a2322,13,12,0.0046510060634840384
K13a2323,13,12,0.0013548899912829541
K13a2324,13,12,0.0013327065636822401
K13a2325,13,12,0.0034634445244540891
K13a2326,13,12,0.0022887606053958545
K13a2327,13,12,0.00024162660316105134
K13a2328,13,12,0.001055789473053931
K13a2329,13,12,0.0011289528866000001
K13a233,13,12,0.0005782376963925414
K13a2330,13,12,0.0013698180219527938
K13a2331,13,12,0.00026781480710478113
K13a2332,13,12,0.00043005921627608162
K13a2333,13,12,0.0046979375588519197
K13a2334,13,12,0.0027362374392601446
K13a2335,13,12,0.0053848404084613439
K13a2336,13,12,0.0025079831806445289
K13a2337,13,12,0.0014423929302384074
K13a2338,13,12,0.0083207969045946753
K13a2339,13,12,0.0098039492518921609
K13a234,13,12,0.0043453830437575405
K13a2340,13,12,0.0008158572239048452
K13a2341,13,12,0.0011569401139863392
K13a2342,13,12,0.00022273809667818235
K13a2343,13,12,0.0093432171247243533
K13a2344,13,12,0.00035257664441205535
K13a2345,13,12,0.0041284643998889788
K13a2346,13,12,0.00053463494605682053
K13a2347,13,12,0.0010200569858899921
K13a2348,13,12,0.00012284123366189644
K13a2349,13,12,0.00072590217752702601
K13a235,13,12,0.00018740941279386231
K13a2350,13,12,0.00054702208295682303
K13a2351,13,12,0.0012439186895999463
K13a2352,13,12,0.00025740048638976383
K13a2353,13,12,0.0026316298555763853
K13a2354,13,12,0.0018525349451505994
K13a2355,13,12,0.0010460331983729403
K13a2356,13,12,0.0022110024532891485
K13a2357,13,12,0.00019081534617792126
K13a2358,13,12,0.0055113417317175619
K13a2359,13,12,0.0025560212509171186
K13a236,13,12,0.00019528095736120969
K13a2360,13,12,0.0013244320606329791
K13a2361,13,12,0.001512771392977959
K13a2362,13,12,0.00056106791759189748
K13a2363,13,12,0.00065070757477966607
K13a2364,13,12,0.001393859808863215
K13a2365,13,12,0.00045947359306234339
K13a2366,13,12,0.0039790952252232994
K13a2367,13,12,0.00086400098828128523
K13a2368,13,12,0.00051094463923029233
K13a2369,13,12,0.00078725118024713676
K13a237,13,13,0.0012185158305866098
K13a2370,13,12,0.0025174249036931176
K13a2371,13,12,0.0046310041882342817
K13a2372,13,12,0.0027219731365907803
K13a2373,13,12,4.6018248087906893e-05
K13a2374,13,12,1.3440301195396716e-05
K13a2375,13,12,0.011494667105210361
K13a2376,13,12,0.0041541305025250431
K13a2377,13,12,0.0026341336818388938
K13a2378,13,12,0.00065989886436285594
K13a2379,13,12,0.00040013130890942535
K13a238,13,13,0.0024267959450602894
K13a2380,13,12,0.0032088327017388619
K13a2381,13,12,0.0023928474355033457
K13a2382,13,12,0.0086184961718747139
K13a2383,13,12,0.00091628742330713045
K13a2384,13,12,0.0040194061156584747
K13a2385,13,12,0.010522111862473305
K13a2386,13,12,0.0011099814015284055
K13a2387,13,12,0.0022781957083206645
K13a2388,13,12,0.00054231775978012852
K13a2389,13,12,8.0632823871558482e-06
K13a239,13,12,0.00032449359565134522
K13a2390,13,12,0.0022522901541555378
K13a2391,13,12,1.6736520466507861e-05
K13a2392,13,12,0.0026365822564010434
K13a2393,13,12,0.0031379220826220381
K13a2394,13,12,0.0048029945883095752
K13a2395,13,12,0.0007995447319544735
K13a2396,13,12,0.0014029951408499951
K13a2397,13,12,0.00080253040958295097
K13a2398,13,12,0.0017508148384321961
K13a2399,13,12,0.0024159314257507026
K13a24,13,12,0.0049167992289044487
K13a240,13,13,2.2636849698146521e-05
K13a2400,13,12,0.0024783112626290847
K13a2401,13,12,0.0022772226470242963
K13a2402,13,12,0.0037243073569246908
K13a2403,13,12,4.1115838020366164e-06
K13a2404,13,12,0.0001676938938052006
K13a2405,13,12,0.0013081135776398249
K13a2406,13,12,0.00067472866081333144
K13a2407,13,12,0.0086513520208877214
K13a2408,13,12,0.0064285198515514055
K13a2409,13,12,0.0016403246739849662
K13a241,13,13,0.0005722509114811455
K13a2410,13,12,0.005615324901181289
K13a2411,13,12,0.0020851586456679862
K13a2412,13,12,0.001363047937148136
K13a2413,13,12,5.45930438201875e-05
K13a2414,13,12,0.0038725839536791836
K13a2415,13,12,0.00080754778918585527
K13a2416,13,12,3.4160645501642445e-05
K13a2417,13,12,0.00070212428091315021
K13a2418,13,12,0.010890271140867663
K13a2419,13,12,0.0044413698412232661
K13a242,13,12,0.00091237952332589927
K13a2420,13,12,0.0015004042731968873
K13a2421,13,12,0.0003149949971305445
K13a2422,13,12,0.001455492955928801
K13a2423,13,12,0.00013704550560272852
K13a2424,13,12,0.0054155193674185432
K13a2425,13,12,0.00031314661727587526
K13a2426,13,12,0.0012142240175308761
K13a2427,13,13,0.0060282582706065735
K13a2428,13,12,0.0031734229260521399
K13a2429,13,12,0.0011095140243038179
K13a243,13,12,0.0018087657980438777
K13a2430,13,12,0.0013230552090913801
K13a2431,13,12,0.0016006455002190189
K13a2432,13,12,0.0019764303766617182
K13a2433,13,12,0.001617073433594352
K13a2434,13,12,0.0042810393457953459
K13a2435,13,12,0.005683566723717723
K13a2436,13,12,0.0015722969326533896
K13a2437,13,12,0.0027333554032646797
K13a2438,13,12,0.0091885158460664439
K13a2439,13,12,0.0042137090863422107
K13a244,13,12,0.0079726317956795145
K13a2440,13,12,0.0057830933103053903
K13a2441,13,12,0.0046834235566406805
K13a2442,13,12,0.00075180319984198822
K13a2443,13,12,0.003573393925503984
K13a2444,13,12,0.00082439532076014654
K13a2445,13,13,0.0006046275222155997
K13a2446,13,12,0.0092699957789444485
K13a2447,13,12,0.00037627524195811438
K13a2448,13,12,0.0018365031330873055
K13a2449,13,13,0.0064767379083390036
K13a245,13,13,0.00035329322982785398
K13a2450,13,13,0.0049515042389572635
K13a2451,13,13,0.0047150820780712185
K13a2452,13,13,0.0015588281203759542
K13a2453,13,12,0.0023511486163584894
K13a2454,13,12,0.0005153143551757393
K13a2455,13,12,0.0011261025745884022
K13a2456,13,12,0.0013053538853371076
K13a2457,13,12,0.0041100589681612749
K13a2458,13,13,0.00045018043140011951
K13a2459,13,12,0.00033379208676778547
K13a246,13,13,0.0007175239524714102
K13a2460,13,12,0.0022601118841846565
K13a2461,13,12,0.0022948352788512492
K13a2462,13,13,0.0018758365655912909
K13a2463,13,13,0.00033982807362710173
K13a2464,13,13,0.0018946656411456975
K13a2465,13,13,0.0098702513180219109
K13a2466,13,12,0.0054323935065535046
K13a2467,13,12,0.00055392436183204189
K13a2468,13,12,0.01122287209214571
K13a2469,13,12,0.00053010689764772798
K13a247,13,13,0.0046485631590059365
K13a2470,13,12,8.6873643740326026e-05
K13a2471,13,12,0.0048898465031864654
K13a2472,13,12,0.00026978468815268644
K13a2473,13,13,0.0046429195957664888
K13a2474,13,12,0.00051866913183943968
K13a2475,13,13,0.00052105211071487177
K13a2476,13,12,0.0018309369161858178
K13a2477,13,12,0.0019630598045920957
K13a2478,13,13,0.0022747222079863021
K13a2479,13,12,0.00049725581895062633
K13a248,13,13,0.0028861224678775085
K13a2480,13,12,9.8990822189305746e-05
K13a2481,13,12,0.0041885341872528077
K13a2482,13,12,0.0023750840848130112
K13a2483,13,12,0.0001704789296102861
K13a2484,13,12,0.0015440625181798119
K13a2485,13,12,0.00088832089811386556
K13a2486,13,12,0.00053704607116351606
K13a2487,13,12,0.0019646407925453966
K13a2488,13,12,0.00031603225151402022
K13a2489,13,12,0.00094530683226392773
K13a249,13,13,0.0034849158443696826
K13a2490,13,12,0.0032584047202670083
K13a2491,13,12,0.0018274623890653142
K13a2492,13,12,0.0018572206979701562
K13a2493,13,12,0.0020771255154661775
K13a2494,13,12,0.005772527809822149
K13a2495,13,12,0.0044990556699364198
K13a2496,13,12,0.0015200076002879366
K13a2497,13,12,0.0015441976476933542
K13a2498,13,12,0.0043290105098984909
K13a2499,13,12,0.0045404956797219466
K13a25,13,13,0.0018647723562757578
K13a250,13,12,0.0028248481645364735
K13a2500,13,12,0.00074555195811868043
K13a2501,13,12,0.00017558995831595649
K13a2502,13,12,0.0085714082440836933
K13a2503,13,12,0.00018077606026380288
K13a2504,13,12,0.0019743721035869531
K13a2505,13,12,0.0060602047656496431
K13a2506,13,12,0.0018056511187370572
K13a2507,13,12,0.00037391615264107276
K13a2508,13,12,0.0007809999143610876
K13a2509,13,13,0.007105943173902441
K13a251,13,13,0.00093963327637599896
K13a2510,13,12,0.0040254263263136804
K13a2511,13,12,0.0015508876200336869
K13a2512,13,12,0.00027614148647405292
K13a2513,13,12,0.0077866583909124969
K13a2514,13,12,0.00017830939571471805
K13a2515,13,12,0.0012353444381821097
K13a2516,13,12,0.00020189510628240581
K13a2517,13,12,4.3656690622010111e-05
K13a2518,13,12,7.5072682949559659e-05
K13a2519,13,12,0.0003512877945632419
K13a252,13,13,0.0041612897890196936
K13a2520,13,12,0.0074729273751767359
K13a2521,13,12,1.1629295069283756e-05
K13a2522,13,12,0.0014102739113549974
K13a2523,13,13,0.00052911468703313526
K13a2524,13,12,0.0032513109380423086
K13a2525,13,12,0.0010098354464553225
K13a2526,13,12,0.0029582482732591151
K13a2527,13,12,0.00028695689142361916
K13a2528,13,12,0.000389630594944061
K13a2529,13,12,0.00083121037739998234
K13a253,13,12,0.0014478325221900542
K13a2530,13,12,0.0028035153088983812
K13a2531,13,12,0.0007604258600435338
K13a2532,13,12,0.0033934264077695839
K13a2533,13,12,0.004806913402409279
K13a2534,13,12,0.0001152883661142648
K13a2535,13,12,0.00077994015682514501
K13a2536,13,13,0.0012111239111833353
K13a2537,13,12,0.0020306088768126326
K13a2538,13,12,0.0012157050526347851
K13a2539,13,13,0.00016004945636137873
K13a254,13,12,0.0033605268934734076
K13a2540,13,12,0.00093112193516249207
K13a2541,13,12,0.0014522968119841202
K13a2542,13,12,0.0075023040226634315
K13a2543,13,12,0.002370753553594819
K13a2544,13,12,0.00014882783084547202
K13a2545,13,12,0.0045036266265124567
K13a2546,13,12,0.0043687339882949559
K13a2547,13,12,0.0050859895368816164
K13a2548,13,13,0.0031341269984082125
K13a2549,13,13,0.00056386605272578858
K13a255,13,13,0.00063962786984697172
K13a2550,13,13,0.018259683333248584
K13a2551,13,13,0.0017736461557100356
K13a2552,13,12,0.00078216457000412215
K13a2553,13,12,0.00096006168087806509
K13a2554,13,12,0.0016426830578887221
K13a2555,13,12,0.0013659815975699979
K13a2556,13,11,0.00050791438833234365
K13a2557,13,12,0.0060430242693880563
K13a2558,13,12,0.003854314900659888
K13a2559,13,13,0.0028983815354305807
K13a256,13,12,0.0014626808119030037
K13a2560,13,13,0.0028622537212815145
K13a2561,13,11,0.0044055841496218407
K13a2562,13,11,0.005341936725241277
K13a2563,13,12,0.0090768069091047444
K13a2564,13,12,0.0013952258725622954
K13a2565,13,12,0.00034102673210200079
K13a2566,13,12,0.00032697606811054621
K13a2567,13,12,0.00039467671033182374
K13a2568,13,13,0.0032891388178116622
K13a2569,13,12,0.0078186645845984178
K13a257,13,13,0.00038684260290164
K13a2570,13,12,0.00032512907226626747
K13a2571,13,12,0.001837556307883285
K13a2572,13,12,0.00055213937494394752
K13a2573,13,13,0.0060006434520767189
K13a2574,13,13,0.0069715920273831847
K13a2575,13,12,0.0064892971076198902
K13a2576,13,12,0.0051140848092943222
K13a2577,13,13,0.0051279370441747246
K13a2578,13,12,0.00013586169351198119
K13a2579,13,12,0.0014296519593972254
K13a258,13,13,0.00015050110915535147
K13a2580,13,12,0.0012660489914417458
K13a2581,13,12,0.0053304239182471475
K13a2582,13,12,0.0015131005870687845
K13a2583,13,13,0.0029844411305999853
K13a2584,13,13,0.011284100458992476
K13a2585,13,12,0.0029239943411610262
K13a2586,13,12,0.0046503181737290317
K13a2587,13,12,0.0036409453542640235
K13a2588,13,12,0.0039837482205985339
K13a2589,13,12,0.0041152705881752263
K13a259,13,13,0.0070441057982636923
K13a2590,13,12,0.0038223663161809063
K13a2591,13,12,0.0014873985826955941
K13a2592,13,12,0.0016120868553010672
K13a2593,13,12,0.0016882076403143163
K13a2594,13,12,0.002508002560844665
K13a2595,13,12,0.0099066272028407298
K13a2596,13,12,0.00033244169795425412
K13a2597,13,12,0.00060109354268051492
K13a2598,13,12,0.0020545633802910757
K13a2599,13,12,0.0054476847063370821
K13a26,13,13,0.0016288494781697188
K13a260,13,12,0.00024776662112066164
K13a2600,13,13,0.0029859839319776793
K13a2601,13,12,0.00097511997237573818
K13a2602,13,12,0.0001976262228341257
K13a2603,13,12,0.018201528425043394
K13a2604,13,12,0.016046611647684575
K13a2605,13,12,0.002299642351763755
K13a2606,13,12,0.0019659927322309744
K13a2607,13,12,0.0014858977782555194
K13a2608,13,12,0.0014389391946336876
K13a2609,13,12,0.0020604497194492625
K13a261,13,12,0.0027490301199459598
K13a2610,13,12,0.0013485270530345223
K13a2611,13,12,0.0018421834309833972
K13a2612,13,12,0.00050348007785943651
K13a2613,13,13,0.0093641812248980421
K13a2614,13,12,0.0018515198041261993
K13a2615,13,13,0.0029058366898351211
K13a2616,13,13,0.0007379304627309803
K13a2617,13,13,0.0045400402962467315
K13a2618,13,13,0.0031195919909981682
K13a2619,13,13,0.0060526219140549248
K13a262,13,12,0.00039555980771215896
K13a2620,13,13,0.0061425487707868938
K13a2621,13,12,0.00033907979438089835
K13a2622,13,12,0.003874511057707036
K13a2623,13,12,0.0061958702407592476
K13a2624,13,12,0.0065840656070569378
K13a2625,13,12,0.00432181075042348
K13a2626,13,12,0.0013193798468297245
K13a2627,13,12,0.00040078628217633068
K13a2628,13,12,0.0011462353769149652
K13a2629,13,12,0.00079396822637922151
K13a263,13,13,5.1930661415856049e-06
K13a2630,13,12,0.00059748064897317094
K13a2631,13,12,0.00093016361435866292
K13a2632,13,13,0.0033924597369308822
K13a2633,13,12,0.0063702835257866642
K13a2634,13,12,0.00010000867916114338
K13a2635,13,12,0.00023678881564831702
K13a2636,13,12,0.0017264996456252879
K13a2637,13,12,0.00036043124527713284
K13a2638,13,12,0.0033380945352387611
K13a2639,13,12,0.004418997517112019
K13a264,13,12,0.0018833482986006964
K13a2640,13,12,0.0026289827490059243
K13a2641,13,12,0.0013047374494297072
K13a2642,13,12,0.00020261954205074217
K13a2643,13,12,0.0066312484857337052
K13a2644,13,12,0.00095856304100742972
K13a2645,13,12,0.0016599570212830455
K13a2646,13,12,0.011740768917465306
K13a2647,13,12,1.804700381631214e-05
K13a2648,13,12,0.00068383580781438823
K13a2649,13,12,0.0037077608072864946
K13a265,13,12,0.0018325056239159173
K13a2650,13,12,0.0022393879094284403
K13a2651,13,12,0.0040208006834689114
K13a2652,13,12,0.001848938887109545
K13a2653,13,12,0.00067326279342539005
K13a2654,13,12,0.0014370196925866828
K13a2655,13,12,0.0040862623938845545
K13a2656,13,12,0.0034973467726554346
K13a2657,13,12,0.00030383352926119486
K13a2658,13,12,0.0023159582677856764
K13a2659,13,12,0.0019226894709272043
K13a266,13,12,0.0022178613322621733
K13a2660,13,12,0.0032283650048008294
K13a2661,13,12,0.0032372238224778992
K13a2662,13,12,0.004334162962369258
K13a2663,13,13,7.0323869687362757e-06
K13a2664,13,12,0.0056366444576872619
K13a2665,13,12,0.0018943334534997345
K13a2666,13,12,0.0032276912954939093
K13a2667,13,12,0.00040231484702182391
K13a2668,13,12,0.00021467443527172075
K13a2669,13,12,0.0019407600767498688
K13a267,13,12,0.0013423054006600466
K13a2670,13,12,0.00068792318950120022
K13a2671,13,12,0.0001353939674799445
K13a2672,13,12,0.00044738795230744394
K13a2673,13,12,0.0035575118586893906
K13a2674,13,12,0.0093921642895386289
K13a2675,13,12,0.0016990671581584064
K13a2676,13,13,0.002926254404674011
K13a2677,13,12,0.0016723490141562049
K13a2678,13,12,0.0013217201629766818
K13a2679,13,12,0.00096902259484124261
K13a268,13,12,0.0026104392606586821
K13a2680,13,12,0.00197777877160102
K13a2681,13,12,0.0002652431164969729
K13a2682,13,12,0.0035827842293834049
K13a2683,13,12,0.00012491683963004329
K13a2684,13,12,0.0002776034904561694
K13a2685,13,13,0.00070251799007060444
K13a2686,13,13,0.0027315165486773733
K13a2687,13,12,0.00096166793693947168
K13a2688,13,12,0.0011820323806376837
K13a2689,13,13,0.0099961219903344969
K13a269,13,12,0.0042127277008377675
K13a2690,13,12,0.011402004236726743
K13a2691,13,13,0.0010762976609572192
K13a2692,13,12,0.00028528309377993705
K13a2693,13,12,0.0059641417355460946
K13a2694,13,12,0.002886262902383746
K13a2695,13,13,0.0013492683271296455
K13a2696,13,12,0.00087611803424964072
K13a2697,13,13,0.0010369089397265297
K13a2698,13,12,0.00094195988895272428
K13a2699,13,12,0.0040639008600345675
K13a27,13,12,4.8901631602693044e-05
K13a270,13,12,8.3335825249529426e-05
K13a2700,13,12,0.00085255086310942702
K13a2701,13,13,0.0017633315198363124
K13a2702,13,12,0.00070221955203006957
K13a2703,13,13,0.0022582687518356778
K13a2704,13,12,0.00015310529160331783
K13a2705,13,13,0.023078393315222257
K13a2706,13,13,0.00068216964458047661
K13a2707,13,12,0.001045373168902965
K13a2708,13,12,0.0018413874133557456
K13a2709,13,12,0.00053202845032191749
K13a271,13,12,0.0007434489127769125
K13a2710,13,12,0.0025622448168914859
K13a2711,13,12,0.0016968125821036342
K13a2712,13,12,0.00061434658373759525
K13a2713,13,12,0.00069838889839585075
K13a2714,13,12,0.00035795399893798316
K13a2715,13,12,0.00098047075721027538
K13a2716,13,12,0.010820133093505123
K13a2717,13,12,0.0037359213032839836
K13a2718,13,12,0.00026935901866391595
K13a2719,13,12,0.0008358259427237773
K13a272,13,12,0.00093952693104729448
K13a2720,13,12,0.00082618695820496234
K13a2721,13,13,0.0002671270544290023
K13a2722,13,12,0.00083242219424014901
K13a2723,13,12,0.00031027033013722216
K13a2724,13,13,0.00028088910856245854
K13a2725,13,13,1.0484818134666425e-05
K13a2726,13,12,0.0041278580336742013
K13a2727,13,13,0.00016800440352611007
K13a2728,13,12,3.4969675659704472e-05
K13a2729,13,12,0.0053951412600410052
K13a273,13,13,4.7827992516388502e-06
K13a2730,13,12,0.00049435186474815456
K13a2731,13,12,0.00167874699948527
K13a2732,13,12,0.00089799380265953447
K13a2733,13,12,0.00038740972236673031
K13a2734,13,13,0.000243498969284218
K13a2735,13,13,0.0013800600836155908
K13a2736,13,12,0.0018527292633784239
K13a2737,13,12,0.0036301755776069547
K13a2738,13,12,0.0021993991806869948
K13a2739,13,12,0.0062925828660235945
K13a274,13,12,0.00031025515474647822
K13a2740,13,12,0.0034083531336169394
K13a2741,13,12,0.00065012345015673075
K13a2742,13,12,0.00071827775454968133
K13a2743,13,12,0.0019216451765658566
K13a2744,13,12,0.0023004758676412889
K13a2745,13,12,0.006001415364018413
K13a2746,13,12,0.0047879582099709089
K13a2747,13,12,0.00038372906152115576
K13a2748,13,12,0.0042312731367809839
K13a2749,13,12,0.00055561706610042169
K13a275,13,13,0.0027314271784425301
K13a2750,13,12,0.00061348270608404436
K13a2751,13,12,0.00014035881392433176
K13a2752,13,12,0.0044571881704072221
K13a2753,13,12,0.00034058913421632238
K13a2754,13,12,0.00028161753199077398
K13a2755,13,13,0.0024241830644013257
K13a2756,13,13,0.0067043396294134572
K13a2757,13,12,0.0038210570285449538
K13a2758,13,13,0.00088219293848798368
K13a2759,13,12,0.00085883210069750125
K13a276,13,13,0.0059734231075442229
K13a2760,13,12,0.0080949692607356072
K13a2761,13,12,7.5609763142850061e-05
K13a2762,13,13,0.0016378387635150168
K13a2763,13,12,0.0019098380546322337
K13a2764,13,12,0.0015940191719500984
K13a2765,13,12,0.0087082934509207389
K13a2766,13,12,0.0014044455529397123
K13a2767,13,12,0.0022813218195823072
K13a2768,13,12,3.2388905065683152e-06
K13a2769,13,12,0.00036088038465843249
K13a277,13,12,0.00030564982018363885
K13a2770,13,12,0.0041368221873263264
K13a2771,13,12,0.0007632740047359062
K13a2772,13,12,0.00027086975340648035
K13a2773,13,12,0.0010890141869681449
K13a2774,13,12,0.001588567017869788
K13a2775,13,12,0.0034882959398750018
K13a2776,13,13,0.0022595724795293113
K13a2777,13,12,0.0024018891487120443
K13a2778,13,13,0.00098835751810327495
K13a2779,13,12,0.00076387338444243512
K13a278,13,12,0.0033998394826382922
K13a2780,13,12,0.0056422733436141664
K13a2781,13,12,0.00346277893378652
K13a2782,13,12,0.0011432091353501834
K13a2783,13,12,0.00070547118412232377
K13a2784,13,12,0.0021505702012854077
K13a2785,13,12,0.00012467599573778569
K13a2786,13,12,0.0038415168277902774
K13a2787,13,12,0.00012437394397974826
K13a2788,13,12,0.0054086514718338346
K13a2789,13,12,0.00013986678447426711
K13a279,13,12,0.0053893353944013097
K13a2790,13,12,6.7345142209151315e-05
K13a2791,13,12,0.00080640196013561434
K13a2792,13,12,0.00082853166131414957
K13a2793,13,12,0.00062473375311931435
K13a2794,13,12,0.00057510407492413482
K13a2795,13,12,0.0151935808987229
K13a2796,13,12,0.0010928767660035735
K13a2797,13,12,0.0045978739354375874
K13a2798,13,12,0.0053125258767672033
K13a2799,13,12,0.002881700322314914
K13a28,13,13,0.00068368211337445643
K13a280,13,12,0.00029673089255331152
K13a2800,13,12,0.0033890099579340582
K13a2801,13,12,0.00030620051683437653
K13a2802,13,12,0.0021718952956382501
K13a2803,13,12,0.0010423433951995838
K13a2804,13,13,0.0064814054267629921
K13a2805,13,12,0.00088174715553774295
K13a2806,13,12,0.00090234847262996064
K13a2807,13,12,0.0061959500620016508
K13a2808,13,12,0.00050133270409132263
K13a2809,13,12,0.00077472805224887854
K13a281,13,12,0.0025479525352235994
K13a2810,13,12,0.00060014759339851965
K13a2811,13,12,0.0024136037677243249
K13a2812,13,12,0.0011277011347769648
K13a2813,13,12,0.001339758602635183
K13a2814,13,12,0.0077171962067033011
K13a2815,13,12,0.00065709899975583579
K13a2816,13,13,0.0021457870502510188
K13a2817,13,12,3.2698565402267747e-05
K13a2818,13,12,0.0042129526539639956
K13a2819,13,12,0.0013241786873814405
K13a282,13,13,0.0011523870278037983
K13a2820,13,12,0.00032240880843303622
K13a2821,13,13,0.0020806422668379777
K13a2822,13,13,0.022170853624935153
K13a2823,13,13,0.00079892638613602586
K13a2824,13,12,0.0019451675582893664
K13a2825,13,13,0.0039821964144399922
K13a2826,13,12,0.0024917872130718276
K13a2827,13,12,0.0015168576647082673
K13a2828,13,12,0.0012761542197970888
K13a2829,13,13,0.002101338531525073
K13a283,13,13,0.0014131875139298045
K13a2830,13,12,0.001916024489382941
K13a2831,13,13,0.0043869904148610426
K13a2832,13,12,0.0023672500516286228
K13a2833,13,12,0.00043825966567726465
K13a2834,13,12,0.0050993859768919281
K13a2835,13,12,0.0014417896616553195
K13a2836,13,12,0.00256607235171261
K13a2837,13,12,0.00017898953322046903
K13a2838,13,12,0.00055728462424819341
K13a2839,13,12,0.0013758445113914717
K13a284,13,13,0.0082557953460990988
K13a2840,13,12,0.0010575530547980614
K13a2841,13,12,0.0005229259295563267
K13a2842,13,12,0.0017108054315290949
K13a2843,13,12,0.00058840556146699872
K13a2844,13,13,4.0325077861218935e-05
K13a2845,13,12,0.0005209791828578534
K13a2846,13,12,0.0060780161973183677
K13a2847,13,12,0.010400365044245715
K13a2848,13,12,0.0010829960421680606
K13a2849,13,12,0.0091777469573389898
K13a285,13,13,0.005847971304929196
K13a2850,13,12,0.0012971033335865648
K13a2851,13,13,0.0045636323456719197
K13a2852,13,12,0.0034401898082734497
K13a2853,13,12,0.00091117845892903975
K13a2854,13,12,0.0020069018257955272
K13a2855,13,13,0.013794320513136582
K13a2856,13,13,0.00017369545236145789
K13a2857,13,13,0.00026226927143682677
K13a2858,13,13,0.0065553368013660466
K13a2859,13,13,0.0020575063720497328
K13a286,13,12,0.00031344094217246261
K13a2860,13,12,0.0012677141488762187
K13a2861,13,12,0.00036588551881339387
K13a2862,13,12,0.0014404975090063722
K13a2863,13,12,1.453140156480654e-05
K13a2864,13,12,0.0022950438306311603
K13a2865,13,12,0.00031754388960633488
K13a2866,13,12,0.0024057826510522889
K13a2867,13,12,0.0082890963215257202
K13a2868,13,12,0.0062626701432611275
K13a2869,13,12,0.0028003380742683882
K13a287,13,12,0.0010726518594284468
K13a2870,13,12,0.0017966096171752989
K13a2871,13,12,0.00070755948673250182
K13a2872,13,12,0.0013369358561988456
K13a2873,13,12,0.0024830256467779682
K13a2874,13,12,0.0005610210981501978
K13a2875,13,12,0.015770563136227465
K13a2876,13,12,0.0018506795479867866
K13a2877,13,12,0.0021429174682392328
K13a2878,13,12,0.0023738733898609563
K13a2879,13,13,0.00057352150004051151
K13a288,13,12,0.0012984323206368801
K13a2880,13,12,0.00022944015855726931
K13a2881,13,12,0.0021412002650600124
K13a2882,13,13,0.00083488930176794452
K13a2883,13,12,0.0058783527634161913
K13a2884,13,12,0.0085019442063427597
K13a2885,13,12,0.00315170338787243
K13a2886,13,12,0.0013896674845507318
K13a2887,13,12,0.0045434132926085525
K13a2888,13,12,7.5362044717210188e-05
K13a2889,13,12,0.0054104437577454515
K13a289,13,12,0.0018714811911012233
K13a2890,13,12,0.0045761490884622365
K13a2891,13,13,0.0013248077630576014
K13a2892,13,13,0.0067230340184584918
K13a2893,13,12,0.0026809463957553677
K13a2894,13,12,0.00037892036571909334
K13a2895,13,12,0.00015369056557111306
K13a2896,13,12,0.0010075820286475012
K13a2897,13,12,0.0010011255953570602
K13a2898,13,12,0.0023254346351924415
K13a2899,13,12,0.011642139001965363
K13a29,13,13,0.0066172395437277135
K13a290,13,12,0.00024867549794066159
K13a2900,13,12,0.0030582944943234091
K13a2901,13,12,0.0029141308017071096
K13a2902,13,12,0.00070603739322977748
K13a2903,13,12,0.013159201197499658
K13a2904,13,12,0.00015932259432230113
K13a2905,13,12,0.00025061598671517066
K13a2906,13,12,0.00042300090569486213
K13a2907,13,12,0.0012669061816812305
K13a2908,13,12,0.0025417566011087726
K13a2909,13,12,0.0012277851697944061
K13a291,13,12,0.0062193434022382414
K13a2910,13,12,0.0031265960800553401
K13a2911,13,12,0.0054589296346578197
K13a2912,13,12,0.0022302721926060545
K13a2913,13,12,0.0012964244992356736
K13a2914,13,12,0.00092574959192875646
K13a2915,13,12,0.0022559094622646957
K13a2916,13,12,0.0029519990500517282
K13a2917,13,12,0.0046162912806492935
K13a2918,13,12,0.00022824378293800383
K13a2919,13,12,0.0012353492735703514
K13a292,13,12,0.0030927260676505588
K13a2920,13,12,0.0031901337190141559
K13a2921,13,12,0.0052089515751972439
K13a2922,13,12,0.0054178898925091035
K13a2923,13,12,0.0016130145673838713
K13a2924,13,12,0.0084920114529840902
K13a2925,13,12,5.4047804308225259e-05
K13a2926,13,12,0.0029697993375779955
K13a2927,13,13,0.00028312555546451001
K13a2928,13,12,0.0055297498311948495
K13a2929,13,12,0.00017430258928355754
K13a293,13,12,0.0022091231074117361
K13a2930,13,12,0.0023065488852379804
K13a2931,13,13,0.00038273610270061532
K13a2932,13,12,0.0010872759349870604
K13a2933,13,12,7.9606762719016983e-05
K13a2934,13,12,0.0014790502502717089
K13a2935,13,12,0.0004118986158993902
K13a2936,13,13,0.0018516216036860973
K13a2937,13,13,0.0024283037472099915
K13a2938,13,12,0.0018915056017559414
K13a2939,13,13,0.004394280028831906
K13a294,13,12,0.0038180077737376772
K13a2940,13,12,0.0054607716915792406
K13a2941,13,12,0.0015739587493328621
K13a2942,13,12,0.0064054567059927394
K13a2943,13,12,0.00098895988026915962
K13a2944,13,12,0.0025023971402548498
K13a2945,13,13,0.0036737642071830259
K13a2946,13,13,0.00034403380530470296
K13a2947,13,13,0.0032114866782246908
K13a2948,13,13,0.0062119186331835215
K13a2949,13,13,0.0020589556712089152
K13a295,13,12,0.0014710919571175559
K13a2950,13,13,0.0014783363022276923
K13a2951,13,12,0.0011210028703095582
K13a2952,13,12,0.00046816123578359055
K13a2953,13,12,0.0065400319685602233
K13a2954,13,13,0.00019890205036258358
K13a2955,13,12,0.0020740598733290368
K13a2956,13,12,0.0033342764727421906
K13a2957,13,12,0.0021104552204291465
K13a2958,13,12,0.0043295479119619526
K13a2959,13,12,0.0039273694108324618
K13a296,13,12,0.0022926100902204163
K13a2960,13,12,0.001741487151005213
K13a2961,13,12,0.0046874074818574482
K13a2962,13,12,0.0023239622874502187
K13a2963,13,12,0.0036579152852947551
K13a2964,13,12,0.0011150725465034581
K13a2965,13,12,1.7441108699826458e-05
K13a2966,13,12,0.0016988988953477023
K13a2967,13,12,0.0020465691239084775
K13a2968,13,12,0.008229976734043189
K13a2969,13,12,0.00090404586684244171
K13a297,13,12,0.0032180560169068366
K13a2970,13,12,0.00058222272464414501
K13a2971,13,12,0.0003466529126984707
K13a2972,13,12,0.0011956918048005314
K13a2973,13,12,0.00052094819644427559
K13a2974,13,12,0.0002442338445127765
K13a2975,13,12,0.0029063558833537142
K13a2976,13,12,0.0085719111856685463
K13a2977,13,12,0.0015535700785986825
K13a2978,13,12,0.0011368066759397824
K13a2979,13,12,0.00039060592223128405
K13a298,13,13,0.0076940746116946337
K13a2980,13,12,0.00266462796997148
K13a2981,13,12,0.0021014472995789174
K13a2982,13,12,0.0033515598741981692
K13a2983,13,12,0.0023815793205890817
K13a2984,13,12,0.0042785869671431841
K13a2985,13,12,0.0008617129545854833
K13a2986,13,12,0.0011001413124025444
K13a2987,13,12,0.00057664122569671373
K13a2988,13,12,0.0051756233046713852
K13a2989,13,12,0.002240286608426071
K13a299,13,12,0.0039293512884543587
K13a2990,13,12,0.0037710073676781126
K13a2991,13,12,0.00046233364031671224
K13a2992,13,12,0.0054604832719203746
K13a2993,13,12,0.0010551914911081208
K13a2994,13,12,0.0073945863004065389
K13a2995,13,12,0.0012628477747102097
K13a2996,13,12,0.0005301901123469701
K13a2997,13,12,0.0074716793368491087
K13a2998,13,12,0.0024188732343085437
K13a2999,13,12,0.0020938562262670093
K13a3,13,12,0.001154321995422705
K13a30,13,12,0.00012097582186166446
K13a300,13,12,0.0041135296733998301
K13a3000,13,12,0.00045360821695659444
K13a3001,13,12,0.0040016893725578718
K13a3002,13,12,0.00092133549243331257
K13a3003,13,12,0.0012368283707950701
K13a3004,13,12,0.00090043073245006872
K13a3005,13,12,0.00091328916349419232
K13a3006,13,13,0.0030568800759142364
K13a3007,13,12,0.0047284180887076687
K13a3008,13,12,0.0048001190719886575
K13a3009,13,13,0.0019420589880142323
K13a301,13,12,0.0021995200426640281
K13a3010,13,13,0.00044752045490930236
K13a3011,13,13,0.0036459899182841693
K13a3012,13,13,0.014996808522525971
K13a3013,13,13,0.0005522061116395513
K13a3014,13,13,3.9243888435324471e-05
K13a3015,13,13,0.00058335915325469787
K13a3016,13,12,0.0022964522275308354
K13a3017,13,12,0.0024458888166245269
K13a3018,13,12,0.00063082450716038291
K13a3019,13,13,0.0085379943426061849
K13a302,13,12,0.00035914789904644724
K13a3020,13,13,0.0011041333928151933
K13a3021,13,13,2.8540766787217083e-05
K13a3022,13,12,0.0011272201130068512
K13a3023,13,12,0.0015018718538243033
K13a3024,13,12,0.00093178319444866316
K13a3025,13,12,0.0080524892704822854
K13a3026,13,12,0.0010717467213531796
K13a3027,13,12,0.013587820914998688
K13a3028,13,12,0.00022726397899287893
K13a3029,13,13,0.00020177745695016108
K13a303,13,12,0.0027462086691625353
K13a3030,13,13,0.001123086235190209
K13a3031,13,13,0.0084384085223353136
K13a3032,13,13,0.002882308703686384
K13a3033,13,13,0.00912231943343823
K13a3034,13,12,0.00043244470581931465
K13a3035,13,13,0.0016401336350129196
K13a3036,13,12,0.00072143134626707396
K13a3037,13,12,9.442450993018581e-07
K13a3038,13,13,0.00030267720318722166
K13a3039,13,12,0.00086549038537026154
K13a304,13,12,0.0026903853648388488
K13a3040,13,13,0.014098781464793656
K13a3041,13,12,0.0011782401853504822
K13a3042,13,13,0.017631864582662058
K13a3043,13,12,0.00094994094331889687
K13a3044,13,12,2.0469025996934074e-05
K13a3045,13,12,0.001044589314262083
K13a3046,13,12,0.0018529844988620953
K13a3047,13,12,0.00077007665091531282
K13a3048,13,12,0.0010839902758430677
K13a3049,13,12,0.00062088860974687321
K13a305,13,12,0.0016724520768585107
K13a3050,13,12,0.00013582684086784188
K13a3051,13,12,0.00032585522489584804
K13a3052,13,12,0.0021635204857346204
K13a3053,13,12,0.0039873661458551682
K13a3054,13,12,0.0010525263569876094
K13a3055,13,12,5.8479070214585109e-05
K13a3056,13,12,0.0023038366114839894
K13a3057,13,12,0.00065644410976875079
K13a3058,13,12,0.0010972349475936783
K13a3059,13,13,0.00052102737608599999
K13a306,13,12,0.004575819987708697
K13a3060,13,12,0.0025692077896206844
K13a3061,13,12,0.0069087712693867362
K13a3062,13,12,6.8144943262610615e-05
K13a3063,13,12,0.0010417536476674688
K13a3064,13,12,0.0018718203798053972
K13a3065,13,12,0.00026332173579423138
K13a3066,13,12,0.0020834206712852053
K13a3067,13,12,0.0033284704973011864
K13a3068,13,12,0.0049544785599833722
K13a3069,13,12,0.0085754276024763501
K13a307,13,12,0.0010644151424580501
K13a3070,13,12,0.00069628239101549928
K13a3071,13,13,0.0090124885836945622
K13a3072,13,12,0.0019399473332792991
K13a3073,13,12,0.0038189536168740678
K13a3074,13,12,0.013698174547209266
K13a3075,13,12,0.0025389515247971626
K13a3076,13,12,0.0012829561216656789
K13a3077,13,12,0.0096152000310940899
K13a3078,13,12,0.0033362045069055563
K13a3079,13,12,0.0016269912938983784
K13a308,13,12,0.0025900499673802537
K13a3080,13,12,0.00013484887780677141
K13a3081,13,12,0.000843216260578057
K13a3082,13,12,0.00086709033940543436
K13a3083,13,12,0.003989368681060851
K13a3084,13,12,0.00080763232739728351
K13a3085,13,12,0.00017897752521773598
K13a3086,13,12,0.0028543483897699568
K13a3087,13,12,0.00071416074688518784
K13a3088,13,12,0.0016156740503408661
K13a3089,13,12,0.0078632584361347062
K13a309,13,12,0.0025783229780737341
K13a3090,13,13,0.0016548597026572304
K13a3091,13,12,0.0025904554704632549
K13a3092,13,13,0.0018966745224806079
K13a3093,13,13,0.00037271489367469968
K13a3094,13,13,0.0034181799622110161
K13a3095,13,13,0.011692821218700777
K13a3096,13,13,0.0059761267648193025
K13a3097,13,13,0.00023642241965145618
K13a3098,13,12,0.00052773319295337405
K13a3099,13,13,0.0015684044694782206
K13a31,13,12,0.0013419041862133187
K13a310,13,13,0.0024980320756756353
K13a3100,13,12,0.004159474160037601
K13a3101,13,13,0.009634161905112102
K13a3102,13,13,0.0025059761804547913
K13a3103,13,12,0.0022456782474727533
K13a3104,13,13,0.0035502739570177863
K13a3105,13,12,0.0027041963206016779
K13a3106,13,12,0.0011069384846949465
K13a3107,13,12,0.0035471031733992002
K13a3108,13,12,0.0013819266793865727
K13a3109,13,12,0.00052378391795406237
K13a311,13,12,0.0060741350286083236
K13a3110,13,13,0.002094000747429465
K13a3111,13,13,0.00070260466860357768
K13a3112,13,13,0.0015609604398449824
K13a3113,13,13,0.0033424828312721422
K13a3114,13,13,7.4355507989367221e-05
K13a3115,13,13,0.02391182253689415
K13a3116,13,12,0.0012831499202565714
K13a3117,13,12,0.0066277778722418496
K13a3118,13,12,0.003313066179020521
K13a3119,13,12,0.01343909363012173
K13a312,13,12,0.0044066559688294704
K13a3120,13,13,0.0044453285769834689
K13a3121,13,13,0.015705524559283202
K13a3122,13,12,0.0039797821320543304
K13a3123,13,13,0.0040652468187110284
K13a3124,13,13,0.0049991564217071044
K13a3125,13,12,0.0028291612893636665
K13a3126,13,12,0.0028672872235936085
K13a3127,13,12,0.01202429169706367
K13a3128,13,13,0.0019436605438203436
K13a3129,13,12,0.0046911644410174858
K13a313,13,12,0.002783028490804358
K13a3130,13,12,0.00016504289418307793
K13a3131,13,12,0.0041266891808886732
K13a3132,13,13,0.00440085179500538
K13a3133,13,13,0.010348769646620144
K13a3134,13,13,0.0010050597350822154
K13a3135,13,13,0.0021002917060806807
K13a3136,13,13,0.00031348046750102085
K13a3137,13,13,0.001000384826229676
K13a3138,13,13,0.0031221227731256635
K13a3139,13,13,1.5436804744567628e-05
K13a314,13,12,0.0025793339708639674
K13a3140,13,13,0.014997165103174477
K13a3141,13,13,0.0015818041144532978
K13a3142,13,13,0.00031547500365650968
K13a3143,13,13,0.0016390308105943207
K13a3144,13,11,0.00065969156615877742
K13a3145,13,11,0.00082735454046424029
K13a3146,13,12,0.0078684741067140632
K13a3147,13,12,0.0028534829241622576
K13a3148,13,12,0.00032703255458317327
K13a3149,13,12,0.0011574216847691538
K13a315,13,13,0.0011755937725728592
K13a3150,13,12,0.00069977581355842584
K13a3151,13,12,0.0021681150042102268
K13a3152,13,12,0.0015685051420406199
K13a3153,13,12,0.012174872160428642
K13a3154,13,12,0.00069846961457532787
K13a3155,13,12,0.0037139661149426092
K13a3156,13,12,0.00082015712415362061
K13a3157,13,12,0.0004358025819504492
K13a3158,13,12,0.001093594748301152
K13a3159,13,12,0.00026952235881327175
K13a316,13,12,0.0027322560869915461
K13a3160,13,12,0.00014562743311149321
K13a3161,13,13,0.0071292240693667701
K13a3162,13,12,0.0002407855379629755
K13a3163,13,12,0.0042390763208582979
K13a3164,13,12,0.0023503569592900116
K13a3165,13,13,0.0085936780281457206
K13a3166,13,13,0.0021932490247015767
K13a3167,13,13,0.0025949438992661079
K13a3168,13,13,0.003764728413705377
K13a3169,13,12,0.002585701869228952
K13a317,13,12,0.00163761123460412
K13a3170,13,12,0.0016964820501810436
K13a3171,13,12,0.002249343167710144
K13a3172,13,12,0.0022161283240468448
K13a3173,13,12,0.00017221687484035239
K13a3174,13,13,0.006372264114974358
K13a3175,13,13,0.0022952829874001456
K13a3176,13,13,0.0017465926134068235
K13a3177,13,12,0.0016969472428542559
K13a3178,13,12,0.0010073433396583043
K13a3179,13,13,0.0016970380207645219
K13a318,13,13,0.0027462840789380821
K13a3180,13,12,0.0043934059561994152
K13a3181,13,12,0.0019006486049148331
K13a3182,13,12,0.0072581740445196337
K13a3183,13,12,0.0036885763678740852
K13a3184,13,12,0.0050695598159456413
K13a3185,13,12,0.0083601527276592844
K13a3186,13,12,0.0040597795070742007
K13a3187,13,12,0.0038986009950987086
K13a3188,13,12,0.0016509054682454036
K13a3189,13,12,0.0013006741491417995
K13a319,13,13,8.04561930295725e-05
K13a3190,13,12,0.0023710216452005931
K13a3191,13,12,0.0013834623403388973
K13a3192,13,12,0.0042113922067162114
K13a3193,13,12,0.0016505738852672109
K13a3194,13,12,0.00091376486717482908
K13a3195,13,12,0.0039848251481172112
K13a3196,13,12,0.00047853528446588746
K13a3197,13,12,0.00082896668128601501
K13a3198,13,12,0.0020277821540817631
K13a3199,13,12,0.0003945576891725223
K13a32,13,13,0.0035793165163772529
K13a320,13,13,0.00091600820378753974
K13a3200,13,12,0.005063227220086325
K13a3201,13,12,0.0067086837442506611
K13a3202,13,12,0.0015572876972117919
K13a3203,13,12,0.00029462765425885304
K13a3204,13,12,0.00038261599313045878
K13a3205,13,12,0.011365533815090346
K13a3206,13,13,0.0010285310537189404
K13a3207,13,12,0.00019973915639003622
K13a3208,13,12,0.00049481661247247771
K13a3209,13,12,0.00079539143696938765
K13a321,13,12,0.00080664991731449519
K13a3210,13,12,0.0040603749338029736
K13a3211,13,13,0.0018338354097788064
K13a3212,13,12,0.0014388021233386228
K13a3213,13,12,0.00092241678182197946
K13a3214,13,12,0.0042916983918258262
K13a3215,13,12,0.0061310987529232469
K13a3216,13,12,0.0065148653308958583
K13a3217,13,12,0.0007142874759729675
K13a3218,13,12,0.0020116164245110816
K13a3219,13,12,0.00016789583198944686
K13a322,13,12,0.0032336123911690506
K13a3220,13,12,0.00034712324241248176
K13a3221,13,12,0.0029805594532942422
K13a3222,13,12,0.00057156819883350939
K13a3223,13,12,0.0076527685723333204
K13a3224,13,12,0.0023606718042766574
K13a3225,13,13,0.002764992413427445
K13a3226,13,12,0.0031935746258014439
K13a3227,13,12,0.0025493959965190794
K13a3228,13,12,0.00027077600047300588
K13a3229,13,12,0.0013281142003566759
K13a323,13,12,0.0050789447514751349
K13a3230,13,12,0.00041393534431221306
K13a3231,13,12,0.0071276425919014862
K13a3232,13,12,0.0051670074741033559
K13a3233,13,12,0.0018363610695925619
K13a3234,13,12,0.002223513773886689
K13a3235,13,12,0.00062891528645322699
K13a3236,13,12,0.0014814821792419124
K13a3237,13,12,0.0072987947166085632
K13a3238,13,13,0.0037547309844463421
K13a3239,13,12,6.7093350343514754e-05
K13a324,13,12,0.0028018264274079318
K13a3240,13,12,0.0040041161568703226
K13a3241,13,12,0.00311192551286682
K13a3242,13,12,0.00029336581121199793
K13a3243,13,12,0.0040093795738082669
K13a3244,13,13,0.0034557480424747735
K13a3245,13,12,6.7975050143665233e-05
K13a3246,13,12,0.00073384280632735532
K13a3247,13,12,0.011332334901029329
K13a3248,13,12,0.00068404192292363154
K13a3249,13,12,0.00072049409785533312
K13a325,13,12,0.00084255020379733812
K13a3250,13,12,0.0056188258958935634
K13a3251,13,12,0.00045800673244104478
K13a3252,13,12,0.012695649247359336
K13a3253,13,12,0.0018974971618656888
K13a3254,13,12,0.0036837329960434529
K13a3255,13,13,0.0070053650342519185
K13a3256,13,12,0.0015431494282208216
K13a3257,13,13,0.00032376541858218985
K13a3258,13,13,0.0079163734805508829
K13a3259,13,12,0.00013021937670134126
K13a326,13,13,0.0054220770067112869
K13a3260,13,13,0.00052022355954689189
K13a3261,13,12,0.0024711469409029775
K13a3262,13,12,0.0032650911264049619
K13a3263,13,12,0.0032144224351052194
K13a3264,13,12,0.00079375726548042895
K13a3265,13,12,0.0064606861624761855
K13a3266,13,12,0.0055343350001202957
K13a3267,13,12,0.0017366367902505624
K13a3268,13,13,0.00088562335329560272
K13a3269,13,12,0.00092861260536678707
K13a327,13,13,0.0005258803320545779
K13a3270,13,13,0.00010402065266522222
K13a3271,13,12,0.0055169288292099845
K13a3272,13,12,0.0018392817153415752
K13a3273,13,12,0.0035656923648858915
K13a3274,13,12,0.0010789923721205399
K13a3275,13,12,0.0040794877082138666
K13a3276,13,12,0.0070009788586662966
K13a3277,13,12,0.010516221789610565
K13a3278,13,12,0.0025637536113599997
K13a3279,13,13,0.005174517264318718
K13a328,13,12,0.00073954213276927619
K13a3280,13,12,0.00019213010791556217
K13a3281,13,12,0.00084768880356841036
K13a3282,13,12,0.0004882413559537317
K13a3283,13,13,0.0014962657694167075
K13a3284,13,12,0.00026156324106244819
K13a3285,13,12,0.0012987143207748534
K13a3286,13,12,0.00085657993777816502
K13a3287,13,12,0.0049362172560617843
K13a3288,13,12,0.014295382097065679
K13a3289,13,12,0.0020995690682395459
K13a329,13,13,0.0025359686812563395
K13a3290,13,12,0.0062904914490431061
K13a3291,13,12,0.0020634629604695028
K13a3292,13,12,0.0053768052292010723
K13a3293,13,12,0.0041288522434589818
K13a3294,13,12,0.0017698909108904354
K13a3295,13,12,0.0061670321790859807
K13a3296,13,12,0.0089967915913870249
K13a3297,13,12,0.00086243881609989739
K13a3298,13,12,0.0072018598903322087
K13a3299,13,12,0.0029361055016501052
K13a33,13,12,0.0011638101366784283
K13a330,13,13,0.0013569194290722595
K13a3300,13,12,0.004907954274315251
K13a3301,13,11,0.0014289234854644292
K13a3302,13,12,0.0020513455369420802
K13a3303,13,12,0.00062012980149836721
K13a3304,13,12,0.0051169048227314639
K13a3305,13,12,0.0041560963268042371
K13a3306,13,12,0.0038879498120771975
K13a3307,13,12,0.0054665212795670512
K13a3308,13,12,0.008047043548745551
K13a3309,13,12,0.00049288487628638598
K13a331,13,13,0.0031452960482608976
K13a3310,13,12,0.00071224794317050063
K13a3311,13,13,0.0031732203289756844
K13a3312,13,12,0.0022446896994413545
K13a3313,13,12,0.0037110155519313672
K13a3314,13,13,0.0006819735029155163
K13a3315,13,12,0.0006429306763279626
K13a3316,13,12,0.0029787239403151386
K13a3317,13,12,0.0014723469840971096
K13a3318,13,12,0.0052913326910189523
K13a3319,13,12,0.0018032798794456347
K13a332,13,13,0.00059291535691804878
K13a3320,13,12,0.0058406104980598221
K13a3321,13,12,0.0022742115658337413
K13a3322,13,12,2.6235736407533276e-05
K13a3323,13,12,0.00088205033878483569
K13a3324,13,12,0.0029021748672216599
K13a3325,13,12,0.0036480483712947685
K13a3326,13,13,0.0036655115124317023
K13a3327,13,13,0.0035829025506198845
K13a3328,13,12,0.0049533850900236286
K13a3329,13,12,0.0013642615867008674
K13a333,13,13,0.0060467478600105193
K13a3330,13,12,0.00055029016759654053
K13a3331,13,12,0.0040977203884436392
K13a3332,13,13,0.0024578177750956033
K13a3333,13,13,0.0061683766230242508
K13a3334,13,13,0.0017138288019261177
K13a3335,13,12,0.0015643897401243681
K13a3336,13,12,0.00076959942240761013
K13a3337,13,13,0.00043513567586326354
K13a3338,13,12,0.003632639384972206
K13a3339,13,12,0.0017076395803760516
K13a334,13,13,0.00070969779300985919
K13a3340,13,12,0.0015593082118143865
K13a3341,13,12,0.00040767843083512373
K13a3342,13,13,0.00051162821682572456
K13a3343,13,12,0.0010932221580987854
K13a3344,13,13,0.00084143551482277227
K13a3345,13,12,0.004286344214164242
K13a3346,13,12,0.00066460931770882423
K13a3347,13,12,0.0028706834392463647
K13a3348,13,12,0.0011497567893472881
K13a3349,13,12,0.0001426987043440634
K13a335,13,12,0.00047152192179879753
K13a3350,13,12,0.00071858149319022437
K13a3351,13,11,0.00012603160097473547
K13a3352,13,12,0.00049651902333694724
K13a3353,13,12,0.00089427466402138629
K13a3354,13,12,0.0058672286622130383
K13a3355,13,12,0.0019221727772304562
K13a3356,13,12,0.0037707540175571097
K13a3357,13,12,0.00030223852830974217
K13a3358,13,12,0.0029297685824114976
K13a3359,13,12,0.0016674143300340911
K13a336,13,12,0.0011628081454427392
K13a3360,13,12,0.0056817018750755788
K13a3361,13,12,0.0035171757932683963
K13a3362,13,12,1.3810383385544633e-05
K13a3363,13,12,0.00060067649267701504
K13a3364,13,12,0.010441457350847335
K13a3365,13,12,0.0010805862196700243
K13a3366,13,12,0.0013260968236246552
K13a3367,13,12,0.00094301522722131876
K13a3368,13,12,0.0054455524141633783
K13a3369,13,12,0.00096453045264460974
K13a337,13,12,0.0027681500559743094
K13a3370,13,12,0.00036503669510086549
K13a3371,13,12,0.0039252978979641001
K13a3372,13,12,0.0011107924001520211
K13a3373,13,13,0.00056898607572129182
K13a3374,13,12,0.0006831525926690921
K13a3375,13,12,0.0011219204831304579
K13a3376,13,12,0.0062806965769590167
K13a3377,13,13,0.0071461545782806647
K13a3378,13,13,0.00089725683140217056
K13a3379,13,13,7.871669796428001e-05
K13a338,13,12,0.00056829023776534479
K13a3380,13,13,0.0025525343506195321
K13a3381,13,13,0.002541890579151418
K13a3382,13,12,1.1154956863815432e-05
K13a3383,13,12,0.00034295353307585555
K13a3384,13,12,0.0028048390741409754
K13a3385,13,12,0.0065727837053554602
K13a3386,13,12,0.0004185744642947641
K13a3387,13,12,1.1368313702817153e-05
K13a3388,13,12,0.010105023293232851
K13a3389,13,12,0.0025925650465109936
K13a339,13,12,0.00043728971998487288
K13a3390,13,12,0.00052865633724259807
K13a3391,13,12,0.001944510819948542
K13a3392,13,12,0.00021520787690036385
K13a3393,13,12,0.00052271549847310804
K13a3394,13,12,0.00018394613208825252
K13a3395,13,12,0.00045098003568289628
K13a3396,13,12,0.002604277244368521
K13a3397,13,11,0.0051152244833620195
K13a3398,13,12,0.0028992671671725983
K13a3399,13,12,0.0085347641720717789
K13a34,13,13,0.0024217097193604863
K13a340,13,12,6.0238098783197471e-05
K13a3400,13,12,0.00078431861405626406
K13a3401,13,12,0.0052378419532174269
K13a3402,13,12,0.00010776847400477734
K13a3403,13,12,0.00085070629358799225
K13a3404,13,12,0.0089371357764170892
K13a3405,13,12,0.0065233743257420056
K13a3406,13,12,0.0072516076454558964
K13a3407,13,12,2.7157282517550076e-05
K13a3408,13,12,0.00054052480647804419
K13a3409,13,12,0.00015861541346530304
K13a341,13,12,0.0019120544123784097
K13a3410,13,12,0.00037421943328700747
K13a3411,13,12,0.0025982166230352089
K13a3412,13,12,0.00073290471508888637
K13a3413,13,12,0.00055568071154605148
K13a3414,13,12,0.0028418163233499337
K13a3415,13,12,0.0051703567643016151
K13a3416,13,12,0.00055932374636225338
K13a3417,13,11,0.0012410292323308605
K13a3418,13,11,0.001228664599549455
K13a3419,13,12,0.0026015469579760467
K13a342,13,13,0.00035904014743403409
K13a3420,13,12,0.0079095063263491892
K13a3421,13,12,0.007667246855994468
K13a3422,13,12,0.0059059093536080187
K13a3423,13,12,0.00038327490352828487
K13a3424,13,12,0.0014350714470234643
K13a3425,13,12,0.0012959153145293684
K13a3426,13,12,0.0010676096247916999
K13a3427,13,11,0.00041793972320687246
K13a3428,13,11,0.00010639644476251764
K13a3429,13,12,0.0010456269006226206
K13a343,13,13,0.0035719049586230398
K13a3430,13,12,0.00047744218520074993
K13a3431,13,12,0.0012173446277413031
K13a3432,13,12,0.0018988820328767241
K13a3433,13,12,0.0082255734426393071
K13a3434,13,13,0.00075287447068042958
K13a3435,13,12,0.0085809832052234653
K13a3436,13,12,0.0081904970975040653
K13a3437,13,12,0.0081968794252523895
K13a3438,13,11,0.00099144595792959663
K13a3439,13,12,0.0011841665745883352
K13a344,13,12,0.0031540402463130133
K13a3440,13,11,0.0010052194784551346
K13a3441,13,12,0.0017940498887312952
K13a3442,13,12,0.0037063995462958106
K13a3443,13,12,0.0072315259052994213
K13a3444,13,12,0.00030833834077025854
K13a3445,13,12,0.0006123078877179756
K13a3446,13,12,0.00047222440830552539
K13a3447,13,12,0.008969586787668583
K13a3448,13,11,0.0028800588660905053
K13a3449,13,11,0.0028650487575241834
K13a345,13,12,0.0015433020316536464
K13a3450,13,12,0.0093350144174981341
K13a3451,13,12,0.0032199307818907277
K13a3452,13,12,0.0037343233386099395
K13a3453,13,13,0.0022689462993397162
K13a3454,13,13,2.3050223610639707e-05
K13a3455,13,12,0.0018913009982201164
K13a3456,13,12,0.00019801866228025261
K13a3457,13,12,0.00031394193087327162
K13a3458,13,12,0.0017267418968791137
K13a3459,13,12,0.0036632262007306477
K13a346,13,12,0.0032409573691554155
K13a3460,13,13,0.0065866322302724437
K13a3461,13,13,0.0085874682185789405
K13a3462,13,12,0.0023126914691858091
K13a3463,13,12,0.0032514363095405923
K13a3464,13,11,0.0016127420580644718
K13a3465,13,12,0.0022068586809746451
K13a3466,13,12,0.0022908308125310674
K13a3467,13,12,0.010708677464954547
K13a3468,13,12,0.0060071832305979029
K13a3469,13,11,0.00030723496020230328
K13a347,13,12,0.0028762144113851479
K13a3470,13,11,0.0047929186785484676
K13a3471,13,11,0.0004509028087609871
K13a3472,13,11,0.0030895692989841793
K13a3473,13,12,0.0034363273359369478
K13a3474,13,12,0.0025929195406811708
K13a3475,13,12,0.002018881567799365
K13a3476,13,12,0.0022144863167547807
K13a3477,13,11,0.0031026328525030414
K13a3478,13,11,0.0086147028431530822
K13a3479,13,12,0.0013312805027870056
K13a348,13,12,0.00029553156113400675
K13a3480,13,12,0.0075871836514488835
K13a3481,13,12,0.0030799895079999693
K13a3482,13,12,0.0028256154090364775
K13a3483,13,12,0.0011766258619200058
K13a3484,13,12,0.0045601200087212121
K13a3485,13,12,0.0010170876134827029
K13a3486,13,12,0.0035260975601799798
K13a3487,13,12,0.00072821100000837555
K13a3488,13,12,0.00038058534890626696
K13a3489,13,12,0.00282713214142269
K13a349,13,12,0.0031413275169974711
K13a3490,13,12,0.0028132198508327138
K13a3491,13,12,0.0023884841710661324
K13a3492,13,12,0.0030357498037275692
K13a3493,13,12,0.0011525973251681363
K13a3494,13,12,0.0010987832305693964
K13a3495,13,12,0.00014678682613036232
K13a3496,13,12,0.0029965359817955245
K13a3497,13,12,0.0021292764234798656
K13a3498,13,13,0.0059139805624883529
K13a3499,13,12,0.00093451651172819208
K13a35,13,12,0.00094872381996480304
K13a350,13,13,0.00051981393400543066
K13a3500,13,12,0.001407456082153783
K13a3501,13,12,0.0025213319540664742
K13a3502,13,12,0.0088275618835000555
K13a3503,13,12,0.0022364757824796483
K13a3504,13,12,0.0015970532904415579
K13a3505,13,12,0.00089908070147915289
K13a3506,13,12,0.0069320593650773043
K13a3507,13,12,6.401746047771702e-06
K13a3508,13,13,0.0001321615400779327
K13a3509,13,12,0.0090121658183140406
K13a351,13,13,0.00010482939864902602
K13a3510,13,12,0.0051187280797470114
K13a3511,13,12,0.0013761221101480877
K13a3512,13,13,0.0037777385643332825
K13a3513,13,12,8.8494261046807133e-05
K13a3514,13,12,0.0036962505666478453
K13a3515,13,12,0.001450134699756905
K13a3516,13,12,0.0026611135444761813
K13a3517,13,12,0.0042491084244497979
K13a3518,13,12,6.4070067328387184e-05
K13a3519,13,12,0.0034112653391335387
K13a352,13,13,0.0029710525651724553
K13a3520,13,12,0.0057610060422311413
K13a3521,13,12,0.0049180622171678904
K13a3522,13,12,0.0028257554528668925
K13a3523,13,12,1.6126142750385834e-05
K13a3524,13,12,0.0020770556587637644
K13a3525,13,12,0.0001119783606693329
K13a3526,13,12,0.0045703356119153942
K13a3527,13,12,0.0034850605719331782
K13a3528,13,12,0.0033382713913761332
K13a3529,13,12,0.0014971319844224293
K13a353,13,13,0.00099218419236752719
K13a3530,13,12,0.001955744397814593
K13a3531,13,12,0.0014016369665381409
K13a3532,13,12,0.010762283893236024
K13a3533,13,12,0.0016518362248563027
K13a3534,13,12,0.0034118030060869527
K13a3535,13,12,0.0007098853685511726
K13a3536,13,12,0.0027037964595959148
K13a3537,13,12,0.004589734830910578
K13a3538,13,12,0.002449474732242234
K13a3539,13,12,0.001935318131475053
K13a354,13,13,0.0041976567768596852
K13a3540,13,12,0.00023687205998312917
K13a3541,13,12,0.00043070816063381601
K13a3542,13,12,0.001298969578724371
K13a3543,13,12,0.0059695872508867135
K13a3544,13,12,0.0090995191669318853
K13a3545,13,12,0.0066794041260818124
K13a3546,13,12,0.0036718882250898646
K13a3547,13,12,0.0066327905612599235
K13a3548,13,12,0.00047494597329280155
K13a3549,13,12,0.00072783487740587388
K13a355,13,12,0.0061614339821484954
K13a3550,13,12,0.0076085686149644947
K13a3551,13,12,8.1500333145898227e-05
K13a3552,13,12,0.00053694379758810321
K13a3553,13,12,0.0016675735652565866
K13a3554,13,12,0.0016418353401476944
K13a3555,13,12,0.00082988908647557702
K13a3556,13,12,0.0067380249875444382
K13a3557,13,12,0.00060471671332080427
K13a3558,13,12,0.00012014579533866471
K13a3559,13,12,0.00070803610010366179
K13a356,13,13,0.00028575757031812664
K13a3560,13,12,0.0026664277650150095
K13a3561,13,12,0.0012737745578271609
K13a3562,13,12,0.0036079233794204463
K13a3563,13,12,0.00084984420658183117
K13a3564,13,12,0.0017776127889968169
K13a3565,13,12,0.0011366851327295922
K13a3566,13,12,0.00042499181551403195
K13a3567,13,12,0.00091159338864147928
K13a3568,13,12,0.0076004178746022066
K13a3569,13,12,0.0027228435186152718
K13a357,13,12,0.0050689446621737981
K13a3570,13,12,1.015922756550248e-05
K13a3571,13,12,0.00035154427508070363
K13a3572,13,12,0.00099921598129340257
K13a3573,13,12,5.765859868585789e-05
K13a3574,13,12,0.0012949933883434862
K13a3575,13,13,0.0033980434405456593
K13a3576,13,12,0.0068891535939328095
K13a3577,13,12,0.0012212713006067677
K13a3578,13,12,0.006347669165919779
K13a3579,13,13,0.00097488109796842312
K13a358,13,13,0.00026231688425243903
K13a3580,13,12,0.0047471110702392762
K13a3581,13,12,0.003987065302481916
K13a3582,13,11,0.0036488590687308118
K13a3583,13,12,0.0043280244948990928
K13a3584,13,11,0.00038999796692947708
K13a3585,13,12,0.00084320269511848657
K13a3586,13,11,0.00097293727625353957
K13a3587,13,13,0.0062189694437809698
K13a3588,13,13,0.0022125813141646365
K13a3589,13,12,0.0027914459158454828
K13a359,13,12,0.0017396034478340142
K13a3590,13,12,0.0003037526775235883
K13a3591,13,12,0.0025979303238218322
K13a3592,13,12,0.0018432517611282246
K13a3593,13,13,0.00061950585793728774
K13a3594,13,12,0.0061383013323354618
K13a3595,13,12,4.6631573148550675e-05
K13a3596,13,12,0.0014161809204279964
K13a3597,13,12,0.0013342654004066244
K13a3598,13,12,0.0025136657395872708
K13a3599,13,12,0.0018422675908355524
K13a36,13,12,0.00024372249740232534
K13a360,13,13,0.0022095801594418469
K13a3600,13,12,0.00058909377778079328
K13a3601,13,12,0.010069238919417382
K13a3602,13,12,0.0030000197209537516
K13a3603,13,12,0.0079573545804596888
K13a3604,13,13,0.0026251944887324685
K13a3605,13,12,0.0077474334327198094
K13a3606,13,12,0.00092161121753819581
K13a3607,13,12,0.00054944246198115985
K13a3608,13,12,0.0038324352561236695
K13a3609,13,12,0.0018304116986078665
K13a361,13,12,0.0023393794880813756
K13a3610,13,12,0.00089303747786672553
K13a3611,13,12,0.00045510372332285977
K13a3612,13,12,0.0074661877884966343
K13a3613,13,12,0.001865223445485986
K13a3614,13,12,0.0040486452752468002
K13a3615,13,12,0.0010072332525409185
K13a3616,13,12,0.0011439156489742809
K13a3617,13,12,0.0041108712344080653
K13a3618,13,12,0.00088187411308715124
K13a3619,13,12,0.0033878913931907114
K13a362,13,12,0.00013363622100056945
K13a3620,13,12,0.0023472496693251539
K13a3621,13,12,0.0039324997184740666
K13a3622,13,12,0.0011106478526912594
K13a3623,13,12,2.0236305115667992e-05
K13a3624,13,12,0.0067463099810032845
K13a3625,13,12,0.0011690352355770205
K13a3626,13,12,0.00096130807050606325
K13a3627,13,12,0.0018740042311877095
K13a3628,13,11,0.0042807587829264207
K13a3629,13,11,0.00036408780054956574
K13a363,13,12,0.0015751557633990549
K13a3630,13,12,0.01355477304824864
K13a3631,13,12,0.002705142613200619
K13a3632,13,12,0.00090379530695563787
K13a3633,13,12,0.00047906254516240956
K13a3634,13,12,0.0076550926986955967
K13a3635,13,12,0.0022368830096110674
K13a3636,13,12,7.5061675884586382e-05
K13a3637,13,12,0.00081528969038313626
K13a3638,13,12,0.0036074145736751323
K13a3639,13,12,0.0016883655683195247
K13a364,13,12,0.00022157528622831466
K13a3640,13,12,4.8768284969370588e-05
K13a3641,13,12,0.018068731413357943
K13a3642,13,12,0.00038696293195333723
K13a3643,13,12,0.0039406463916725467
K13a3644,13,12,0.0040183354924972371
K13a3645,13,12,0.004135166343321197
K13a3646,13,12,0.0053549774305117794
K13a3647,13,12,0.00044431397377510715
K13a3648,13,12,0.0089737724126248367
K13a3649,13,12,0.0015498577103295972
K13a365,13,12,0.00095074799906590796
K13a3650,13,12,0.0034549554849354672
K13a3651,13,12,0.0013011583858757521
K13a3652,13,12,0.0013923185753700049
K13a3653,13,12,0.00034695805804956312
K13a3654,13,12,0.006850478842819272
K13a3655,13,12,0.010870631999146287
K13a3656,13,12,0.00081437522533412375
K13a3657,13,12,0.0047984599205028828
K13a3658,13,12,6.242190295297528e-05
K13a3659,13,12,0.0010787744431489828
K13a366,13,12,0.00074260226373916872
K13a3660,13,12,0.00084364208906837976
K13a3661,13,12,0.0097700201741178199
K13a3662,13,12,4.5029255333632152e-05
K13a3663,13,12,0.00063259175187741976
K13a3664,13,12,0.00015869255196729426
K13a3665,13,12,0.00074284868416551531
K13a3666,13,12,0.0066452539209319091
K13a3667,13,12,0.0015564692256049442
K13a3668,13,11,0.002186105180591094
K13a3669,13,11,0.0011242642032294426
K13a367,13,13,0.00094644391822812726
K13a3670,13,12,0.00021650698994611219
K13a3671,13,12,0.0046117284890503174
K13a3672,13,12,0.00067797787045546234
K13a3673,13,12,0.0016426665534518678
K13a3674,13,12,0.0016254750220206834
K13a3675,13,12,0.0016796252188939827
K13a3676,13,12,0.0014764892731364105
K13a3677,13,12,3.6229323964459407e-05
K13a3678,13,12,0.0014273486393374907
K13a3679,13,12,0.00038873843862589132
K13a368,13,13,0.00056462161882494556
K13a3680,13,12,0.0027922992576840857
K13a3681,13,12,0.0023348304049321832
K13a3682,13,12,8.4783115375000289e-05
K13a3683,13,12,0.00018645547367320895
K13a3684,13,12,0.00045592625823329293
K13a3685,13,12,0.0024137889620831588
K13a3686,13,12,0.0020688963574367739
K13a3687,13,12,0.001400878272596377
K13a3688,13,12,0.0023273781408543618
K13a3689,13,12,0.0010853784769146065
K13a369,13,12,0.00065379182457581684
K13a3690,13,12,0.00058932209144967984
K13a3691,13,12,0.0017315670010696542
K13a3692,13,12,0.0060741045669527116
K13a3693,13,12,0.0023576069126673232
K13a3694,13,12,0.0031222311718406143
K13a3695,13,12,0.0035842626213633717
K13a3696,13,12,0.0029475566402805201
K13a3697,13,12,0.0026404123266161408
K13a3698,13,12,0.0014846355328772991
K13a3699,13,12,0.0039012157401705186
K13a37,13,12,0.0055268361460126475
K13a370,13,12,2.3580391917684313e-06
K13a3700,13,12,0.0061183402731773357
K13a3701,13,12,5.1851910265696297e-05
K13a3702,13,12,0.0012266702274885701
K13a3703,13,12,0.00018788623402097104
K13a3704,13,12,0.0093541009158023634
K13a3705,13,12,0.00075797581677358402
K13a3706,13,12,7.1412567298988276e-05
K13a3707,13,12,1.2334279996141485e-05
K13a3708,13,12,0.00028650077557691158
K13a3709,13,12,0.0055414963180175714
K13a371,13,13,0.0094938349824235466
K13a3710,13,12,0.0038482672969407999
K13a3711,13,12,0.0036320906357745195
K13a3712,13,12,0.0026981343421129227
K13a3713,13,12,0.00088341410441990437
K13a3714,13,12,0.002007903523423029
K13a3715,13,12,0.016108845047216526
K13a3716,13,12,0.0050392742225200465
K13a3717,13,12,0.0014297484420601164
K13a3718,13,12,0.0023010923531079329
K13a3719,13,12,0.0012327197397699493
K13a372,13,12,0.00093208879176456317
K13a3720,13,12,0.00036301923974883777
K13a3721,13,12,0.0067068022151869711
K13a3722,13,12,0.0052047309353743096
K13a3723,13,12,0.010714581010357388
K13a3724,13,12,0.0037262800116184573
K13a3725,13,12,0.0011685407975798431
K13a3726,13,12,0.002505629026711149
K13a3727,13,11,0.0014779921364448726
K13a3728,13,13,0.00023793786821201823
K13a3729,13,12,0.0049767633720200375
K13a373,13,11,0.00077552110798100027
K13a3730,13,12,0.0047567042378054251
K13a3731,13,12,0.0037686518158240811
K13a3732,13,12,0.0014225102593870714
K13a3733,13,12,0.0019537022831754534
K13a3734,13,12,0.0096141077828448829
K13a3735,13,12,0.00061373856658389965
K13a3736,13,12,0.00061916332516267971
K13a3737,13,11,0.0020529220110183277
K13a3738,13,11,0.00031426907316170819
K13a3739,13,11,0.002261843529717093
K13a374,13,12,0.0011913733427291108
K13a3740,13,12,0.00083069582683402768
K13a3741,13,12,0.010234928775419091
K13a3742,13,12,0.001285111271678487
K13a3743,13,12,0.0015737522305125605
K13a3744,13,12,0.0014888632989826104
K13a3745,13,12,0.0033573247293871141
K13a3746,13,12,0.0006573116141854635
K13a3747,13,12,0.0016704638439322807
K13a3748,13,12,0.0017135361648447536
K13a3749,13,12,0.0012929077025742629
K13a375,13,12,0.0082119808613860031
K13a3750,13,12,0.0016499767896780424
K13a3751,13,12,0.0017876842211331692
K13a3752,13,12,0.0026603753191049052
K13a3753,13,12,0.010510777268631713
K13a3754,13,12,0.0012096053775741617
K13a3755,13,12,7.3606433536385773e-05
K13a3756,13,12,0.00084015200057202283
K13a3757,13,11,0.00080415482252988758
K13a3758,13,12,0.0012242808354202418
K13a3759,13,12,0.00051608784973558098
K13a376,13,12,0.0052642676303677966
K13a3760,13,12,0.00019115169686104646
K13a3761,13,12,0.00041170015275732744
K13a3762,13,12,0.001579672866246444
K13a3763,13,11,0.0006417401542195498
K13a3764,13,11,0.0044141824530121781
K13a3765,13,12,0.0017171593248082042
K13a3766,13,12,0.0070168990299004442
K13a3767,13,12,0.00060245187138589361
K13a3768,13,12,0.00092424675036627594
K13a3769,13,11,0.0019703517343831359
K13a377,13,12,0.00013365274539749419
K13a3770,13,11,0.00013789122656777817
K13a3771,13,12,0.0013796520802136997
K13a3772,13,12,0.0011063720335316432
K13a3773,13,12,0.00027714830711570018
K13a3774,13,12,0.0042273603788489144
K13a3775,13,12,0.00088924505733726112
K13a3776,13,12,0.0028612842157534173
K13a3777,13,12,0.00090576518358048458
K13a3778,13,12,0.0014432657766519478
K13a3779,13,12,0.0055729075783840501
K13a378,13,13,0.0030003565697119994
K13a3780,13,12,0.00021043309585980872
K13a3781,13,13,0.0024144704487885083
K13a3782,13,12,0.012828793392664182
K13a3783,13,12,0.0010164797815491375
K13a3784,13,13,0.00092069436115472245
K13a3785,13,12,0.00098269028516116837
K13a3786,13,12,0.0035723716928654061
K13a3787,13,12,0.0011103955969472405
K13a3788,13,12,0.0022298889937573544
K13a3789,13,12,0.0012793517022813416
K13a379,13,13,0.0025332604040299652
K13a3790,13,12,0.0012203171085939663
K13a3791,13,12,0.0023063163984099388
K13a3792,13,12,0.0050329202792283962
K13a3793,13,12,0.0016589084566139183
K13a3794,13,12,0.0038864035406651789
K13a3795,13,12,0.0021003562617535718
K13a3796,13,12,9.9578860343580409e-05
K13a3797,13,12,0.0070586322972252874
K13a3798,13,12,0.0024727168907532049
K13a3799,13,12,0.00072681875286297699
K13a38,13,12,3.8801481069244624e-05
K13a380,13,13,0.0004629631350858339
K13a3800,13,12,0.0051107890701364402
K13a3801,13,12,0.00087592467622859811
K13a3802,13,12,0.0039774900573697489
K13a3803,13,12,0.003199824836892354
K13a3804,13,11,0.00075373786450017661
K13a3805,13,12,0.0024612967603348042
K13a3806,13,12,0.011461472806961692
K13a3807,13,12,0.0010796694582708123
K13a3808,13,12,0.0055873981448309688
K13a3809,13,12,0.0034454431919955565
K13a381,13,12,0.0054142196132421355
K13a3810,13,12,0.0092675656540941974
K13a3811,13,12,0.0028872559546130202
K13a3812,13,12,0.0041838827064735835
K13a3813,13,13,0.0018743222387991106
K13a3814,13,13,0.00045282494933687967
K13a3815,13,12,0.0035388903939216226
K13a3816,13,12,0.0067730709746259398
K13a3817,13,12,0.0001038770988725853
K13a3818,13,12,0.0020392644162695022
K13a3819,13,12,0.011618969228611406
K13a382,13,13,0.0099279062717620402
K13a3820,13,12,0.0025308548070509017
K13a3821,13,12,3.6795396553409236e-06
K13a3822,13,12,0.0011981686802134748
K13a3823,13,12,0.00091267629727909583
K13a3824,13,12,0.0062013989225316833
K13a3825,13,12,0.00073583024694658659
K13a3826,13,12,0.0019635391514347391
K13a3827,13,12,0.0014279453617551793
K13a3828,13,12,0.0049817286998208865
K13a3829,13,12,0.0012726910922874531
K13a383,13,13,0.0020968520493098533
K13a3830,13,12,0.00019023437073400031
K13a3831,13,12,6.5865423213186454e-05
K13a3832,13,12,0.0024937798415071545
K13a3833,13,12,0.00022020093903584486
K13a3834,13,12,0.016035674115403332
K13a3835,13,12,0.00045114174178343135
K13a3836,13,12,2.392453886341441e-05
K13a3837,13,12,0.0045113879861327479
K13a3838,13,12,0.0020959209294217486
K13a3839,13,12,7.7238183719831891e-05
K13a384,13,12,0.0065410677623806797
K13a3840,13,12,0.0047798717869094107
K13a3841,13,12,7.6283349267204257e-05
K13a3842,13,12,0.0010658259440505962
K13a3843,13,12,0.00065609013002290457
K13a3844,13,12,0.0022128186495074718
K13a3845,13,12,0.002774468805670398
K13a3846,13,12,0.0038462788091580147
K13a3847,13,12,0.0021763650127435063
K13a3848,13,12,7.710871829670183e-05
K13a3849,13,12,0.00067306776714749674
K13a385,13,12,0.0016684736949413666
K13a3850,13,12,0.0018699672960446308
K13a3851,13,12,0.00035440866689594077
K13a3852,13,13,0.0010909903238721221
K13a3853,13,12,0.0027966909566813393
K13a3854,13,12,0.0018944762404490443
K13a3855,13,12,0.0011568495793401838
K13a3856,13,12,0.00048120136896009295
K13a3857,13,12,0.002403730785413808
K13a3858,13,12,0.0013340721432001507
K13a3859,13,12,0.015284484513586355
K13a386,13,12,0.00035837558119921709
K13a3860,13,12,0.0038145766764210937
K13a3861,13,12,0.0047053954526702496
K13a3862,13,12,1.5182694256163556e-05
K13a3863,13,12,0.00030695756692466114
K13a3864,13,12,0.0034905691496747728
K13a3865,13,12,0.0018702185523662123
K13a3866,13,12,0.0017892628221017109
K13a3867,13,12,0.00030711008882736607
K13a3868,13,12,0.0022353587515428971
K13a3869,13,12,0.017999319659066076
K13a387,13,12,0.0055761370444722411
K13a3870,13,12,0.0039904766713226231
K13a3871,13,12,0.0028797072651777699
K13a3872,13,12,0.00010369338614170242
K13a3873,13,12,0.0043715663227317531
K13a3874,13,12,9.0369821348907115e-05
K13a3875,13,12,0.0012748797234451066
K13a3876,13,12,0.011450998942756301
K13a3877,13,12,0.0008243048833168359
K13a3878,13,12,0.0011095935851083388
K13a3879,13,12,0.0037099596713029287
K13a388,13,12,0.0039664976079209751
K13a3880,13,12,0.0039924602734852273
K13a3881,13,13,0.001862848539635629
K13a3882,13,12,0.0025065560787496666
K13a3883,13,12,0.0011377730261665721
K13a3884,13,12,4.1688205962120708e-05
K13a3885,13,12,6.5885187960867367e-05
K13a3886,13,12,0.0031084518963795859
K13a3887,13,12,0.0011890989270299634
K13a3888,13,12,0.00094917280671044115
K13a3889,13,12,0.0059065279995108117
K13a389,13,12,0.0027136263523007209
K13a3890,13,12,0.01271570467463912
K13a3891,13,12,0.0020386848317853934
K13a3892,13,12,8.8218722940826616e-05
K13a3893,13,12,0.00096831954665490931
K13a3894,13,12,7.7498713926368675e-05
K13a3895,13,12,0.0042383722651310038
K13a3896,13,12,0.0020056734942256746
K13a3897,13,12,0.0033284914300488072
K13a3898,13,12,0.0031489156320485814
K13a3899,13,12,4.3809190520384279e-05
K13a39,13,12,0.0019920620435996193
K13a390,13,13,0.010789943462500746
K13a3900,13,13,0.0038310772189219977
K13a3901,13,13,0.0028390868323494643
K13a3902,13,13,0.0010383754581697693
K13a3903,13,12,0.0016923529493695355
K13a3904,13,12,0.0035701814331319894
K13a3905,13,12,0.0029200317433022995
K13a3906,13,12,0.00013574901129886156
K13a3907,13,12,0.0015947011637475973
K13a3908,13,12,0.00026242466066241083
K13a3909,13,11,0.0024931285887770708
K13a391,13,12,0.0021274810622272022
K13a3910,13,11,0.0024803653980279361
K13a3911,13,12,0.0060368895577246843
K13a3912,13,12,0.0012218715863653996
K13a3913,13,12,0.001590157632451371
K13a3914,13,12,0.0042343038180370374
K13a3915,13,13,0.0041190543990927142
K13a3916,13,12,0.0027108851509461619
K13a3917,13,12,0.0002436973472399339
K13a3918,13,12,0.0031649800860358572
K13a3919,13,12,0.0014723232366245034
K13a392,13,12,0.0093205967530759562
K13a3920,13,12,0.0014807396663119019
K13a3921,13,11,0.00059020029117278535
K13a3922,13,12,4.215987917964168e-05
K13a3923,13,12,0.001423092103438223
K13a3924,13,12,0.0038255738070714657
K13a3925,13,12,0.0024809701448693824
K13a3926,13,12,0.00093625472941480099
K13a3927,13,12,0.0028916538183066435
K13a3928,13,12,0.0020882240168854536
K13a3929,13,12,0.0097030866705070488
K13a393,13,12,0.00062558125793036982
K13a3930,13,12,0.0020385691824206438
K13a3931,13,12,0.0018525235817564412
K13a3932,13,12,0.0031815618723130264
K13a3933,13,12,0.0015017936698258347
K13a3934,13,12,0.0026382790042958071
K13a3935,13,12,0.024420382748008104
K13a3936,13,12,0.0014324405410061334
K13a3937,13,12,0.0024036467232159608
K13a3938,13,12,0.00051013877663804461
K13a3939,13,12,0.00709997000981693
K13a394,13,12,0.0032925972174242704
K13a3940,13,12,0.00052544360139805517
K13a3941,13,12,0.0025953336097174831
K13a3942,13,12,0.00065626013750902563
K13a3943,13,12,0.0020210590175331485
K13a3944,13,12,2.0517984553857452e-05
K13a3945,13,12,0.00085804620054420332
K13a3946,13,12,0.0015360485894079375
K13a3947,13,12,9.2224181238657843e-06
K13a3948,13,12,0.0040086006745561889
K13a3949,13,12,0.00071174016151681705
K13a395,13,12,0.0026131834616258936
K13a3950,13,12,0.0022361296436888335
K13a3951,13,12,0.0036516109631226173
K13a3952,13,12,0.00037115603242657546
K13a3953,13,12,0.0028360650555557545
K13a3954,13,12,0.005710938335378766
K13a3955,13,12,0.0030560788399615069
K13a3956,13,12,0.00044120469726697766
K13a3957,13,12,0.0037914416249360196
K13a3958,13,12,0.00061638271795482846
K13a3959,13,12,0.0015033690123888983
K13a396,13,13,0.0011176143135908044
K13a3960,13,12,0.0017177862765718436
K13a3961,13,12,0.00087961552602212445
K13a3962,13,12,0.0018162264359106142
K13a3963,13,12,0.0037227966292078143
K13a3964,13,12,0.036138964781018752
K13a3965,13,12,0.0024697723501932909
K13a3966,13,12,0.0010933304460693527
K13a3967,13,13,0.0011885140914624308
K13a3968,13,12,0.0052105616709994321
K13a3969,13,12,0.00050974613590631468
K13a397,13,12,0.00043649672134322314
K13a3970,13,12,0.0024450160305004255
K13a3971,13,12,0.0033106473629748202
K13a3972,13,12,0.0039269476115729469
K13a3973,13,12,0.0018490306625837795
K13a3974,13,12,0.0054019598032205044
K13a3975,13,12,0.0099152592803339965
K13a3976,13,13,0.0061604511962798057
K13a3977,13,12,0.0011902968742681472
K13a3978,13,12,0.0026502818562098916
K13a3979,13,12,0.0012565219074281611
K13a398,13,12,0.0030068700509391418
K13a3980,13,12,0.0011482959421248841
K13a3981,13,12,0.0046235541852020379
K13a3982,13,12,0.00011499602749805332
K13a3983,13,12,0.0034210762986418251
K13a3984,13,12,0.0027189783852854658
K13a3985,13,12,0.0023879845814981388
K13a3986,13,12,8.0780956878648592e-05
K13a3987,13,12,0.00016503684847126828
K13a3988,13,12,0.00081560662498798701
K13a3989,13,12,0.0033409202814498099
K13a399,13,13,0.0044179996862769204
K13a3990,13,12,0.0063809511279388021
K13a3991,13,12,0.0018318758860446773
K13a3992,13,12,0.0065696737630072466
K13a3993,13,12,0.0018821473218234499
K13a3994,13,12,0.0030599306769312001
K13a3995,13,11,0.0014590510792856571
K13a3996,13,12,0.0017532301796545143
K13a3997,13,12,0.0088637236326421977
K13a3998,13,12,0.0011322123314177412
K13a3999,13,12,0.00028857988226530103
K13a4,13,12,0.0031132510634242169
K13a40,13,12,0.0020942486574868032
K13a400,13,13,0.0005183960325097441
K13a4000,13,12,0.0042403365751431327
K13a4001,13,12,0.00070140982301349227
K13a4002,13,12,0.0013886266845754751
K13a4003,13,12,0.00050015663152264589
K13a4004,13,12,0.00272432112731402
K13a4005,13,12,0.0016753937094167914
K13a4006,13,12,0.0019176024930356232
K13a4007,13,12,0.00050169631818324087
K13a4008,13,12,0.006324801185355871
K13a4009,13,11,0.0026248145242806194
K13a401,13,12,0.00017855383751107988
K13a4010,13,12,0.0062407325672806232
K13a4011,13,12,0.0027193705823232183
K13a4012,13,12,0.0047285890813267995
K13a4013,13,12,0.00066525852612262253
K13a4014,13,12,0.0019298198373241446
K13a4015,13,12,0.0022194828957848001
K13a4016,13,12,0.00087279624441184115
K13a4017,13,12,0.0026586678337495065
K13a4018,13,12,0.0058203896799768565
K13a4019,13,12,0.0008475805748084579
K13a402,13,13,0.0020788158812356521
K13a4020,13,12,0.0014173011519287564
K13a4021,13,12,0.0013555628983159772
K13a4022,13,12,0.0032761167347808095
K13a4023,13,12,7.489338453102939e-05
K13a4024,13,12,0.00347685571880599
K13a4025,13,12,0.00046351984647587287
K13a4026,13,12,0.0083157316716572748
K13a4027,13,12,0.0014760626596958253
K13a4028,13,12,0.0092515662279362282
K13a4029,13,12,0.0031334844073161441
K13a403,13,13,0.0023634060537036949
K13a4030,13,12,0.00014335286944384138
K13a4031,13,12,0.00065854789403035224
K13a4032,13,12,0.0010962778027478095
K13a4033,13,12,0.00044531865697214622
K13a4034,13,12,0.008157682213562013
K13a4035,13,12,0.00039539437593419168
K13a4036,13,12,0.0057263567528428507
K13a4037,13,12,0.007288112743311803
K13a4038,13,12,0.010722894056461306
K13a4039,13,12,0.00066408939764473049
K13a404,13,12,0.0021846554256405759
K13a4040,13,12,0.0025521622241975197
K13a4041,13,12,0.0012665941972486103
K13a4042,13,12,0.000362349497601519
K13a4043,13,12,0.0072870005737810939
K13a4044,13,12,0.0010718940473026417
K13a4045,13,11,0.0038863304901811052
K13a4046,13,12,0.0001960672685100617
K13a4047,13,12,0.012669283711139973
K13a4048,13,11,0.00018489015951092869
K13a4049,13,12,0.013737871448981228
K13a405,13,13,0.0018700501255287832
K13a4050,13,12,0.0014165926438017293
K13a4051,13,12,0.0026911499698046362
K13a4052,13,11,0.00035114461839449849
K13a4053,13,11,0.0064667374789936158
K13a4054,13,12,0.00079378209042293101
K13a4055,13,12,0.0013626605520104915
K13a4056,13,11,0.0011616247649842769
K13a4057,13,12,0.0021865341066032314
K13a4058,13,12,0.00068768013693551206
K13a4059,13,12,0.0024035106899672979
K13a406,13,12,0.0050714895125376445
K13a4060,13,12,0.0012667618565845747
K13a4061,13,12,0.0010338101649599663
K13a4062,13,12,0.010500486275812725
K13a4063,13,12,0.0019218119706293888
K13a4064,13,12,0.010188342199696625
K13a4065,13,12,0.0020375187244871967
K13a4066,13,12,0.0019060311899977722
K13a4067,13,12,0.0019859842946214788
K13a4068,13,12,4.2403528460405787e-05
K13a4069,13,12,0.00026344437257721674
K13a407,13,12,0.011102912441469387
K13a4070,13,12,0.0032311845776666322
K13a4071,13,12,0.0071403754512721568
K13a4072,13,12,0.00078495328347448208
K13a4073,13,12,0.0046897253033039675
K13a4074,13,12,0.0025880123808481861
K13a4075,13,12,0.002169643314491365
K13a4076,13,12,0.00045900509103751858
K13a4077,13,12,0.0072218979532419061
K13a4078,13,12,0.0022755498094207834
K13a4079,13,12,0.00098310487435995342
K13a408,13,13,0.0034831396414720188
K13a4080,13,12,0.0024697850050205633
K13a4081,13,12,0.0056397324708126724
K13a4082,13,12,0.0012149990540483082
K13a4083,13,12,0.0058056251197734603
K13a4084,13,13,0.0015178796279799712
K13a4085,13,12,0.0012304095753364454
K13a4086,13,12,0.003017861338494127
K13a4087,13,12,0.0061700537681413647
K13a4088,13,12,0.0029132338699426504
K13a4089,13,12,0.00010644080867572829
K13a409,13,12,0.0063035347387054002
K13a4090,13,12,0.01546711094766891
K13a4091,13,12,0.0030124121102778766
K13a4092,13,12,0.0016149161612207597
K13a4093,13,12,0.0026058251754233035
K13a4094,13,12,1.4614817389735352e-05
K13a4095,13,12,0.00083355013610375388
K13a4096,13,12,0.0012638565806123115
K13a4097,13,12,0.0035251074037245702
K13a4098,13,12,0.023873116897548327
K13a4099,13,12,0.0049668384425782487
K13a41,13,12,0.0011097041989510874
K13a410,13,12,0.00050482693518960056
K13a4100,13,12,0.0011487193479836138
K13a4101,13,12,0.0026093613649376757
K13a4102,13,12,0.014560982623864488
K13a4103,13,12,0.0033645100274359743
K13a4104,13,12,0.00060399588445643406
K13a4105,13,12,0.0053290009412678531
K13a4106,13,12,6.7196530526247023e-05
K13a4107,13,12,0.00010202104254616983
K13a4108,13,12,0.017768925319798089
K13a4109,13,12,3.1592273469627843e-06
K13a411,13,12,0.0016476554950512498
K13a4110,13,12,0.00070366487476211453
K13a4111,13,12,0.002424118286475113
K13a4112,13,12,0.0049076181560800281
K13a4113,13,12,0.0084837917420721928
K13a4114,13,12,0.0012628045326470694
K13a4115,13,12,0.00062383494386149523
K13a4116,13,12,0.0023043265465165592
K13a4117,13,12,0.0011977378866832398
K13a4118,13,12,0.0034680867305130069
K13a4119,13,12,0.0021709498045347606
K13a412,13,12,0.0020926679545253727
K13a4120,13,13,0.0012752800707225595
K13a4121,13,12,0.0013328811957760804
K13a4122,13,12,0.0015546825127806766
K13a4123,13,12,0.0036813248038246012
K13a4124,13,12,2.0139321074465062e-06
K13a4125,13,12,0.0018001887344575593
K13a4126,13,12,1.1001835517093597e-05
K13a4127,13,12,0.0019010499101594931
K13a4128,13,12,0.0010418333880586022
K13a4129,13,12,0.0012920006161255436
K13a413,13,13,0.0014651603378389054
K13a4130,13,12,0.0013924062619884989
K13a4131,13,12,0.0045350788180046706
K13a4132,13,12,0.0020590168707962796
K13a4133,13,11,0.00091484306153417775
K13a4134,13,12,0.0040224847602886773
K13a4135,13,12,0.006097833272407282
K13a4136,13,12,0.00018603112063266282
K13a4137,13,12,0.0023708061411652289
K13a4138,13,12,0.013148840588532183
K13a4139,13,12,0.0018111158623711386
K13a414,13,13,0.00040839057113268803
K13a4140,13,12,0.0004106873810681386
K13a4141,13,12,0.00056096386908622003
K13a4142,13,11,0.0012709337971910002
K13a4143,13,12,0.0042178325327273955
K13a4144,13,12,0.00046427291825506601
K13a4145,13,12,0.0058525993509366313
K13a4146,13,12,0.0014646585876027806
K13a4147,13,12,0.0013067697867810185
K13a4148,13,12,7.3255691312483823e-05
K13a4149,13,12,0.0039647970914004609
K13a415,13,13,0.0084878743118094492
K13a4150,13,12,0.0020645607531393621
K13a4151,13,12,0.0078125002518806223
K13a4152,13,12,0.0027098099171541544
K13a4153,13,12,0.00023871870881625112
K13a4154,13,12,0.00089968283332748586
K13a4155,13,12,0.001281944428819317
K13a4156,13,12,0.0024681850535161207
K13a4157,13,12,0.0014493866881509689
K13a4158,13,12,0.0019384820901219208
K13a4159,13,12,0.00085248392513604201
K13a416,13,13,0.0040341030111466347
K13a4160,13,12,0.0029487855642506122
K13a4161,13,12,0.00016593885089561191
K13a4162,13,12,0.0014800673654048785
K13a4163,13,12,0.0018422020418208066
K13a4164,13,12,0.00044635108600477209
K13a4165,13,12,0.00076272113491118634
K13a4166,13,12,0.0023477842250450502
K13a4167,13,12,0.00024278041825427508
K13a4168,13,12,0.0010664702885943495
K13a4169,13,12,0.0022396911823988085
K13a417,13,13,0.013376564107300044
K13a4170,13,12,0.0015544900527325182
K13a4171,13,12,0.00062173823687003448
K13a4172,13,12,0.00014301326960398315
K13a4173,13,12,0.0043656010340249723
K13a4174,13,12,0.0072440889561110264
K13a4175,13,12,0.0030521458771396591
K13a4176,13,12,0.0048224060488893617
K13a4177,13,12,0.00081263556989692753
K13a4178,13,12,0.0019530433725573253
K13a4179,13,12,0.001258803268668866
K13a418,13,13,0.0046395697703537049
K13a4180,13,12,0.0079446311165620783
K13a4181,13,12,0.00020024987949899747
K13a4182,13,12,0.00091027191700669924
K13a4183,13,12,0.0003466353065921033
K13a4184,13,12,0.0026991133892221133
K13a4185,13,12,0.0044111587619143971
K13a4186,13,12,0.00013192500444308568
K13a4187,13,12,0.00024848074146357254
K13a4188,13,11,0.00019043187853000771
K13a4189,13,12,0.0073015848137487141
K13a419,13,13,0.00021805872205131572
K13a4190,13,13,0.0011658362680400406
K13a4191,13,12,0.0035331039623592193
K13a4192,13,12,0.0034456222760891591
K13a4193,13,12,0.0096724232021740564
K13a4194,13,12,0.0035375437649381985
K13a4195,13,12,0.0011864343203862296
K13a4196,13,12,0.00014814504048111217
K13a4197,13,12,0.003246391238432996
K13a4198,13,12,0.00074071734813836959
K13a4199,13,12,0.00035461136294048546
K13a42,13,13,0.00033303969219190295
K13a420,13,13,0.002100700849767365
K13a4200,13,12,0.0016175382635060201
K13a4201,13,13,0.0019946153185296822
K13a4202,13,12,0.0044726835667441055
K13a4203,13,12,0.0033236712857125385
K13a4204,13,12,0.0056842890015210727
K13a4205,13,12,0.021499640828416017
K13a4206,13,12,0.0026551487091534503
K13a4207,13,12,0.00058943715983182871
K13a4208,13,12,5.4493797240082158e-06
K13a4209,13,12,0.0024617081074984398
K13a421,13,13,0.0096483336918690207
K13a4210,13,12,0.0031079099860842601
K13a4211,13,12,0.008265126376313707
K13a4212,13,12,0.0048113970414287539
K13a4213,13,12,0.012844593896853119
K13a4214,13,12,0.011443643702937281
K13a4215,13,12,0.0059665012129445187
K13a4216,13,12,0.0019366746902424452
K13a4217,13,12,0.00096323033451262857
K13a4218,13,12,0.0094651294782517239
K13a4219,13,12,0.0028698420563477785
K13a422,13,13,0.00097285399670119497
K13a4220,13,12,0.0011320861855067764
K13a4221,13,12,0.0033718413317869321
K13a4222,13,12,0.0023600156278908847
K13a4223,13,12,0.00014445696386646017
K13a4224,13,12,0.00081835046559833302
K13a4225,13,12,0.0011831987320659201
K13a4226,13,12,0.0017901165378195669
K13a4227,13,12,0.00042674747203810907
K13a4228,13,12,0.0064451697885768164
K13a4229,13,12,0.0030303193221078487
K13a423,13,13,0.0047183813535462129
K13a4230,13,13,0.0020105299294645757
K13a4231,13,12,0.0011957174600307542
K13a4232,13,12,0.00032190360195149468
K13a4233,13,12,0.00020431408681278925
K13a4234,13,12,0.00044867602215069069
K13a4235,13,12,0.00041937081323250403
K13a4236,13,12,0.0043237479681111678
K13a4237,13,12,0.0002459791907944118
K13a4238,13,12,0.0038314835220379533
K13a4239,13,12,0.00066569038718504588
K13a424,13,12,0.0039721234930585689
K13a4240,13,12,0.0038399063109208461
K13a4241,13,12,0.001170503146358794
K13a4242,13,12,0.0044918406153134039
K13a4243,13,12,0.0028351372515525971
K13a4244,13,12,0.003991972424750031
K13a4245,13,12,0.0010753024575712385
K13a4246,13,12,0.0072591227682349364
K13a4247,13,12,0.00027970900077987888
K13a4248,13,12,0.0069830169799372432
K13a4249,13,12,0.00075580892302624426
K13a425,13,13,0.0011438015296807952
K13a4250,13,12,0.0025912750044908266
K13a4251,13,12,0.0003472389609147437
K13a4252,13,12,0.0031281887650178157
K13a4253,13,12,0.0036044663199793405
K13a4254,13,12,0.0084808022764163212
K13a4255,13,12,0.00026809744493464665
K13a4256,13,12,0.00029369832542394686
K13a4257,13,12,0.0062896374788518061
K13a4258,13,12,0.00069433379406948128
K13a4259,13,13,0.0018561401918382972
K13a426,13,13,0.0062741073969585746
K13a4260,13,11,0.0020012597956472395
K13a4261,13,12,0.0022645181257442766
K13a4262,13,12,0.0055741513439655629
K13a4263,13,12,0.0020757785313954128
K13a4264,13,12,0.0008869762881761889
K13a4265,13,12,0.00026591777187095263
K13a4266,13,12,0.00067289211177697398
K13a4267,13,12,0.0019141073713619813
K13a4268,13,11,0.0054764277184715287
K13a4269,13,12,0.00064887684829540186
K13a427,13,13,0.0042990757659774146
K13a4270,13,12,0.00044291827377528704
K13a4271,13,12,0.0011601811133938184
K13a4272,13,12,0.0012729185800668735
K13a4273,13,13,0.00098161152221319875
K13a4274,13,13,0.0077526105016805305
K13a4275,13,13,0.0029960579360301279
K13a4276,13,13,0.0024168583267647286
K13a4277,13,12,0.0022919314906537569
K13a4278,13,12,0.0040719481587599797
K13a4279,13,12,0.0058835593280707251
K13a428,13,13,0.0071815584020804481
K13a4280,13,12,0.0048564352614665195
K13a4281,13,11,0.0025713719286366587
K13a4282,13,12,0.0020356624960622539
K13a4283,13,12,0.0017706443952982679
K13a4284,13,11,0.00045754836554834046
K13a4285,13,12,0.0024133057640603503
K13a4286,13,12,0.0047767980221628745
K13a4287,13,12,0.0045412301463651451
K13a4288,13,12,0.0024664627720097435
K13a4289,13,12,0.0045369022458880614
K13a429,13,12,0.00061653166068801647
K13a4290,13,12,0.010997290846532183
K13a4291,13,12,0.0016578287284863252
K13a4292,13,12,0.0013687079998265458
K13a4293,13,12,0.0011889824943201704
K13a4294,13,12,0.00096825589605081634
K13a4295,13,12,0.0045483102606059317
K13a4296,13,12,0.01712595853930915
K13a4297,13,12,0.0013173947387739486
K13a4298,13,12,0.00083584649120403481
K13a4299,13,12,0.0010273630923876944
K13a43,13,12,0.0015310503768759223
K13a430,13,13,0.00022357659411405322
K13a4300,13,12,0.0030050902265606871
K13a4301,13,12,0.0054172033404742718
K13a4302,13,13,0.0032946075835867789
K13a4303,13,12,0.0011725730910492219
K13a4304,13,12,0.0014242387702701213
K13a4305,13,12,7.057776690463787e-05
K13a4306,13,12,0.0042023423766873154
K13a4307,13,12,0.00033392142705813895
K13a4308,13,12,0.0022569501658992724
K13a4309,13,12,0.00074741361401108053
K13a431,13,13,0.014658856593319699
K13a4310,13,12,0.0029359566439872112
K13a4311,13,12,0.001608300411586998
K13a4312,13,12,0.00095605957808442862
K13a4313,13,12,0.0036402972723800558
K13a4314,13,12,0.0010182107294701192
K13a4315,13,12,0.0033459510349171267
K13a4316,13,13,0.002050539941379007
K13a4317,13,13,0.0045177729797774473
K13a4318,13,13,0.00085666426930762225
K13a4319,13,12,0.0045775617678593143
K13a432,13,13,0.0022830120885845551
K13a4320,13,12,0.0017631264730998484
K13a4321,13,12,0.0028304971862144444
K13a4322,13,12,0.00098311322525860439
K13a4323,13,12,0.0022717456403241717
K13a4324,13,12,0.001123991715229055
K13a4325,13,12,0.00076636043740095161
K13a4326,13,12,0.0063091995462933427
K13a4327,13,12,0.0042662397014154854
K13a4328,13,12,0.0080723398844239555
K13a4329,13,12,0.0028820917481622694
K13a433,13,12,0.0024636319290055838
K13a4330,13,12,0.0011547638554692198
K13a4331,13,12,0.00070066776654452944
K13a4332,13,12,0.0063329868166480006
K13a4333,13,13,4.2847563959833733e-05
K13a4334,13,12,0.002117149934015804
K13a4335,13,12,0.00092302243577342593
K13a4336,13,12,0.0063829073131549605
K13a4337,13,12,0.0012673462765185068
K13a4338,13,12,0.0097523131013611403
K13a4339,13,12,0.00037820237101241345
K13a434,13,13,0.0048739455008723386
K13a4340,13,12,0.0042206822552672977
K13a4341,13,12,0.00094860405525191917
K13a4342,13,12,0.00178206078289841
K13a4343,13,12,0.002957037264922698
K13a4344,13,12,0.0077308899629740082
K13a4345,13,12,0.0026966463333302545
K13a4346,13,12,0.0026810084619656341
K13a4347,13,12,0.0024856272929779919
K13a4348,13,12,0.0027005301683607919
K13a4349,13,12,0.0033544761648542465
K13a435,13,12,0.00046250389475678192
K13a4350,13,12,0.0025506579408849828
K13a4351,13,12,2.486191242679612e-05
K13a4352,13,12,0.0010364132118377807
K13a4353,13,12,0.0038536033584658934
K13a4354,13,12,0.0046277283489777271
K13a4355,13,12,4.020443183206079e-06
K13a4356,13,12,0.0043162127036459382
K13a4357,13,12,0.00092978823458807766
K13a4358,13,11,0.0025625789285803158
K13a4359,13,11,0.0001823345008644009
K13a436,13,13,0.0023898741448739416
K13a4360,13,12,0.0036881063421544923
K13a4361,13,12,0.0029704222578260117
K13a4362,13,12,0.0025986266662993292
K13a4363,13,12,0.00014719836011417329
K13a4364,13,12,0.0010047145485675654
K13a4365,13,12,0.000657722155203313
K13a4366,13,12,0.010864589092755431
K13a4367,13,12,0.0054542476294615746
K13a4368,13,12,0.0107051030276355
K13a4369,13,12,0.00032125781993436143
K13a437,13,12,0.0023471425312565114
K13a4370,13,12,0.00014359258272813764
K13a4371,13,12,0.0012983101438387933
K13a4372,13,12,0.00086514394352395641
K13a4373,13,12,0.00024511741738642657
K13a4374,13,12,0.0050752492618262989
K13a4375,13,12,0.0016946946090639328
K13a4376,13,12,0.00354531715454867
K13a4377,13,12,0.0013517533151324406
K13a4378,13,12,0.00030848362509042806
K13a4379,13,13,0.00095112600521424999
K13a438,13,13,0.006864967838862905
K13a4380,13,12,3.8795687525381594e-05
K13a4381,13,12,0.00078102387277464796
K13a4382,13,12,0.0043332067054703792
K13a4383,13,12,0.0040500990692788411
K13a4384,13,12,0.0026306249185851166
K13a4385,13,12,0.0023751029660819831
K13a4386,13,13,0.003908289975347588
K13a4387,13,13,0.00091513742330587462
K13a4388,13,12,0.0034328624149864029
K13a4389,13,12,0.0028239277286603104
K13a439,13,12,0.0010110300612087631
K13a4390,13,12,0.0032528641491706314
K13a4391,13,12,0.0024700103191506095
K13a4392,13,12,0.0030776326711223503
K13a4393,13,12,0.014342187657880609
K13a4394,13,12,0.00043133581574092975
K13a4395,13,12,0.0024114148847002022
K13a4396,13,12,0.016036828677218156
K13a4397,13,13,0.0065971102371412647
K13a4398,13,12,0.0051148166441562764
K13a4399,13,12,0.0023994961388899127
K13a44,13,13,0.00016458028080681085
K13a440,13,12,0.0045568430405389737
K13a4400,13,12,0.0027151792782288873
K13a4401,13,12,0.00040147806552777031
K13a4402,13,12,0.00028727680588512392
K13a4403,13,12,0.0022573067791513109
K13a4404,13,12,0.00053230568381949436
K13a4405,13,11,0.00150963506277556
K13a4406,13,11,0.0026773213307801345
K13a4407,13,12,0.00075246452153975572
K13a4408,13,11,0.00042569719365733041
K13a4409,13,12,0.0054912729373689526
K13a441,13,12,0.00030469639041101929
K13a4410,13,12,0.0011430603186075932
K13a4411,13,12,0.00023344437413395152
K13a4412,13,11,0.0015263537026893909
K13a4413,13,11,0.0087458135113406936
K13a4414,13,12,0.0044065067474790215
K13a4415,13,12,0.00091939741644438003
K13a4416,13,12,0.0038176262628962822
K13a4417,13,11,0.004430507314904319
K13a4418,13,12,0.0015528848741266428
K13a4419,13,12,0.0051515863090000674
K13a442,13,12,0.0001702786623919633
K13a4420,13,12,0.0013505228019107696
K13a4421,13,12,0.00010119786359239063
K13a4422,13,12,0.015490404386728964
K13a4423,13,12,8.262424671543389e-05
K13a4424,13,12,0.0065275325222350963
K13a4425,13,11,0.013287958305614418
K13a4426,13,12,0.0085539108798583108
K13a4427,13,11,1.6561509364191135e-05
K13a4428,13,12,0.00051300261597593988
K13a4429,13,11,0.00082283533005212046
K13a443,13,12,0.00042839088888903373
K13a4430,13,12,0.0019102306653757182
K13a4431,13,12,0.0039030539484705847
K13a4432,13,12,0.0012635391767179991
K13a4433,13,11,0.0030542366880900907
K13a4434,13,12,0.00037894391183799982
K13a4435,13,12,0.00091983559747190195
K13a4436,13,12,0.0011835293917232248
K13a4437,13,11,0.00071641347412341051
K13a4438,13,12,0.00072275526200773555
K13a4439,13,12,0.0060222852295864849
K13a444,13,12,0.0069460520992665224
K13a4440,13,11,0.0070637170717085312
K13a4441,13,11,0.0062272359275410303
K13a4442,13,12,0.014868999729503026
K13a4443,13,11,1.510527415932308e-05
K13a4444,13,11,0.0011796592332741253
K13a4445,13,12,0.0008912960050317416
K13a4446,13,11,0.0034030943022033068
K13a4447,13,12,0.0021975719008359733
K13a4448,13,12,0.00042332037204312583
K13a4449,13,12,0.0026661493673252566
K13a445,13,12,0.00027251087720574517
K13a4450,13,12,0.0005111088613976724
K13a4451,13,12,0.0066399437815061078
K13a4452,13,12,0.0057340704945847074
K13a4453,13,12,0.0071453445310595692
K13a4454,13,12,0.0023554575165111238
K13a4455,13,12,0.0011443731020412428
K13a4456,13,12,0.0026981456327669069
K13a4457,13,12,0.0014086885648013142
K13a4458,13,12,0.00012794963590000426
K13a4459,13,12,0.0020841271744986719
K13a446,13,12,0.00016847422805334953
K13a4460,13,12,0.00070564403032411503
K13a4461,13,12,0.00071453594242823048
K13a4462,13,12,0.0025928015761099541
K13a4463,13,12,0.0017410372482958181
K13a4464,13,12,0.0016032232267387467
K13a4465,13,12,0.0051765481529103662
K13a4466,13,12,0.0012137675155153081
K13a4467,13,12,0.00016388632322564292
K13a4468,13,12,0.00052572499454041192
K13a4469,13,12,0.015313946189067501
K13a447,13,12,0.0018567197142897434
K13a4470,13,11,0.0033269838152649163
K13a4471,13,12,0.0053486574632308076
K13a4472,13,12,0.00068038738218454309
K13a4473,13,12,0.0015879944308888219
K13a4474,13,12,0.0043043085963506509
K13a4475,13,12,0.0019655256802262253
K13a4476,13,12,0.0039682061526551239
K13a4477,13,11,0.0047372578515227932
K13a4478,13,12,0.0013884358821118856
K13a4479,13,11,0.0044375300758804056
K13a448,13,12,0.0031288944046442544
K13a4480,13,12,0.00023202933754801392
K13a4481,13,11,0.00044665865024146446
K13a4482,13,11,0.0027331097583725163
K13a4483,13,12,1.018819691425308e-05
K13a4484,13,12,0.003372176231888813
K13a4485,13,11,0.0013613324949972685
K13a4486,13,11,0.0016952374397758074
K13a4487,13,12,0.0043710695625858295
K13a4488,13,12,0.0048358600220648586
K13a4489,13,12,0.0038379880751911299
K13a449,13,12,0.0012194743116805773
K13a4490,13,12,0.0034213476335408148
K13a4491,13,12,9.3698016160103986e-05
K13a4492,13,12,0.0019978297906465626
K13a4493,13,12,0.0048331496812829434
K13a4494,13,12,0.00066618434801762156
K13a4495,13,12,0.0059343561628593744
K13a4496,13,12,0.0025563654725885483
K13a4497,13,12,0.0089048172267360039
K13a4498,13,12,0.0025914325721996243
K13a4499,13,12,0.0015639725085994946
K13a45,13,12,0.0027261491800637011
K13a450,13,13,0.0033345116198551872
K13a4500,13,12,0.0009112745345372504
K13a4501,13,12,0.0099021738054359213
K13a4502,13,12,0.010337922296830547
K13a4503,13,12,8.0318343827119742e-05
K13a4504,13,12,0.0025519296803906189
K13a4505,13,12,0.005175966750543051
K13a4506,13,12,0.00091172537034481401
K13a4507,13,12,0.0045099230879846464
K13a4508,13,13,0.00052508941245858125
K13a4509,13,13,0.001996802302604767
K13a451,13,13,0.00061300102202664327
K13a4510,13,12,0.010475214768185182
K13a4511,13,12,0.0017466582592739806
K13a4512,13,12,3.5048360954790329e-05
K13a4513,13,12,0.00079712383052151089
K13a4514,13,12,0.00212353831716446
K13a4515,13,12,0.0070863043371168395
K13a4516,13,12,0.0093018915101803282
K13a4517,13,12,0.0005797080817852169
K13a4518,13,12,0.006239466952440458
K13a4519,13,12,0.003383649037409796
K13a452,13,13,0.0027468618870516498
K13a4520,13,12,0.0024970187774559904
K13a4521,13,12,0.0027914388981162904
K13a4522,13,12,0.00041265990507926068
K13a4523,13,12,0.0063525926983030931
K13a4524,13,12,0.0030846925817070475
K13a4525,13,12,0.0047421295725093527
K13a4526,13,12,0.0046789295069279389
K13a4527,13,13,0.0059826530573202476
K13a4528,13,12,0.00085760157177892026
K13a4529,13,12,0.0029067132140639042
K13a453,13,13,0.0038620892867738078
K13a4530,13,12,0.00077755166276753369
K13a4531,13,12,0.0044486232303846164
K13a4532,13,12,0.0018539883231091846
K13a4533,13,12,0.0078704378557293338
K13a4534,13,12,0.00013092253751708309
K13a4535,13,12,0.00063168229844724256
K13a4536,13,12,0.0011452588757709331
K13a4537,13,12,0.0062694798771094004
K13a4538,13,13,0.0067073047533899605
K13a4539,13,13,0.0031297041192270472
K13a454,13,12,0.00062732267349886208
K13a4540,13,13,0.0080577812318362741
K13a4541,13,12,0.0026081400951843371
K13a4542,13,12,0.00096122118322668703
K13a4543,13,12,0.0013907879282794009
K13a4544,13,12,0.00043332843806072189
K13a4545,13,12,0.0040911628387607299
K13a4546,13,12,0.0027402717851888066
K13a4547,13,13,0.0071879171477247528
K13a4548,13,13,0.0022821946634268881
K13a4549,13,13,0.0013425485190238357
K13a455,13,12,0.00015777872942733672
K13a4550,13,13,0.00079647683275587701
K13a4551,13,13,0.0021544455683300992
K13a4552,13,13,0.0020249111530225151
K13a4553,13,13,0.00010346553470968767
K13a4554,13,13,0.008195022214439681
K13a4555,13,13,0.0012012767609754164
K13a4556,13,13,0.0046125786952683039
K13a4557,13,11,0.0041338740256815151
K13a4558,13,12,0.0078134863557268661
K13a4559,13,12,0.00036365038127017703
K13a456,13,12,0.0013586847831939604
K13a4560,13,13,0.0033038485923748335
K13a4561,13,13,0.0019893150507323746
K13a4562,13,12,0.0011478573834028099
K13a4563,13,13,0.0044866828851974766
K13a4564,13,13,0.0026774182536543644
K13a4565,13,13,0.0019514034995117904
K13a4566,13,12,0.0013450812405901421
K13a4567,13,12,0.00010814422428164016
K13a4568,13,13,0.0058980728185736462
K13a4569,13,13,0.0098350633971854302
K13a457,13,13,0.0063762946155046822
K13a4570,13,13,0.0039839138176997425
K13a4571,13,13,0.0026873259237189398
K13a4572,13,13,0.00024293738190103216
K13a4573,13,13,0.00020424491428105082
K13a4574,13,12,0.0028937379346952253
K13a4575,13,12,0.00027530964835274969
K13a4576,13,12,0.0013297413625611527
K13a4577,13,12,3.8155938126740614e-05
K13a4578,13,12,0.0014120484742892359
K13a4579,13,12,0.0016710175033397654
K13a458,13,12,0.0065527341797719683
K13a4580,13,12,0.0021852136121873586
K13a4581,13,12,0.0055222102634548261
K13a4582,13,12,0.0018311851204462993
K13a4583,13,12,0.00034507771316654996
K13a4584,13,12,0.0024339082541276666
K13a4585,13,12,0.0033358525439901878
K13a4586,13,11,0.0039167664315089114
K13a4587,13,12,0.0020979951963617811
K13a4588,13,12,0.0027696695508809942
K13a4589,13,12,0.0025786907277883142
K13a459,13,13,0.0029869373378066774
K13a4590,13,12,0.0041291216503569301
K13a4591,13,12,0.01283757184778829
K13a4592,13,12,0.0012027061998516448
K13a4593,13,12,0.0077986680996486009
K13a4594,13,12,0.0016339067351970481
K13a4595,13,11,0.001781032889104951
K13a4596,13,11,5.8221743768790958e-05
K13a4597,13,12,0.00081668857788103131
K13a4598,13,11,6.601930464918635e-05
K13a4599,13,12,0.002522031916982984
K13a46,13,12,0.0031226725668325747
K13a460,13,12,0.0057560851847662069
K13a4600,13,12,0.00043807017762051979
K13a4601,13,11,0.0052165492374016201
K13a4602,13,12,0.0039450794144960969
K13a4603,13,11,0.00062943388192350882
K13a4604,13,12,0.0009365013689605461
K13a4605,13,11,0.0015372535328696377
K13a4606,13,12,0.0013288451048529377
K13a4607,13,12,0.0010728658980655157
K13a4608,13,12,0.0026198192128052689
K13a4609,13,12,0.0045116043266262467
K13a461,13,12,0.0023317366703024833
K13a4610,13,11,0.0036530990941254934
K13a4611,13,12,0.00061019305444609106
K13a4612,13,11,0.0025861459372616084
K13a4613,13,12,0.0018192220577681823
K13a4614,13,12,3.945373622213705e-05
K13a4615,13,12,8.6148827207746165e-05
K13a4616,13,12,0.0023039945441475792
K13a4617,13,12,0.0049710667464179315
K13a4618,13,12,0.0017290609815080013
K13a4619,13,12,0.0016701204551041995
K13a462,13,12,0.0029564509779005411
K13a4620,13,11,0.0013509824254033184
K13a4621,13,12,0.0017904665089473102
K13a4622,13,13,0.0011432995723419041
K13a4623,13,13,0.00092261857010903913
K13a4624,13,12,0.00055689416816309754
K13a4625,13,12,0.008597821105108424
K13a4626,13,12,0.0034904703302349803
K13a4627,13,12,0.0029098471043847349
K13a4628,13,12,0.0070629295746469541
K13a4629,13,12,0.00065577806778857346
K13a463,13,13,0.000246829990429958
K13a4630,13,12,0.00053951397940889441
K13a4631,13,12,0.0037526542852058739
K13a4632,13,12,0.0040550683248950789
K13a4633,13,12,0.00079526007596282251
K13a4634,13,12,0.003515583632810649
K13a4635,13,12,0.00052080361868412587
K13a4636,13,12,0.0006858857185676107
K13a4637,13,12,0.00518376713290982
K13a4638,13,12,0.0084731835028617423
K13a4639,13,12,0.00096289360568899693
K13a464,13,12,0.002196619165773499
K13a4640,13,12,0.0013735090413103355
K13a4641,13,12,0.0018525188261861755
K13a4642,13,12,0.00088380396092619978
K13a4643,13,12,0.0013245340434518606
K13a4644,13,12,0.0085191312335877664
K13a4645,13,12,0.0018110062990302706
K13a4646,13,12,0.00041331252857293541
K13a4647,13,12,0.0048888403799954667
K13a4648,13,12,0.010299380206814181
K13a4649,13,12,0.0010559684855121103
K13a465,13,13,0.00012371222490105898
K13a4650,13,12,0.0020156467369775695
K13a4651,13,12,0.0078236237890009792
K13a4652,13,12,8.2468138588354995e-05
K13a4653,13,12,0.017921951636609219
K13a4654,13,12,0.00327939568384336
K13a4655,13,12,0.0030866260099943936
K13a4656,13,12,0.0090908744371099547
K13a4657,13,12,0.010080148161917171
K13a4658,13,12,0.0052878374121866452
K13a4659,13,12,0.0019576998660014791
K13a466,13,13,0.0016437017021451068
K13a4660,13,12,0.00042462372756370644
K13a4661,13,12,0.01134283126349769
K13a4662,13,12,0.0030133270958263656
K13a4663,13,12,0.0082709835972067779
K13a4664,13,12,0.0015157118667493304
K13a4665,13,12,0.0021901938906493373
K13a4666,13,12,0.0016017436595709607
K13a4667,13,12,0.01227679070732755
K13a4668,13,11,0.0021284939081355264
K13a4669,13,12,0.00067305645812078838
K13a467,13,13,0.00018267482800037792
K13a4670,13,12,0.0029791554329672912
K13a4671,13,12,0.012262358909317433
K13a4672,13,12,0.0033146089708768292
K13a4673,13,12,0.00049718363291839445
K13a4674,13,12,0.0013953586562845943
K13a4675,13,12,0.00040296844054583562
K13a4676,13,12,0.00071053994936822612
K13a4677,13,12,0.0044840011771703917
K13a4678,13,12,0.0020322403304215766
K13a4679,13,11,0.0013498705522952269
K13a468,13,13,0.0031661313259430091
K13a4680,13,11,0.0018851695723685036
K13a4681,13,11,0.0042655784839125055
K13a4682,13,12,0.0018433538678500258
K13a4683,13,12,0.0009825836439908179
K13a4684,13,12,0.0033676306130032739
K13a4685,13,12,0.0013176205851116428
K13a4686,13,12,0.00082605277544247659
K13a4687,13,12,0.0016189911908676751
K13a4688,13,12,0.0020784607340638092
K13a4689,13,12,0.00075405794071759273
K13a469,13,12,0.00011710159472296815
K13a4690,13,12,0.0041011089748804307
K13a4691,13,12,0.0023635359743442034
K13a4692,13,12,0.0014274961582224337
K13a4693,13,12,0.0018278339424893468
K13a4694,13,12,0.0016389266722135983
K13a4695,13,12,0.0012621866089026024
K13a4696,13,12,0.015691787205186981
K13a4697,13,12,0.007925957801992423
K13a4698,13,12,0.00061051745631124116
K13a4699,13,12,0.0067347009142404669
K13a47,13,12,0.0016276817193648346
K13a470,13,12,0.0071229578429037191
K13a4700,13,12,0.0032875019232917781
K13a4701,13,12,0.0085071495305071333
K13a4702,13,12,4.5498619292282566e-05
K13a4703,13,12,0.0003398160596475162
K13a4704,13,12,0.013093723328006538
K13a4705,13,12,0.00095936716103955043
K13a4706,13,12,0.0016279435797745719
K13a4707,13,12,0.0067881728237677592
K13a4708,13,12,0.0016102980426597152
K13a4709,13,12,0.00056231779929822603
K13a471,13,12,0.0001205459177587795
K13a4710,13,12,0.0023034981373617641
K13a4711,13,12,0.0068702539547711343
K13a4712,13,12,0.0031109043295033654
K13a4713,13,12,0.00022370046130082232
K13a4714,13,12,0.0012065557595893779
K13a4715,13,12,0.0024404763579306105
K13a4716,13,12,0.0079412345502498042
K13a4717,13,12,0.0089766982705403973
K13a4718,13,12,0.0020401169720447769
K13a4719,13,12,0.0026878370174776415
K13a472,13,12,0.0016809261777359934
K13a4720,13,12,0.0022297882435657617
K13a4721,13,12,0.00048730563221043732
K13a4722,13,12,0.0023925737228990048
K13a4723,13,12,0.0040844300055335493
K13a4724,13,12,0.00026386018439880936
K13a4725,13,12,0.0017731565662326572
K13a4726,13,12,0.00083454914264781063
K13a4727,13,12,0.0015891841079970952
K13a4728,13,12,9.5072514193377896e-06
K13a4729,13,12,0.00016396122169436275
K13a473,13,13,0.0038189573392068852
K13a4730,13,11,0.0012647909747552425
K13a4731,13,11,0.0080166641032593002
K13a4732,13,12,0.0034621120638356254
K13a4733,13,12,0.0040205421155790127
K13a4734,13,12,0.0024562999835335917
K13a4735,13,12,0.0054313692863673935
K13a4736,13,12,0.0042490617755434152
K13a4737,13,12,0.0013930713049732043
K13a4738,13,11,0.0024523135673794084
K13a4739,13,12,0.00042126182985502663
K13a474,13,12,0.00064691356708136282
K13a4740,13,12,0.0021466468026315466
K13a4741,13,12,0.0024300078588745935
K13a4742,13,12,9.2628099562694076e-05
K13a4743,13,12,0.00053137422980246941
K13a4744,13,12,0.00066703161882165191
K13a4745,13,12,0.00065467312123893072
K13a4746,13,11,3.6602822169419595e-05
K13a4747,13,12,0.002849439446723407
K13a4748,13,12,0.00016257017072936683
K13a4749,13,11,0.0031479040616953459
K13a475,13,13,0.0010552745994596643
K13a4750,13,12,0.0054363801733000958
K13a4751,13,12,0.00075476175567661986
K13a4752,13,12,0.0024880319949431911
K13a4753,13,12,0.00015159917058595149
K13a4754,13,12,0.00052869807780456745
K13a4755,13,12,0.0028400455458337521
K13a4756,13,12,0.0038778275070486994
K13a4757,13,11,0.00075110981917039191
K13a4758,13,12,0.0005008504324808807
K13a4759,13,12,0.0030950191868804318
K13a476,13,12,0.001174068875238231
K13a4760,13,12,0.0087728464843266386
K13a4761,13,12,0.0034920179209494439
K13a4762,13,12,0.0022370693383511214
K13a4763,13,12,0.00011458866433495235
K13a4764,13,12,0.0017535841254405413
K13a4765,13,12,0.011169517041689697
K13a4766,13,12,0.0028377650874051863
K13a4767,13,12,0.0063565440656856223
K13a4768,13,12,0.0037651910109839782
K13a4769,13,12,0.0026426657775031489
K13a477,13,13,0.0035307785246332917
K13a4770,13,12,0.00018308286608555656
K13a4771,13,12,0.0020428659898522141
K13a4772,13,12,0.0057324597301568869
K13a4773,13,12,0.0019929719479489815
K13a4774,13,12,0.0067651072893311695
K13a4775,13,12,0.0005779742120943811
K13a4776,13,12,0.0016661265312231601
K13a4777,13,12,0.00018185588749465977
K13a4778,13,12,0.0014464120689571044
K13a4779,13,12,0.0068947857300341048
K13a478,13,13,0.0018895563716364128
K13a4780,13,12,0.00023853682827539149
K13a4781,13,12,0.0075925662494663818
K13a4782,13,12,0.0013433631158936662
K13a4783,13,12,0.0053413604891649697
K13a4784,13,12,0.012631900464412973
K13a4785,13,12,0.0014262007760225386
K13a4786,13,12,6.6380028051772573e-05
K13a4787,13,12,0.0017679199625164825
K13a4788,13,12,0.00087003966972121162
K13a4789,13,12,0.0047776263305237977
K13a479,13,12,0.00049707617524633431
K13a4790,13,12,0.012850210405048884
K13a4791,13,12,0.00018378378506559131
K13a4792,13,12,0.00030844913113249416
K13a4793,13,12,0.0029519232596948311
K13a4794,13,12,0.0064796960305306822
K13a4795,13,12,0.0018290156684493541
K13a4796,13,12,0.0013585080177014248
K13a4797,13,12,0.00096902562024126318
K13a4798,13,12,0.0017519234754091956
K13a4799,13,13,0.0018441703222193593
K13a48,13,13,0.00095498222359980279
K13a480,13,13,0.001707546792385685
K13a4800,13,13,0.00088691753526066075
K13a4801,13,12,0.0024353613283967213
K13a4802,13,12,0.0026900536230308504
K13a4803,13,12,0.00076746378424642141
K13a4804,13,12,0.01296950448207379
K13a4805,13,12,0.0049684767188461782
K13a4806,13,13,0.0018535668962970249
K13a4807,13,12,0.0041740503126320456
K13a4808,13,12,0.00071873252311929574
K13a4809,13,12,0.0002470102862392545
K13a481,13,13,0.0045058356101299133
K13a4810,13,12,0.0035765417346236891
K13a4811,13,12,0.00013564415604087378
K13a4812,13,12,0.00098652019849927524
K13a4813,13,12,0.0030615106806901452
K13a4814,13,12,0.0027891814003204365
K13a4815,13,12,0.0014794833725486174
K13a4816,13,12,0.0026630159781445835
K13a4817,13,12,0.0014355157759967172
K13a4818,13,12,0.00045308004930525901
K13a4819,13,12,0.0066575329562104197
K13a482,13,13,0.0059454175997239404
K13a4820,13,12,0.014206158640133667
K13a4821,13,12,0.00044723222370172185
K13a4822,13,13,0.003045889568889501
K13a4823,13,13,0.0013020296858461758
K13a4824,13,13,0.00095717545505839537
K13a4825,13,13,0.0024049936566568524
K13a4826,13,12,0.0012958878806879014
K13a4827,13,12,0.0041787914368798538
K13a4828,13,13,0.00057871605440630548
K13a4829,13,13,0.00047101383230858972
K13a483,13,12,0.0073286272230932538
K13a4830,13,13,0.00080929114214539459
K13a4831,13,13,0.0014810429343388818
K13a4832,13,13,0.00036218870121560489
K13a4833,13,12,0.0020495620745177453
K13a4834,13,13,0.0024701612725793569
K13a4835,13,13,0.011089193077205088
K13a4836,13,12,0.00090444465759267336
K13a4837,13,12,0.00833310027275911
K13a4838,13,12,0.0030693796430035277
K13a4839,13,12,0.00088149167789082787
K13a484,13,12,0.0011921827453878291
K13a4840,13,12,0.00032176728315449533
K13a4841,13,12,0.0010856287521013954
K13a4842,13,12,0.0057957682505004647
K13a4843,13,12,0.0018385547766538717
K13a4844,13,12,0.0031488550337009469
K13a4845,13,12,0.0016591425475484583
K13a4846,13,12,0.0045717597106875027
K13a4847,13,12,0.0022583739171091466
K13a4848,13,12,4.1879725791534251e-05
K13a4849,13,12,0.0017959832723519358
K13a485,13,12,0.0035393882231094238
K13a4850,13,12,0.00019624314203129327
K13a4851,13,12,0.00074844725598586972
K13a4852,13,12,0.00914629108083931
K13a4853,13,12,0.013095778231470396
K13a4854,13,12,0.0032083353682391949
K13a4855,13,12,0.0040177469982862358
K13a4856,13,12,0.0023841417215305664
K13a4857,13,12,0.00071653047215718027
K13a4858,13,13,0.0064046346043431486
K13a4859,13,12,0.0091972321703579704
K13a486,13,12,0.0074726140886353419
K13a4860,13,12,0.0013785261875812814
K13a4861,13,12,0.001935674605749838
K13a4862,13,13,0.0047680190524274262
K13a4863,13,13,0.0010781071244646183
K13a4864,13,13,0.0065504256709722746
K13a4865,13,13,0.0035016969275653335
K13a4866,13,13,0.0012711262473380541
K13a4867,13,13,0.00069906946279004877
K13a4868,13,13,0.00049217352762625762
K13a4869,13,13,0.0013164745648283143
K13a487,13,12,0.00058376145000830462
K13a4870,13,13,0.0087670937491126054
K13a4871,13,13,0.0025849187981605709
K13a4872,13,13,0.00037204769806407624
K13a4873,13,13,0.0069364517744674873
K13a4874,13,13,0.0011047052316242745
K13a4875,13,13,2.0998136785339018e-05
K13a4876,13,13,0.0014190823787373539
K13a4877,13,13,0.0010064329313176556
K13a4878,13,13,7.7609365968173973e-05
K13a488,13,12,0.00078071209067273075
K13a489,13,12,0.0025259021716825679
K13a49,13,13,0.0063284387647532534
K13a490,13,12,0.00037655517083746894
K13a491,13,13,0.00089320059692762476
K13a492,13,13,0.0043664834260658874
K13a493,13,12,0.00018373045531702657
K13a494,13,13,0.00062508255731893981
K13a495,13,13,0.0035064017553993543
K13a496,13,13,0.0011062365157739787
K13a497,13,12,0.013444521313576282
K13a498,13,12,0.00089348405517341157
K13a499,13,13,0.004993811350337371
K13a5,13,12,0.00053705763435772983
K13a50,13,12,0.0021218001318789076
K13a500,13,12,0.001357822999325227
K13a501,13,13,9.1160875773878291e-05
K13a502,13,13,0.0029912778096904354
K13a503,13,13,0.0012607310470305248
K13a504,13,13,0.0013031848072312523
K13a505,13,12,0.0011830990336173445
K13a506,13,12,0.0097168876924368618
K13a507,13,12,0.0017903486959642335
K13a508,13,12,0.006652556824789998
K13a509,13,12,0.0018763022320247768
K13a51,13,12,0.0031911993746909398
K13a510,13,12,0.0048735767843767208
K13a511,13,12,0.0047881869955283237
K13a512,13,12,0.0042271323684603445
K13a513,13,12,0.0038080521343139932
K13a514,13,12,0.012714852615492959
K13a515,13,13,0.0001799480858100546
K13a516,13,12,0.00039035881163943816
K13a517,13,12,0.001165398891592588
K13a518,13,12,7.8051364822440665e-05
K13a519,13,12,0.0004581360676257656
K13a52,13,12,0.0012487616138136708
K13a520,13,12,0.0039579456045670995
K13a521,13,13,0.0047889737677893271
K13a522,13,12,0.0022650219286228426
K13a523,13,13,0.00089513265572352234
K13a524,13,13,0.0017543946503465475
K13a525,13,12,0.00074383099180003165
K13a526,13,12,0.0013715010358054099
K13a527,13,13,3.7486550463884435e-05
K13a528,13,12,0.0064002270261070493
K13a529,13,12,0.0035513689040197515
K13a53,13,12,0.0064197718068868294
K13a530,13,12,0.0021652618400013154
K13a531,13,12,0.0031389353502295123
K13a532,13,13,0.01742460177505864
K13a533,13,13,0.0033255588761915678
K13a534,13,13,0.00043754496614200353
K13a535,13,13,0.00099524437967572006
K13a536,13,13,0.00090793745257499857
K13a537,13,12,0.0041796353197800541
K13a538,13,12,0.0010727229385220736
K13a539,13,12,0.0017264664899546316
K13a54,13,13,0.0014408118156514931
K13a540,13,12,0.00037187576505758345
K13a541,13,13,0.0011095849484960983
K13a542,13,13,0.0033050427693485543
K13a543,13,13,0.001169705795275788
K13a544,13,13,0.0016126852313308189
K13a545,13,13,0.0014149840056391623
K13a546,13,12,0.00090042943283350114
K13a547,13,13,0.0015321703175677306
K13a548,13,13,0.0033543146599947027
K13a549,13,13,0.0032823530181412411
K13a55,13,12,0.00068932239313712162
K13a550,13,12,0.0015292822300545428
K13a551,13,13,0.0019024881329963092
K13a552,13,13,0.00027597886465495996
K13a553,13,13,0.0022047411745807388
K13a554,13,12,0.001010815649445246
K13a555,13,13,0.0027593346406127512
K13a556,13,13,0.00013333397943374192
K13a557,13,12,0.0050623200898176866
K13a558,13,13,0.0028390661416190571
K13a559,13,13,0.00013416568706794464
K13a56,13,12,0.0021404267968199104
K13a560,13,13,0.0026052455765637221
K13a561,13,13,0.01864504470661402
K13a562,13,12,0.0046430850089291915
K13a563,13,12,0.00078120150135912937
K13a564,13,13,2.127305339438652e-06
K13a565,13,13,0.0057576651409185688
K13a566,13,13,0.0027829439144779066
K13a567,13,13,0.00031438980128334376
K13a568,13,12,0.0010335133588731979
K13a569,13,13,0.0022114140488317287
K13a57,13,12,0.0052108780806535658
K13a570,13,12,0.00033080652298359524
K13a571,13,13,0.00089202049822903484
K13a572,13,13,0.0041037306645224066
K13a573,13,12,0.00044996888496409048
K13a574,13,13,0.0025893102323768548
K13a575,13,13,0.0042475170542540979
K13a576,13,13,0.0007328411570975352
K13a577,13,12,0.0037341603344177893
K13a578,13,13,0.0066991094484645563
K13a579,13,13,0.010669079326265917
K13a58,13,12,0.00015131084199400543
K13a580,13,13,0.0037952286514298808
K13a581,13,13,0.0060158331334275996
K13a582,13,12,3.5835367853709162e-05
K13a583,13,12,0.0043314952075089305
K13a584,13,13,0.0014599725783458507
K13a585,13,13,0.00051838206191632792
K13a586,13,13,0.0015713640553671625
K13a587,13,13,0.019530938718137658
K13a588,13,13,0.00061434463943370625
K13a589,13,12,0.0020034138472633705
K13a59,13,12,0.010307983231091907
K13a590,13,12,0.001879100232222938
K13a591,13,13,0.00080518924514959647
K13a592,13,13,0.0043580853429466358
K13a593,13,12,0.0017185001269793925
K13a594,13,13,0.0029167530843138365
K13a595,13,13,0.00040158766513708291
K13a596,13,13,0.013234514285394178
K13a597,13,13,0.0040452364024033804
K13a598,13,13,0.0015189588172265149
K13a599,13,12,0.003636963546027534
K13a6,13,13,0.0046606886132758351
K13a60,13,12,0.007253810261974661
K13a600,13,13,0.0013208808284151977
K13a601,13,13,0.000334239765470629
K13a602,13,12,0.0045116415218494788
K13a603,13,13,0.00070635263171011699
K13a604,13,12,0.00028627939242018902
K13a605,13,13,0.00013680178495827561
K13a606,13,12,0.0049605367428611448
K13a607,13,12,0.0026254319710281651
K13a608,13,12,0.0036587059084002191
K13a609,13,12,0.0047892447778633508
K13a61,13,12,0.0018940920690814547
K13a610,13,12,0.0017630308741867933
K13a611,13,13,0.0013953494046554746
K13a612,13,13,0.0031381816429044123
K13a613,13,12,0.00081124982673926743
K13a614,13,12,0.0015606013142022744
K13a615,13,12,9.8243392835225505e-05
K13a616,13,12,0.00034072672561055549
K13a617,13,12,0.0016836590311297723
K13a618,13,12,6.2034711206355143e-05
K13a619,13,12,0.0028401147993202852
K13a62,13,13,0.0067308100324777222
K13a620,13,13,0.00057532448405694806
K13a621,13,13,0.0068062611830529661
K13a622,13,12,0.0025712412280917921
K13a623,13,12,0.0031457088593476248
K13a624,13,13,0.0046265945917324169
K13a625,13,13,0.00099763742515854683
K13a626,13,12,0.00080509042505209243
K13a627,13,13,0.0038570206509865789
K13a628,13,13,0.00054167759550964437
K13a629,13,12,0.0023618693712012923
K13a63,13,12,0.012333470969150197
K13a630,13,12,0.0013544255471441998
K13a631,13,12,0.00016257778072269693
K13a632,13,12,0.00044135909600778565
K13a633,13,13,0.00082690961574043956
K13a634,13,12,0.0005828399909814006
K13a635,13,12,0.009651765419447348
K13a636,13,13,0.0047337025182089239
K13a637,13,13,0.0087328492137279858
K13a638,13,12,6.2247988477278112e-06
K13a639,13,13,0.0035201364364514979
K13a64,13,12,0.0014186112014747769
K13a640,13,13,0.00046324458901748412
K13a641,13,13,0.0007543696172330255
K13a642,13,12,0.0030549797437212749
K13a643,13,13,0.00024867809031078273
K13a644,13,13,0.0013208626944139566
K13a645,13,13,0.0029680295142082997
K13a646,13,13,0.0032775845371250138
K13a647,13,13,0.00011392166876290255
K13a648,13,13,0.0050645320869520932
K13a649,13,13,0.00083497552839108128
K13a65,13,13,0.0032926042565788057
K13a650,13,13,0.0031886945858515202
K13a651,13,12,0.0083456497094633649
K13a652,13,13,0.0027991139289962161
K13a653,13,13,0.0012118070834589675
K13a654,13,12,0.0031533775996024542
K13a655,13,13,0.0056129935723829259
K13a656,13,12,0.00094913288594198817
K13a657,13,13,0.0034412761525974048
K13a658,13,13,0.0026932306542842839
K13a659,13,12,0.0094676588325842241
K13a66,13,13,0.0040818138557350905
K13a660,13,13,0.0040209075496717888
K13a661,13,13,0.0032601121821552383
K13a662,13,12,0.0044336771535937944
K13a663,13,12,0.0028285643496249284
K13a664,13,13,0.0012456841044306006
K13a665,13,13,0.0010307616279893619
K13a666,13,13,0.00042707871783682276
K13a667,13,13,0.0051835349404361014
K13a668,13,12,0.0025710056445626454
K13a669,13,12,0.0020514812957933928
K13a67,13,12,0.0034944832062688068
K13a670,13,12,0.0034369778938823639
K13a671,13,12,0.0060825997436291333
K13a672,13,12,0.0026665286921865121
K13a673,13,13,0.00063187649874161731
K13a674,13,12,0.0070534675045204652
K13a675,13,13,0.0031427742606033979
K13a676,13,12,0.00021291601704239655
K13a677,13,12,0.00067605056414499654
K13a678,13,12,0.0018997119123115756
K13a679,13,12,0.00037294014160813715
K13a68,13,13,0.0098316118010894089
K13a680,13,12,0.00021843782946751511
K13a681,13,12,0.004270768263012167
K13a682,13,12,0.0011236836359657496
K13a683,13,12,0.0086481318033905744
K13a684,13,12,0.0012450907786718945
K13a685,13,12,0.0069118932791569099
K13a686,13,12,0.00019724005964950498
K13a687,13,12,0.0019063349050565271
K13a688,13,12,0.00038506665356533655
K13a689,13,12,0.0023202031744880142
K13a69,13,12,0.0011150788754189331
K13a690,13,12,0.0036008616044564609
K13a691,13,12,0.00075177440682426967
K13a692,13,12,0.0029021700587217301
K13a693,13,12,0.0030580077909091708
K13a694,13,13,0.0066689241326041435
K13a695,13,12,0.00064031461760694834
K13a696,13,12,0.0010441904293779381
K13a697,13,12,0.0018644538938821205
K13a698,13,12,0.0015187578790876845
K13a699,13,12,0.0025363149005104605
K13a7,13,13,0.0078240991884652809
K13a70,13,13,0.00069528129488309934
K13a700,13,12,0.0028921340176877252
K13a701,13,13,0.0014034828831368574
K13a702,13,13,0.0032669561450529021
K13a703,13,12,0.0034368711333397921
K13a704,13,12,0.0083191922458715536
K13a705,13,12,0.014742943993794153
K13a706,13,12,0.0021400808043023443
K13a707,13,12,0.0020343853348296962
K13a708,13,13,0.00057645994285519613
K13a709,13,13,0.0048925434402490855
K13a71,13,12,0.00031020373594435748
K13a710,13,13,0.010758001309038387
K13a711,13,13,0.0023945835384313707
K13a712,13,12,0.0023539284757104675
K13a713,13,12,0.00058623017648148858
K13a714,13,12,0.0023771056781351795
K13a715,13,12,0.00085119559152657047
K13a716,13,12,0.0024390282363153403
K13a717,13,13,0.0016496195055541545
K13a718,13,13,0.0023933747642218804
K13a719,13,13,0.0019247846886203737
K13a72,13,13,0.0010092404380015504
K13a720,13,13,0.00038224125651916356
K13a721,13,12,0.0088716802602545521
K13a722,13,12,0.0030972840875336193
K13a723,13,12,0.0041108367454460726
K13a724,13,12,0.0059235297319144712
K13a725,13,12,0.00088153148489642094
K13a726,13,12,0.00063017760517923766
K13a727,13,12,8.9130957583358211e-05
K13a728,13,12,0.001654542600513065
K13a729,13,12,0.0041685782791816492
K13a73,13,13,0.0079569447045608529
K13a730,13,12,0.003762658207543239
K13a731,13,12,0.0032790639548681407
K13a732,13,12,0.0065715018885017188
K13a733,13,12,0.0055222135062316631
K13a734,13,13,0.0038104060574788907
K13a735,13,13,0.0064387764614528059
K13a736,13,13,0.0024903673531382624
K13a737,13,13,0.0031045884037888944
K13a738,13,12,0.0024180660281959633
K13a739,13,12,0.004548347475864121
K13a74,13,13,0.0025596696774649237
K13a740,13,12,0.0046670070650830916
K13a741,13,13,0.0069341472015965197
K13a742,13,13,0.0031740430919689555
K13a743,13,12,0.0046090215168196284
K13a744,13,12,0.0033187505174873491
K13a745,13,12,0.00050951276568087054
K13a746,13,12,0.0060171533687688244
K13a747,13,12,0.0023013371232126472
K13a748,13,12,0.0041410977263453951
K13a749,13,12,0.00096666603100811386
K13a75,13,13,0.01092958592171351
K13a750,13,12,0.0037048010757326747
K13a751,13,12,0.0058135301174627521
K13a752,13,12,0.00046206655788022337
K13a753,13,12,0.0010924142216185784
K13a754,13,13,0.001422761080135657
K13a755,13,12,0.00020367809980164931
K13a756,13,12,0.00030461052859516392
K13a757,13,12,2.5487341277415289e-05
K13a758,13,12,0.0040426942932960865
K13a759,13,13,6.0241630012164313e-05
K13a76,13,13,0.00063576325041234626
K13a760,13,13,0.0001270899742271622
K13a761,13,12,0.0027190549922306811
K13a762,13,12,0.00039089519241376579
K13a763,13,12,0.0011524010832176079
K13a764,13,12,0.0082301739880868228
K13a765,13,12,0.00082044020949712405
K13a766,13,12,0.00054246355077772982
K13a767,13,12,0.00070054898587314782
K13a768,13,12,0.000432648306611774
K13a769,13,13,0.011216459021921759
K13a77,13,12,0.00066841287887657477
K13a770,13,12,0.0049605633176022556
K13a771,13,12,0.0022699655134721108
K13a772,13,12,0.0019908839550580757
K13a773,13,12,0.0036654067977236618
K13a774,13,12,0.0016922799220810099
K13a775,13,13,0.0028737221737384936
K13a776,13,12,9.5853260617847702e-05
K13a777,13,12,0.0010313138308997054
K13a778,13,12,0.0018578298086512493
K13a779,13,12,0.0027922826192087612
K13a78,13,13,0.0045127958889670562
K13a780,13,12,0.00013191534359739297
K13a781,13,13,0.0006236364796227237
K13a782,13,12,0.00056846905318923648
K13a783,13,12,0.0013641673980427183
K13a784,13,12,0.0064248635918593474
K13a785,13,12,0.0034945715864432739
K13a786,13,12,0.008271744563462656
K13a787,13,12,0.0011880186964208649
K13a788,13,13,0.0057758712436361964
K13a789,13,12,0.0048518077832476426
K13a79,13,13,0.00090166218455228233
K13a790,13,12,0.0012389761891650911
K13a791,13,12,0.00031222064491632872
K13a792,13,12,0.0021856544463253803
K13a793,13,12,0.0012268759700393189
K13a794,13,12,0.00081510046766850453
K13a795,13,12,3.7426220967459944e-05
K13a796,13,12,0.0050205527552153193
K13a797,13,13,0.0017573017499920294
K13a798,13,12,0.0016649977634315696
K13a799,13,12,0.00022045403823151648
K13a8,13,13,0.013042978916023152
K13a80,13,13,0.00035168773819294606
K13a800,13,12,0.0062403617326133821
K13a801,13,12,0.00014530544310460165
K13a802,13,12,0.0023973792866025597
K13a803,13,13,0.013525548779113421
K13a804,13,13,0.0065285104161948992
K13a805,13,13,0.0011243555993085213
K13a806,13,12,0.0097428316711587973
K13a807,13,12,0.0020706439296977962
K13a808,13,12,0.00029364966685368311
K13a809,13,12,0.00060146844303485497
K13a81,13,12,0.0031822204451481067
K13a810,13,12,0.0051004341020756006
K13a811,13,12,0.00064904910267940292
K13a812,13,12,0.0044699738054038377
K13a813,13,12,0.00051637298159517978
K13a814,13,12,0.0034312750206495538
K13a815,13,12,0.0010463573551381144
K13a816,13,13,0.0010764740414502946
K13a817,13,12,0.0082011932219283774
K13a818,13,12,0.0020821240874147775
K13a819,13,12,0.013046548870380372
K13a82,13,12,0.00079312870599448058
K13a820,13,12,0.0013775582227033107
K13a821,13,13,0.0026338519875762911
K13a822,13,12,1.5642153389091066e-06
K13a823,13,13,0.0052204375246834196
K13a824,13,13,0.002981385364261578
K13a825,13,13,0.002136231346508804
K13a826,13,12,0.0074735071726088204
K13a827,13,13,0.0076539774189972789
K13a828,13,13,0.0012255168310968739
K13a829,13,13,9.0070304312327504e-05
K13a83,13,12,0.00083312129801348567
K13a830,13,12,0.00062057248312553514
K13a831,13,12,0.0018282458625220644
K13a832,13,12,0.0026986341783647701
K13a833,13,12,0.006239440113028967
K13a834,13,13,0.0040532696954411153
K13a835,13,13,0.0006864168843295985
K13a836,13,12,0.0033222676554307265
K13a837,13,12,0.0033065843043228794
K13a838,13,13,3.5908725290594987e-05
K13a839,13,12,0.00411522797701436
K13a84,13,12,0.00031949327717822017
K13a840,13,12,0.00018776264500473165
K13a841,13,12,0.0085389596605048267
K13a842,13,13,0.002808641561151677
K13a843,13,13,0.0014183623472475697
K13a844,13,13,0.0051220540621109414
K13a845,13,12,5.44892749000541e-06
K13a846,13,13,0.0023350091776365581
K13a847,13,12,0.00022737831040131376
K13a848,13,13,0.0028595888975349866
K13a849,13,12,0.0018559896038511012
K13a85,13,13,0.00012297147395952138
K13a850,13,12,0.00057048253067449846
K13a851,13,13,0.0042755657365100355
K13a852,13,12,0.0018355192223694879
K13a853,13,12,0.00035044645100256052
K13a854,13,12,0.0022762250385526292
K13a855,13,12,0.0012387477768165134
K13a856,13,12,0.0015995321028608553
K13a857,13,12,0.0035240688027466955
K13a858,13,13,0.0039369103084148467
K13a859,13,12,0.0059271564614437888
K13a86,13,13,0.0063075355026440344
K13a860,13,12,0.0005936912192004805
K13a861,13,13,0.0015254353748962825
K13a862,13,13,0.0053714550290925771
K13a863,13,13,0.001531745187834322
K13a864,13,13,0.00066125401016429942
K13a865,13,13,0.00049751325270802615
K13a866,13,13,0.012741776264163222
K13a867,13,12,0.00029070289001873574
K13a868,13,12,0.0023701264948378094
K13a869,13,13,0.0020823758854073586
K13a87,13,13,0.0011525214422517405
K13a870,13,12,0.0032405570074818327
K13a871,13,12,0.0008220274781582912
K13a872,13,12,0.00028770469969371362
K13a873,13,12,0.0022223852144298913
K13a874,13,12,0.00017018939658431577
K13a875,13,12,0.0064308790400864858
K13a876,13,13,0.0015533226626840489
K13a877,13,12,0.0033161611675317339
K13a878,13,12,0.009337197568990957
K13a879,13,12,0.00061040690647756832
K13a88,13,13,0.00089193287700453248
K13a880,13,13,0.012051508109160431
K13a881,13,12,0.002758728319609187
K13a882,13,12,0.00059152364551905406
K13a883,13,12,0.00641418236680469
K13a884,13,12,0.0021269736927958371
K13a885,13,12,0.0024212882999678068
K13a886,13,12,0.0028255588642046585
K13a887,13,12,0.00055746043219273252
K13a888,13,12,0.00079834005951613868
K13a889,13,12,0.00029898878482930314
K13a89,13,13,0.0018479617233847826
K13a890,13,12,0.0011020065099100996
K13a891,13,12,0.00018405897650487603
K13a892,13,12,0.0018452638615991559
K13a893,13,12,0.00042594728080507785
K13a894,13,12,0.0011061221626426229
K13a895,13,12,0.00015971664973043635
K13a896,13,13,0.00045941027279735122
K13a897,13,12,0.0059583394136055014
K13a898,13,12,0.00040063410597574633
K13a899,13,12,0.00015888188941963461
K13a9,13,13,0.002398463763432369
K13a90,13,12,0.0014442533516233758
K13a900,13,12,0.0066484988567724742
K13a901,13,12,0.0010869148404237727
K13a902,13,12,0.0029036150379039916
K13a903,13,12,0.00054315653366868069
K13a904,13,12,0.00021310102886414525
K13a905,13,12,0.0012146580570698373
K13a906,13,13,0.0041014472174533611
K13a907,13,13,0.0005916589798389886
K13a908,13,12,0.0016356144140769115
K13a909,13,12,0.0006118476514091547
K13a91,13,12,0.0033890153694811713
K13a910,13,13,0.0032336247134677368
K13a911,13,13,0.0018482270370783756
K13a912,13,12,0.0045589050435287373
K13a913,13,13,0.0011799208076650343
K13a914,13,13,0.0036094307787579295
K13a915,13,13,0.002423628797160108
K13a916,13,13,0.0025011387401863887
K13a917,13,12,0.00051000172731408455
K13a918,13,12,0.00024315414289122927
K13a919,13,12,0.0012190670179093987
K13a92,13,13,0.0014495593351522998
K13a920,13,12,0.00049760505995409283
K13a921,13,12,0.00025996455617616085
K13a922,13,12,0.00053017851587448307
K13a923,13,13,0.00010115436235442269
K13a924,13,12,0.0027099527384698893
K13a925,13,12,0.0043605161198153296
K13a926,13,12,0.0015276948468501035
K13a927,13,12,0.00023537645346527003
K13a928,13,12,0.0033741341775938016
K13a929,13,13,0.00018898034617686419
K13a93,13,12,0.00080022892924007079
K13a930,13,12,0.0051332866678079217
K13a931,13,12,0.00080038286567614512
K13a932,13,13,0.0018253060198992678
K13a933,13,13,0.0011723479311204113
K13a934,13,12,0.0062888040460776055
K13a935,13,12,0.0019311974237998133
K13a936,13,13,0.0042260381854399053
K13a937,13,12,0.00079793810953724797
K13a938,13,12,0.00033376079418946956
K13a939,13,12,0.0014731938666085939
K13a94,13,12,0.00093311104547449399
K13a940,13,12,0.00058519094463678977
K13a941,13,12,0.00060268804467225872
K13a942,13,12,0.0020656986809504023
K13a943,13,13,0.00041500215317651171
K13a944,13,13,0.00029229066211629621
K13a945,13,12,0.0028519712519585365
K13a946,13,12,0.00031049869679792289
K13a947,13,12,0.0024737211594141962
K13a948,13,12,0.00039186359296236107
K13a949,13,12,0.00013757551201864387
K13a95,13,12,0.00046938668975209308
K13a950,13,12,0.0065276056024850945
K13a951,13,12,0.0057979414368696386
K13a952,13,12,0.00062596668902838333
K13a953,13,12,0.002890623627876471
K13a954,13,13,0.0032591893527304638
K13a955,13,12,0.0028394881478546064
K13a956,13,12,0.00063129033964625129
K13a957,13,13,0.0074279582346138866
K13a958,13,12,0.0042454362873583324
K13a959,13,13,0.0022544323239780217
K13a96,13,12,0.0016418966447704195
K13a960,13,13,0.0024282767532482663
K13a961,13,12,2.4430380768902412e-05
K13a962,13,12,0.001021301360793083
K13a963,13,12,0.0012144385396409543
K13a964,13,12,0.003204897318344422
K13a965,13,13,0.0012996264857460199
K13a966,13,12,0.0015615223835764912
K13a967,13,12,0.0037088798876685645
K13a968,13,12,0.0035026695861446926
K13a969,13,12,3.7887051490925149e-05
K13a97,13,12,0.002421096520794593
K13a970,13,12,0.00071013372513836033
K13a971,13,12,0.00027725108112090058
K13a972,13,12,0.0046226286431229118
K13a973,13,12,0.00096987780423131778
K13a974,13,12,0.00025296550054118116
K13a975,13,12,0.0019043768143950717
K13a976,13,12,0.00017562956930506908
K13a977,13,12,0.001382735090166641
K13a978,13,12,0.0022111525965992744
K13a979,13,12,0.0013689504631967889
K13a98,13,12,0.0001230827974923398
K13a980,13,12,0.0019148811275853583
K13a981,13,12,0.0010257494253763163
K13a982,13,12,0.001166305317732094
K13a983,13,12,0.0097436921599420648
K13a984,13,12,2.4239946596138824e-05
K13a985,13,12,0.0012812140919574088
K13a986,13,12,0.0022972330443209823
K13a987,13,12,0.0090822959766996194
K13a988,13,12,3.7117737608747895e-05
K13a989,13,13,2.5070802339665276e-05
K13a99,13,12,0.0077534276953509732
K13a990,13,12,3.1706689479490726e-06
K13a991,13,13,0.0059181819437684607
K13a992,13,13,0.0006361871562105101
K13a993,13,12,0.00028886191277120911
K13a994,13,13,0.0045740674466084336
K13a995,13,12,4.6353123805333093e-05
K13a996,13,13,0.0013225165938163049
K13a997,13,12,0.0041774987541178281
K13a998,13,12,0.0074510699732827273
K13a999,13,12,0.0056797376708302705
K13n1,13,12,0.0084937219155035975
K13n10,13,12,0.00075887247166867781
K13n100,13,12,0.0011749601482218192
K13n1000,13,11,0.0051905684906816988
K13n1001,13,12,0.0013030345869928662
K13n1002,13,12,0.003410951277562154
K13n1003,13,12,0.00050982266509213994
K13n1004,13,11,0.0026139836421218763
K13n1005,13,11,0.0034979926334068028
K13n1006,13,11,0.004004952292144294
K13n1007,13,12,0.004350735446851362
K13n1008,13,12,0.0037382648202169541
K13n1009,13,12,0.0010508905937206463
K13n101,13,12,0.001594592738479519
K13n1010,13,12,0.010421003100367721
K13n1011,13,12,0.0037832727977875139
K13n1012,13,12,0.00391328337680998
K13n1013,13,12,0.0026814881827161262
K13n1014,13,12,0.002690083338996526
K13n1015,13,12,0.00010572839529589517
K13n1016,13,12,0.00037873039250182881
K13n1017,13,12,0.0012307277462544988
K13n1018,13,12,0.007664198333081621
K13n1019,13,12,0.0026553428231777141
K13n102,13,12,0.00030932642219008661
K13n1020,13,11,0.0091395323556136224
K13n1021,13,11,0.0031175477765130288
K13n1022,13,12,0.0013271303293211525
K13n1023,13,11,0.0018014961247797821
K13n1024,13,11,0.0036503458898566135
K13n1025,13,12,0.0032006930468733742
K13n1026,13,12,0.0051667524088780652
K13n1027,13,12,0.0013954324055497505
K13n1028,13,11,0.00041951038680107934
K13n1029,13,12,0.003365345983143901
K13n103,13,12,0.00020878550722619582
K13n1030,13,11,0.0030816253753875532
K13n1031,13,11,0.0021468379296888797
K13n1032,13,12,0.002505796717230638
K13n1033,13,12,0.0051760287891902757
K13n1034,13,11,0.0029612749668082236
K13n1035,13,11,0.0060265864297809292
K13n1036,13,12,0.0017770699439531754
K13n1037,13,12,0.0014627751282355154
K13n1038,13,12,0.0019107958446655852
K13n1039,13,11,0.0021292001320890965
K13n104,13,12,4.7935374455598176e-05
K13n1040,13,11,0.00016011144371555491
K13n1041,13,12,0.005590104869946308
K13n1042,13,11,0.0007764349201632982
K13n1043,13,11,0.00038632843270203259
K13n1044,13,12,0.0024843892462983967
K13n1045,13,12,0.0030472234025640519
K13n1046,13,11,0.0031052185478883899
K13n1047,13,11,0.0016216339569804393
K13n1048,13,12,0.00047631754356177098
K13n1049,13,12,0.00064420550034824072
K13n105,13,12,0.0019809873565795333
K13n1050,13,12,8.2036646989837246e-05
K13n1051,13,12,0.00059852075971052448
K13n1052,13,12,0.00035975526241994809
K13n1053,13,12,6.8360755940014893e-05
K13n1054,13,12,0.0055422296497684249
K13n1055,13,12,0.011615497074477196
K13n1056,13,12,0.0016794707371961019
K13n1057,13,12,0.0022260386063155994
K13n1058,13,12,0.00053693245134364676
K13n1059,13,12,0.000397228324952441
K13n106,13,12,0.0012714321837632497
K13n1060,13,12,0.012354244005883601
K13n1061,13,12,0.0036237426263060774
K13n1062,13,12,6.4233476883088431e-05
K13n1063,13,12,0.00063465503418268785
K13n1064,13,12,0.0035097266604811549
K13n1065,13,12,0.0017594894864458644
K13n1066,13,11,0.0013807937426005643
K13n1067,13,11,0.0015175935153683455
K13n1068,13,12,0.0068820458744246367
K13n1069,13,12,0.0012777795537816515
K13n107,13,12,0.0033511719259611979
K13n1070,13,11,0.0005640410711065314
K13n1071,13,11,0.00076604832628185935
K13n1072,13,12,0.0048967057453359617
K13n1073,13,12,0.0017445090853941928
K13n1074,13,12,4.443546041167421e-05
K13n1075,13,12,0.004399485369747963
K13n1076,13,12,0.0015980763951848201
K13n1077,13,12,0.0087793792759257826
K13n1078,13,13,0.0012866016731949677
K13n1079,13,12,0.0054875596311599086
K13n108,13,12,0.00076215465222885276
K13n1080,13,12,0.0060874606105710081
K13n1081,13,12,0.0029273235750222225
K13n1082,13,12,0.0022503109028188385
K13n1083,13,13,0.0029012749483300218
K13n1084,13,12,0.0029777735351806662
K13n1085,13,12,0.00047417448826273347
K13n1086,13,12,0.0016615720468841292
K13n1087,13,12,0.00076986098852785227
K13n1088,13,12,0.0009919070799864517
K13n1089,13,12,0.0017696492305871896
K13n109,13,12,0.0013806366069599788
K13n1090,13,12,0.007852543477399913
K13n1091,13,12,0.003608562225301776
K13n1092,13,12,0.00098863253671247777
K13n1093,13,12,0.0014834675918632746
K13n1094,13,12,0.00040527907263404568
K13n1095,13,12,0.0029622038143315215
K13n1096,13,12,0.010453918174339241
K13n1097,13,12,0.0023172371341594385
K13n1098,13,12,0.018041095967538653
K13n1099,13,12,0.00090665382173329241
K13n11,13,12,0.0003457021526307529
K13n110,13,12,0.0016425817736317411
K13n1100,13,12,0.0020425893293949172
K13n1101,13,12,0.0063944639349765549
K13n1102,13,12,0.0011805432672711883
K13n1103,13,12,0.0015553852735257685
K13n1104,13,12,0.001875653816043811
K13n1105,13,12,0.0015331721172098258
K13n1106,13,12,0.0023863598643564261
K13n1107,13,12,0.00040094567679592366
K13n1108,13,12,0.0026432727707805634
K13n1109,13,11,0.0072977368250186298
K13n111,13,12,0.002183312823502823
K13n1110,13,12,0.00048145998264289191
K13n1111,13,12,0.001108862556546984
K13n1112,13,12,0.0035941639667856889
K13n1113,13,12,0.0131020366399903
K13n1114,13,12,0.0015147292873900664
K13n1115,13,12,0.0043546803127160524
K13n1116,13,12,0.0039270928447178574
K13n1117,13,11,0.00060499270770180227
K13n1118,13,12,0.0022023469387176045
K13n1119,13,12,0.0046256382558639191
K13n112,13,12,3.1257884950225542e-05
K13n1120,13,12,0.0033351642943638907
K13n1121,13,12,0.001912651563973226
K13n1122,13,12,0.00022196942818077472
K13n1123,13,12,0.0012378152025458028
K13n1124,13,12,0.0026143656999589558
K13n1125,13,12,0.00097794316545431908
K13n1126,13,12,0.0027916971310938971
K13n1127,13,12,0.0073912395678415498
K13n1128,13,12,0.002395480646151478
K13n1129,13,12,0.0017492696991781879
K13n113,13,12,0.0031441305415940879
K13n1130,13,12,0.00013810714265321433
K13n1131,13,11,0.009561939674334741
K13n1132,13,11,0.0010707866103075523
K13n1133,13,11,0.0031321198079459177
K13n1134,13,11,0.0070587294831118679
K13n1135,13,12,0.00021449757409906876
K13n1136,13,12,0.00034718897983293903
K13n1137,13,11,0.0031416556044880956
K13n1138,13,12,0.00077770805058296403
K13n1139,13,12,0.00071598204089834091
K13n114,13,12,0.00066058518036069653
K13n1140,13,12,0.00084374814255590454
K13n1141,13,12,0.0013440182122979464
K13n1142,13,12,0.00055573616749824643
K13n1143,13,12,0.0036351910583804392
K13n1144,13,12,0.001035517728341221
K13n1145,13,12,0.0030688862780362926
K13n1146,13,11,0.0012049372460877724
K13n1147,13,12,0.0026541205931282703
K13n1148,13,12,0.003487937889088646
K13n1149,13,12,0.0015680494005930739
K13n115,13,12,9.6250975096580488e-05
K13n1150,13,12,0.0028520451527541098
K13n1151,13,12,0.0014657655126178427
K13n1152,13,12,0.0012188902305431766
K13n1153,13,10,0.0083665928479897886
K13n1154,13,12,0.0027474962939338186
K13n1155,13,11,0.0028614036754379341
K13n1156,13,12,0.00031794435998275147
K13n1157,13,12,0.00064278662814536125
K13n1158,13,12,0.00039772442638266595
K13n1159,13,12,0.0012648188296569671
K13n116,13,12,0.0032708168197772315
K13n1160,13,12,0.0069242426706963931
K13n1161,13,12,0.0041209339925931407
K13n1162,13,12,0.004699932171265458
K13n1163,13,12,0.0022950293348645572
K13n1164,13,11,0.014677010791827542
K13n1165,13,12,0.0010863799820808396
K13n1166,13,12,0.0017168598446280848
K13n1167,13,12,0.0097237037370916414
K13n1168,13,12,0.0037851011897272174
K13n1169,13,12,5.8140675444410454e-05
K13n117,13,12,0.0010421063414859631
K13n1170,13,11,0.0038670561883073669
K13n1171,13,12,0.0069294608344323272
K13n1172,13,11,0.0078477718731818791
K13n1173,13,12,0.00020636665969749334
K13n1174,13,12,0.0010228222594649908
K13n1175,13,11,0.0011272635559159206
K13n1176,13,11,0.0087336086050703761
K13n1177,13,11,0.0016047387696605207
K13n1178,13,11,0.00013348184858356739
K13n1179,13,11,0.0011019388178126887
K13n118,13,12,0.0025744098604186991
K13n1180,13,11,0.0021781373435673071
K13n1181,13,12,0.0070955562732745239
K13n1182,13,12,0.0043385681093873743
K13n1183,13,12,0.00086647381258077088
K13n1184,13,12,0.001924092868965903
K13n1185,13,12,0.0021022186662384441
K13n1186,13,12,0.00055225580966309208
K13n1187,13,12,0.00032175298772035675
K13n1188,13,12,0.0055032809340922273
K13n1189,13,12,0.0033366814041424194
K13n119,13,12,0.0037035311669895475
K13n1190,13,12,0.0021778210769860156
K13n1191,13,12,0.0012931327626773577
K13n1192,13,10,0.0075178207046614695
K13n1193,13,12,0.0032625068769759004
K13n1194,13,12,0.0052484273791623846
K13n1195,13,12,0.0052910581249251097
K13n1196,13,12,0.0017858811115408033
K13n1197,13,12,0.007108690686331286
K13n1198,13,12,0.00020147604036517482
K13n1199,13,12,0.0056602914892214954
K13n12,13,12,0.015061457200273949
K13n120,13,12,0.00035427525476315565
K13n1200,13,11,0.0038820875806262782
K13n1201,13,11,0.0096293312846426424
K13n1202,13,11,0.00063370438974784968
K13n1203,13,12,0.0049955606991112294
K13n1204,13,12,0.0020428934363711671
K13n1205,13,12,0.0018141730252731636
K13n1206,13,12,0.00029212202570850089
K13n1207,13,12,0.0063608592263227279
K13n1208,13,12,0.0014907672573258202
K13n1209,13,12,0.00023851360680077742
K13n121,13,11,0.00046629179344214019
K13n1210,13,11,0.0021415186103124605
K13n1211,13,11,0.0038306735543002794
K13n1212,13,11,0.0027229236268027754
K13n1213,13,12,0.0046473077333655036
K13n1214,13,11,0.00020123563968078078
K13n1215,13,11,0.0020944628320053193
K13n1216,13,11,0.0023762782327889837
K13n1217,13,12,0.00014284479344793839
K13n1218,13,12,0.00063487505925788551
K13n1219,13,11,0.00047333281255690704
K13n122,13,11,0.0010615324326632989
K13n1220,13,12,0.00027432016343390756
K13n1221,13,11,0.0022995582266626315
K13n1222,13,11,0.00040060884806081406
K13n1223,13,12,0.0018481872597776324
K13n1224,13,12,0.0023490048409386581
K13n1225,13,12,0.00057969732857905503
K13n1226,13,12,0.0020212161182335446
K13n1227,13,12,0.0029240715936524574
K13n1228,13,11,8.6060512349998337e-05
K13n1229,13,12,0.00038683766881564556
K13n123,13,12,0.0054431188157548667
K13n1230,13,12,0.0037726460991129849
K13n1231,13,12,0.001451029908298889
K13n1232,13,11,0.00083896221273497499
K13n1233,13,11,0.0044396836129858034
K13n1234,13,12,0.0012567655978915609
K13n1235,13,12,0.00010093066589500015
K13n1236,13,12,0.00089070984307153343
K13n1237,13,12,0.0017702336106740295
K13n1238,13,12,0.0016333147980657583
K13n1239,13,12,0.0025280819672752453
K13n124,13,12,0.00050169678473396904
K13n1240,13,12,0.0038653286956369828
K13n1241,13,12,2.0066697788657707e-05
K13n1242,13,12,0.0046999512062918664
K13n1243,13,12,0.00080611439180452407
K13n1244,13,12,0.005225116017844025
K13n1245,13,12,0.00081075182396151172
K13n1246,13,12,0.0073193576631011758
K13n1247,13,12,0.00015964504398118513
K13n1248,13,11,0.0012028612587803987
K13n1249,13,11,0.0048373209664405543
K13n125,13,12,0.0036112797237878203
K13n1250,13,12,0.00073866348216119636
K13n1251,13,12,0.0033531045406461025
K13n1252,13,11,0.0025936361776828232
K13n1253,13,12,0.00060790414356154778
K13n1254,13,12,0.002789049915609599
K13n1255,13,12,5.9654389725460076e-05
K13n1256,13,12,0.0024166194982202724
K13n1257,13,12,0.000137646311050012
K13n1258,13,11,0.0021914761965007756
K13n1259,13,11,0.0010705604075286108
K13n126,13,12,0.01493161521819609
K13n1260,13,12,0.00015548303255862207
K13n1261,13,12,0.00093683805340608875
K13n1262,13,11,0.010375577495973233
K13n1263,13,12,0.00018123791451921513
K13n1264,13,12,0.011254862127616729
K13n1265,13,12,0.0035332421064441281
K13n1266,13,12,0.010204900691497921
K13n1267,13,12,0.00025130559154480398
K13n1268,13,12,0.0056146680853958342
K13n1269,13,12,0.0057546673683808195
K13n127,13,12,0.0033547009240192677
K13n1270,13,11,0.0012266358982082406
K13n1271,13,11,0.0020481678860776943
K13n1272,13,12,0.00093976797636928077
K13n1273,13,12,0.0085203697102033005
K13n1274,13,12,0.0037006704736738606
K13n1275,13,12,0.00054788160671809586
K13n1276,13,11,0.0014081459990405568
K13n1277,13,12,0.0021054296560387526
K13n1278,13,12,0.0023127461228515172
K13n1279,13,12,0.0099528657278580308
K13n128,13,12,0.00028982201494235076
K13n1280,13,12,0.0044318633683264807
K13n1281,13,12,0.003980405020855525
K13n1282,13,12,0.0072295727157801965
K13n1283,13,12,0.0015271705741884383
K13n1284,13,12,0.0030164017318410844
K13n1285,13,12,0.00056026722270934829
K13n1286,13,12,0.0019275681512177527
K13n1287,13,12,0.0011180540249020137
K13n1288,13,12,0.0017320847479070567
K13n1289,13,12,0.0049686354333901925
K13n129,13,11,0.007968317588313548
K13n1290,13,12,0.00026265582648875904
K13n1291,13,12,0.0042049675646595158
K13n1292,13,12,0.0014766742062050856
K13n1293,13,12,5.9696718001581436e-06
K13n1294,13,12,0.0020582851651402682
K13n1295,13,12,0.0023289352984209237
K13n1296,13,11,0.0020126813743306369
K13n1297,13,12,0.0059297477685089891
K13n1298,13,12,0.0063164995984536457
K13n1299,13,12,0.0011461348169867962
K13n13,13,12,0.00011588075032477835
K13n130,13,11,0.0033145740612345715
K13n1300,13,12,0.013914747855361351
K13n1301,13,12,0.00086395903240721252
K13n1302,13,12,0.0007219255313096316
K13n1303,13,12,0.0042047170397032426
K13n1304,13,12,0.0030116381485677719
K13n1305,13,12,0.0021072778829288237
K13n1306,13,12,0.0052779861136046926
K13n1307,13,12,6.3610632668235193e-05
K13n1308,13,12,0.001672160054975121
K13n1309,13,12,0.0027788019531386843
K13n131,13,12,0.00037466233191364582
K13n1310,13,12,0.0093635644218814148
K13n1311,13,12,0.0033635935848699374
K13n1312,13,12,0.00029932514118546265
K13n1313,13,12,0.0049697416363110904
K13n1314,13,12,0.00061317209305513818
K13n1315,13,12,0.0032614315545840913
K13n1316,13,12,0.00044873582654438694
K13n1317,13,12,0.0037308600221312299
K13n1318,13,12,0.00010690287631788227
K13n1319,13,12,0.0020363458394778433
K13n132,13,12,0.0010041077337742755
K13n1320,13,13,0.0025282618067503987
K13n1321,13,12,0.0031334095988644682
K13n1322,13,12,0.0022282313607024681
K13n1323,13,12,0.00063066646989015283
K13n1324,13,12,0.00011124942189195164
K13n1325,13,12,0.0045165420113050126
K13n1326,13,12,0.00021072748804010685
K13n1327,13,12,0.0052814517672105394
K13n1328,13,12,0.0017754098356592754
K13n1329,13,12,0.0055694349397517494
K13n133,13,12,0.0024391658618110636
K13n1330,13,12,0.0045708340179222784
K13n1331,13,12,0.00014189415162821201
K13n1332,13,12,0.00090808385123402398
K13n1333,13,12,0.0038000133839998455
K13n1334,13,12,0.0018462571326054928
K13n1335,13,12,0.0013696487765263528
K13n1336,13,12,0.0048855128943774096
K13n1337,13,12,0.0017052827317595174
K13n1338,13,11,0.0050661204906502517
K13n1339,13,11,0.0029821558611424952
K13n134,13,12,0.0004846899930974122
K13n1340,13,12,0.004845213338511691
K13n1341,13,12,0.0059023681129200698
K13n1342,13,11,0.0077695343798812773
K13n1343,13,11,0.0044638879337803731
K13n1344,13,12,0.0030841043408597014
K13n1345,13,12,0.00070636361483502187
K13n1346,13,11,0.015571709627866427
K13n1347,13,11,0.00061455016381561142
K13n1348,13,12,0.010090807090886302
K13n1349,13,11,0.00077631617262986915
K13n135,13,12,0.0058844513510706228
K13n1350,13,12,0.0050816309221217394
K13n1351,13,12,0.00026340643772939954
K13n1352,13,12,0.0013700029064936715
K13n1353,13,11,0.0043272547062509041
K13n1354,13,12,0.00035421489983112394
K13n1355,13,11,0.0019176142587239776
K13n1356,13,11,0.00088794807312020613
K13n1357,13,11,0.00097238274441683453
K13n1358,13,11,0.0031830911631600101
K13n1359,13,12,0.006477024578556174
K13n136,13,12,0.0038073864853584577
K13n1360,13,12,0.011146160075460492
K13n1361,13,11,0.0011784368766747627
K13n1362,13,12,0.0083075504957606499
K13n1363,13,12,0.0027715524456070639
K13n1364,13,12,0.017515445713764899
K13n1365,13,12,0.00024669916679160192
K13n1366,13,12,0.0025789096871529056
K13n1367,13,11,0.00031701477484065476
K13n1368,13,11,0.0035667846630658144
K13n1369,13,11,0.00028698984311862984
K13n137,13,11,0.0044633673672246138
K13n1370,13,11,0.0045328467904788942
K13n1371,13,12,0.0025667691891853432
K13n1372,13,11,0.0013849814345390835
K13n1373,13,11,0.00088316489929068345
K13n1374,13,11,0.0057459340464715812
K13n1375,13,11,0.001250466922176952
K13n1376,13,12,0.0004107627948541325
K13n1377,13,11,0.00017147180157074202
K13n1378,13,11,0.0011735766438867189
K13n1379,13,12,0.0049726928392587908
K13n138,13,11,0.013902236660759073
K13n1380,13,12,0.0078062289367884881
K13n1381,13,12,0.0014952010869286653
K13n1382,13,12,0.0093076446242446424
K13n1383,13,12,0.0074450172179406048
K13n1384,13,12,0.00022019836484235786
K13n1385,13,12,0.00020270448467069602
K13n1386,13,12,0.0015440664689375817
K13n1387,13,12,0.01148365508711929
K13n1388,13,12,0.0026195897590788309
K13n1389,13,12,0.0040312943820089838
K13n139,13,11,0.0012670969638194428
K13n1390,13,11,0.0034247030804642341
K13n1391,13,12,0.00011418964791876977
K13n1392,13,12,0.0029569190504415829
K13n1393,13,11,0.0036439288006505904
K13n1394,13,11,0.0075126083601981253
K13n1395,13,11,0.001326236879690479
K13n1396,13,11,0.0034784424789590031
K13n1397,13,11,0.00085494071609473787
K13n1398,13,11,0.0020794719289793577
K13n1399,13,11,0.00047930900728620184
K13n14,13,12,0.00074480461152375487
K13n140,13,11,0.0029064272886089866
K13n1400,13,11,0.0012967622052464784
K13n1401,13,11,0.0016309146663072156
K13n1402,13,11,0.00028304568453234519
K13n1403,13,11,0.0089458350180926585
K13n1404,13,11,0.0014687176324840062
K13n1405,13,11,0.00093210543272557024
K13n1406,13,11,0.0015140092081193943
K13n1407,13,12,0.00011398192904488674
K13n1408,13,11,0.00023587004647520747
K13n1409,13,11,0.003997066442977505
K13n141,13,11,0.0020922850702977404
K13n1410,13,12,0.0031095762589483
K13n1411,13,12,0.0011063563541771821
K13n1412,13,12,0.00110646881097842
K13n1413,13,12,0.0044819701910781551
K13n1414,13,12,0.00035230625268757061
K13n1415,13,12,0.0015026758666768167
K13n1416,13,12,0.0061854727841021704
K13n1417,13,12,0.0024592701998696169
K13n1418,13,12,0.0032835211749626348
K13n1419,13,12,0.021913248550904492
K13n142,13,12,0.0069308900122942128
K13n1420,13,12,0.0014258644951360368
K13n1421,13,12,0.0011984976555087935
K13n1422,13,12,0.00482424287539201
K13n1423,13,12,0.0049607209173657624
K13n1424,13,11,0.00063944645674734438
K13n1425,13,11,0.0047183602738642286
K13n1426,13,11,0.0024770843281836379
K13n1427,13,11,0.001705935527036668
K13n1428,13,11,0.00073860866702056495
K13n1429,13,12,0.004681878187346996
K13n143,13,12,0.00035299852618515614
K13n1430,13,12,0.00033098344049611227
K13n1431,13,11,0.0010172767429350103
K13n1432,13,11,0.0041983400589752969
K13n1433,13,11,0.013584653778744725
K13n1434,13,11,0.0060895254377984764
K13n1435,13,11,0.014140230038837119
K13n1436,13,11,0.0001157731683317992
K13n1437,13,11,0.0006354195355366991
K13n1438,13,11,0.0012743376594020776
K13n1439,13,12,0.00072434159039320772
K13n144,13,12,0.00093892935734477088
K13n1440,13,12,0.00025726271734665622
K13n1441,13,11,0.01021655382244328
K13n1442,13,11,0.0032576034832667118
K13n1443,13,12,0.0009251852602326331
K13n1444,13,11,0.0037545585753080883
K13n1445,13,11,0.014783320157824135
K13n1446,13,11,0.0027461916171189725
K13n1447,13,12,0.0073092795269795504
K13n1448,13,12,0.0017815140763596487
K13n1449,13,11,0.0018643527191922892
K13n145,13,11,0.0027251873003296054
K13n1450,13,11,0.0055442210555206473
K13n1451,13,12,0.0037335334979184598
K13n1452,13,12,0.0064749903544161413
K13n1453,13,12,0.0016718755445655333
K13n1454,13,12,0.0011543698343980989
K13n1455,13,10,0.0095751702209338416
K13n1456,13,11,0.0022363458595494137
K13n1457,13,12,0.00315343438743397
K13n1458,13,11,0.014341742594525999
K13n1459,13,11,0.0019101816346847062
K13n146,13,12,0.00050631008694969814
K13n1460,13,11,0.0022560918807539299
K13n1461,13,12,0.0025911373437542077
K13n1462,13,11,0.0014871861241912911
K13n1463,13,12,0.0067012689919211891
K13n1464,13,12,0.00082698524037377614
K13n1465,13,11,0.0033230428997395628
K13n1466,13,11,0.0006548088096695237
K13n1467,13,11,0.0037161824843938811
K13n1468,13,11,0.0026567276672464033
K13n1469,13,11,0.0023142759157067693
K13n147,13,12,0.0060113606445252599
K13n1470,13,11,0.0020135247774788595
K13n1471,13,11,0.00078839533842590872
K13n1472,13,11,0.0022129631455096613
K13n1473,13,11,0.00028172158568429362
K13n1474,13,11,0.00071920707486920993
K13n1475,13,11,0.00030406405732326728
K13n1476,13,11,0.00077448591883979559
K13n1477,13,11,0.0016883454106663635
K13n1478,13,12,0.0047627323881368451
K13n1479,13,12,0.0010229412238431566
K13n148,13,12,0.0052271276752171069
K13n1480,13,12,0.0013723869846336901
K13n1481,13,11,0.0010020374582954267
K13n1482,13,11,0.004300368327692131
K13n1483,13,11,0.0040004259682560918
K13n1484,13,11,0.0043370826320799994
K13n1485,13,12,0.00040424024239019276
K13n1486,13,11,0.00075770258948210545
K13n1487,13,11,0.0011174632780207813
K13n1488,13,11,0.0047323661748376418
K13n1489,13,12,0.0014621491768937664
K13n149,13,12,0.0017267958337546395
K13n1490,13,12,0.0014068570729356068
K13n1491,13,12,0.0043888283591472432
K13n1492,13,12,0.0018729500820170973
K13n1493,13,12,0.0013303623125301722
K13n1494,13,12,0.0068923281403237766
K13n1495,13,12,0.0048936769770925965
K13n1496,13,11,0.0017597572788596808
K13n1497,13,12,0.0038261300929974267
K13n1498,13,12,0.0051936170931314914
K13n1499,13,12,0.0004593871835279171
K13n15,13,12,0.0032253035865623917
K13n150,13,12,9.4460441741473723e-05
K13n1500,13,12,0.0070283116708667812
K13n1501,13,12,0.0004337566480510496
K13n1502,13,12,0.012577022009407956
K13n1503,13,12,0.0017076794698440937
K13n1504,13,12,0.0020914169623618252
K13n1505,13,12,0.0065656680039465299
K13n1506,13,12,0.0016035540448542552
K13n1507,13,11,0.0019486444479418228
K13n1508,13,11,0.0030750305364114975
K13n1509,13,11,0.0069629538789575248
K13n151,13,12,0.00058130143708489074
K13n1510,13,11,0.0045305457795378071
K13n1511,13,12,0.0037168800906099116
K13n1512,13,12,0.00090104024721899927
K13n1513,13,11,0.003449164126165841
K13n1514,13,11,0.0012822047342346892
K13n1515,13,11,0.0061073440656133592
K13n1516,13,12,0.0019237904712591863
K13n1517,13,12,0.0040500882427889724
K13n1518,13,11,0.00028773457552582106
K13n1519,13,11,0.0042422950776017715
K13n152,13,12,6.7166178202196218e-05
K13n1520,13,12,0.00084916057780239529
K13n1521,13,11,0.0027203879938883877
K13n1522,13,12,0.0037771294372391808
K13n1523,13,12,0.0020209186961830574
K13n1524,13,12,0.0042103754609750833
K13n1525,13,12,7.1655254001750084e-05
K13n1526,13,11,0.0050796333764359511
K13n1527,13,11,0.0062779565959674528
K13n1528,13,11,0.0051054613806214722
K13n1529,13,11,0.0011604897359766188
K13n153,13,12,0.0041319942146156941
K13n1530,13,11,0.0010932880305169681
K13n1531,13,11,0.0032773738431996274
K13n1532,13,11,0.0011982318131208433
K13n1533,13,11,0.0032360889788900608
K13n1534,13,11,0.0016254633314053775
K13n1535,13,12,0.0029308177826184991
K13n1536,13,12,0.0066783335803224314
K13n1537,13,11,0.0022465553933499168
K13n1538,13,12,0.0010231839371767908
K13n1539,13,11,0.0020672436469730822
K13n154,13,12,0.0065351265817319999
K13n1540,13,12,0.0010067900078957084
K13n1541,13,11,0.0015381193376779662
K13n1542,13,11,0.00090704440091468467
K13n1543,13,12,0.0080429868415666187
K13n1544,13,11,0.0069195895528379623
K13n1545,13,11,0.0011173495855944702
K13n1546,13,11,0.0070092471896549642
K13n1547,13,11,0.00044719897565402285
K13n1548,13,12,0.0013044442667691763
K13n1549,13,11,0.00070574087973425056
K13n155,13,12,0.00077056749962389466
K13n1550,13,11,0.0050920791933714111
K13n1551,13,11,0.0014489813367797705
K13n1552,13,12,0.0017395974326663895
K13n1553,13,11,0.00075711365201333971
K13n1554,13,12,0.00015288594056985246
K13n1555,13,11,0.00010522761952873532
K13n1556,13,11,0.0042868073676306543
K13n1557,13,12,0.0013990537026805582
K13n1558,13,11,0.0021303619256181072
K13n1559,13,11,0.00032715813406306374
K13n156,13,11,0.0017375147846227788
K13n1560,13,11,0.0085755031642885844
K13n1561,13,11,0.0026577040423068571
K13n1562,13,12,0.0053647950784129752
K13n1563,13,12,0.0088130685532050827
K13n1564,13,11,0.00035333159885197882
K13n1565,13,12,0.0028633156731030333
K13n1566,13,11,0.0030770138134641428
K13n1567,13,12,0.0008063422946600914
K13n1568,13,11,0.0035538718979934041
K13n1569,13,11,0.0010910799352134002
K13n157,13,12,0.00016246804767658171
K13n1570,13,11,0.0034505420615336649
K13n1571,13,11,2.6891398139519912e-05
K13n1572,13,12,0.001042253351826851
K13n1573,13,11,0.00065451311932920929
K13n1574,13,12,0.00010917030130494573
K13n1575,13,11,0.0030366899481126925
K13n1576,13,12,0.0028998196416820149
K13n1577,13,12,0.00147889625601018
K13n1578,13,12,0.0057089768572009718
K13n1579,13,12,0.0021818203289738873
K13n158,13,12,0.00014628303875584547
K13n1580,13,12,0.0015603109503348974
K13n1581,13,12,0.00081813103392267895
K13n1582,13,12,0.0016139131257645351
K13n1583,13,12,0.0011208521163363532
K13n1584,13,12,0.0091441237423081339
K13n1585,13,12,0.0012017771382675968
K13n1586,13,12,0.0016974337112501924
K13n1587,13,11,0.0014625222577593095
K13n1588,13,12,0.003556834036901779
K13n1589,13,12,0.00390724557785334
K13n159,13,11,0.0030620088812236463
K13n1590,13,12,0.0013626544991753226
K13n1591,13,11,0.00092721772909857235
K13n1592,13,12,3.2163482032194179e-05
K13n1593,13,11,0.00092864347699862261
K13n1594,13,12,4.0579023300811807e-05
K13n1595,13,11,0.00023503874010504292
K13n1596,13,12,0.00021520387121174965
K13n1597,13,11,0.0049774684281611173
K13n1598,13,11,0.0026176151344425441
K13n1599,13,11,0.0010734788552168178
K13n16,13,12,0.00070389523562577958
K13n160,13,12,0.010575038905050183
K13n1600,13,12,0.0025593325803666507
K13n1601,13,12,0.0034698630452242129
K13n1602,13,12,0.00081731879596912127
K13n1603,13,11,2.2494789374390701e-05
K13n1604,13,11,0.0013250071178434093
K13n1605,13,11,0.00032449512626322113
K13n1606,13,11,0.00049739899000035635
K13n1607,13,11,0.0046602965437953945
K13n1608,13,11,0.0015931404056686396
K13n1609,13,11,0.0031686725099384656
K13n161,13,12,0.0032392314668309723
K13n1610,13,11,0.0010065221826328194
K13n1611,13,11,0.0040645241262626175
K13n1612,13,11,0.0022107993103286862
K13n1613,13,12,9.4484291451150986e-05
K13n1614,13,11,0.0042222032986543503
K13n1615,13,11,0.00048081135743914376
K13n1616,13,11,0.0016876179834350562
K13n1617,13,11,0.00012814438099045708
K13n1618,13,12,0.00052171185683680486
K13n1619,13,11,0.0021955807995422587
K13n162,13,12,0.00018512908347836541
K13n1620,13,11,0.0033802240228734629
K13n1621,13,11,0.003459153813445642
K13n1622,13,11,0.001303883349906187
K13n1623,13,12,0.0018626989133055574
K13n1624,13,12,0.0013275780401550009
K13n1625,13,11,0.0033323894319992474
K13n1626,13,11,0.0055466357907179454
K13n1627,13,12,5.0189939810574737e-05
K13n1628,13,11,0.0046790321050644706
K13n1629,13,11,5.9508790267457275e-05
K13n163,13,12,0.0021941103782671958
K13n1630,13,11,0.0070684453995280344
K13n1631,13,11,0.0013255915682308919
K13n1632,13,12,0.0013347683970928636
K13n1633,13,11,2.1094640066621559e-05
K13n1634,13,11,0.0001567935317175414
K13n1635,13,11,2.7857101007065241e-05
K13n1636,13,11,0.00097122004366798878
K13n1637,13,11,0.0012978608298458226
K13n1638,13,11,0.0023422651786578915
K13n1639,13,11,0.00036066637700330796
K13n164,13,12,0.011794056318009156
K13n1640,13,11,0.0021479828692910741
K13n1641,13,11,0.00010130624323102307
K13n1642,13,10,0.00063241522865784569
K13n1643,13,12,0.00042459018032776934
K13n1644,13,10,0.0045929556973243494
K13n1645,13,11,0.00025358896113797906
K13n1646,13,11,0.00401427834168782
K13n1647,13,11,0.0022889552325531678
K13n1648,13,11,0.0047331612511073038
K13n1649,13,12,0.0017666205877530082
K13n165,13,12,0.0031204802065898435
K13n1650,13,11,0.00059597436680883503
K13n1651,13,11,0.0013437623423363109
K13n1652,13,11,0.0060091340506042631
K13n1653,13,12,0.0019014846611565637
K13n1654,13,12,0.00098264754510703342
K13n1655,13,12,0.00058086204646363277
K13n1656,13,11,0.002851213213295116
K13n1657,13,11,0.00091170482506126014
K13n1658,13,12,0.0011158763869495289
K13n1659,13,11,0.0029293495345132869
K13n166,13,12,0.00034288892735391823
K13n1660,13,12,0.0025282736799040976
K13n1661,13,12,0.0058610466656202715
K13n1662,13,12,0.0045528521215164961
K13n1663,13,12,0.0010604501965291715
K13n1664,13,11,0.00033828586598691398
K13n1665,13,12,0.00012451790720604397
K13n1666,13,12,5.8862919169071084e-05
K13n1667,13,12,0.0036013360760387483
K13n1668,13,12,0.0006966860657978952
K13n1669,13,11,0.0010449681632640308
K13n167,13,12,0.0013731213606498894
K13n1670,13,11,0.005104620554809966
K13n1671,13,12,0.0015447797580195354
K13n1672,13,12,0.010311478544700612
K13n1673,13,12,0.0010999929318063432
K13n1674,13,12,0.00036565732130294836
K13n1675,13,12,0.00032507690609177663
K13n1676,13,11,0.010713566263013275
K13n1677,13,11,0.00043397352402357934
K13n1678,13,12,0.0007818211858453037
K13n1679,13,11,0.0015780534647106359
K13n168,13,12,0.00069878779510326359
K13n1680,13,12,0.00016258717033659133
K13n1681,13,11,0.0024549043255653407
K13n1682,13,11,0.0037355372063636936
K13n1683,13,12,0.00047567185308612978
K13n1684,13,12,0.033621175054903016
K13n1685,13,12,0.0040752000681718538
K13n1686,13,12,0.0038734254459191087
K13n1687,13,11,0.0010888911347005847
K13n1688,13,12,0.013653965306891351
K13n1689,13,12,0.0038978927337643939
K13n169,13,12,0.0025035886569463373
K13n1690,13,11,0.00023384304829421123
K13n1691,13,11,0.00079842810821574627
K13n1692,13,10,0.00054774094897847784
K13n1693,13,11,0.0019332772853624539
K13n1694,13,11,0.0053715781259197964
K13n1695,13,12,0.00051330830384982526
K13n1696,13,11,0.00022302530907244327
K13n1697,13,11,0.0013576414636804349
K13n1698,13,11,0.0066598329968229012
K13n1699,13,12,0.0019429241833809755
K13n17,13,12,0.00024034462100342504
K13n170,13,12,0.0053980139776194612
K13n1700,13,11,0.0071248091976540556
K13n1701,13,11,6.0607834169379856e-05
K13n1702,13,11,0.00090674230147679848
K13n1703,13,12,3.0120527939045575e-05
K13n1704,13,12,0.00033684028465831063
K13n1705,13,11,0.0027766874064329484
K13n1706,13,11,0.0015862716567611845
K13n1707,13,12,0.00067680639979870452
K13n1708,13,10,0.012627557091844245
K13n1709,13,12,0.0029987178121668651
K13n171,13,12,0.00073792279185885411
K13n1710,13,12,0.001448103233603102
K13n1711,13,11,0.0026658489373782585
K13n1712,13,12,0.0032600855877275197
K13n1713,13,11,0.0026689822498594542
K13n1714,13,11,0.0031570580711093978
K13n1715,13,11,0.005099090333514778
K13n1716,13,10,0.00024956275509612299
K13n1717,13,11,0.00075699902049006316
K13n1718,13,10,0.0036596307543888028
K13n1719,13,10,0.0039710089647455845
K13n172,13,12,0.0047464936108197776
K13n1720,13,11,0.016132512090237961
K13n1721,13,12,0.002453071889801125
K13n1722,13,12,0.00057025896856714579
K13n1723,13,12,0.0081454418144258599
K13n1724,13,11,0.00218403345442001
K13n1725,13,11,4.9400280229046254e-05
K13n1726,13,11,0.012010451399269831
K13n1727,13,10,0.0017294286331534508
K13n1728,13,11,0.0025959086791556042
K13n1729,13,11,0.0019474802331351144
K13n173,13,12,0.00603644609175716
K13n1730,13,12,0.0069239410262586258
K13n1731,13,11,0.0081924100781220581
K13n1732,13,12,0.00048152926728776578
K13n1733,13,10,0.0011823505778836027
K13n1734,13,10,0.0026860505659719201
K13n1735,13,10,0.0032598929985410284
K13n1736,13,11,0.004232525605824761
K13n1737,13,12,0.0043914894408751013
K13n1738,13,12,0.00095497046679205604
K13n1739,13,10,0.0030274822020273035
K13n174,13,12,0.0021928448779254539
K13n1740,13,11,0.00088197597562476556
K13n1741,13,12,0.0022471902192835683
K13n1742,13,12,0.002885414540497953
K13n1743,13,12,0.0023771852416393001
K13n1744,13,12,0.002133708651121054
K13n1745,13,12,0.00019747590938715959
K13n1746,13,12,0.0025876517820822447
K13n1747,13,11,0.00069334081012167989
K13n1748,13,12,0.0064605057954358128
K13n1749,13,11,0.0017431721244886588
K13n175,13,12,0.0017259378956309081
K13n1750,13,11,0.0033586046301447309
K13n1751,13,11,0.00032834631824349506
K13n1752,13,10,0.0036527523261428285
K13n1753,13,11,0.00021940806630664717
K13n1754,13,11,0.0010843921147747752
K13n1755,13,12,0.0082023261860501902
K13n1756,13,11,0.0070616311887401343
K13n1757,13,11,0.0024015881425950097
K13n1758,13,12,0.0011972634162789807
K13n1759,13,11,0.0039731765654425514
K13n176,13,12,0.0021583032086987405
K13n1760,13,11,0.0015451447578676779
K13n1761,13,11,0.0048073002150152934
K13n1762,13,11,0.0053711643850386948
K13n1763,13,11,0.00010882435331860385
K13n1764,13,12,0.0013806073516525405
K13n1765,13,11,0.00022824762398648257
K13n1766,13,11,9.055397527699859e-05
K13n1767,13,11,0.0014716243264979794
K13n1768,13,11,0.0032592492173457457
K13n1769,13,12,0.0018641278653479239
K13n177,13,13,0.0063444715566078648
K13n1770,13,12,0.0013783273957806322
K13n1771,13,12,0.0026891655242691865
K13n1772,13,11,0.0028059606896000356
K13n1773,13,12,0.0051944764413196336
K13n1774,13,12,0.0015606900589214216
K13n1775,13,11,0.00013407136153669409
K13n1776,13,12,0.0032168573839537148
K13n1777,13,12,0.0016055660184984789
K13n1778,13,11,0.0027676204777123685
K13n1779,13,11,0.0024864826589654928
K13n178,13,13,0.00053117305559313352
K13n1780,13,11,0.00011201832424909499
K13n1781,13,11,0.0010674429118114235
K13n1782,13,12,0.0013909692948378186
K13n1783,13,12,0.00013804296489201734
K13n1784,13,12,0.0050281263253389857
K13n1785,13,11,0.00035935044419359139
K13n1786,13,11,0.00071215932130486289
K13n1787,13,12,0.00053568717965166081
K13n1788,13,12,0.0052404877271535217
K13n1789,13,12,0.0049286563413723341
K13n179,13,12,0.00015906420550376827
K13n1790,13,12,0.0014197386762012344
K13n1791,13,12,0.00072653431948606101
K13n1792,13,11,0.002130198157745373
K13n1793,13,11,0.00046677542108312247
K13n1794,13,11,0.00074399422658156524
K13n1795,13,11,0.0022073508510960806
K13n1796,13,11,0.0056230535438511276
K13n1797,13,11,0.0032750993138698152
K13n1798,13,11,0.00037789386709055503
K13n1799,13,12,0.0021409875950000623
K13n18,13,12,0.0059340244907174437
K13n180,13,13,9.9154719925341028e-05
K13n1800,13,12,1.7271506315324791e-05
K13n1801,13,12,0.00024786522433195915
K13n1802,13,12,0.0003317076552573822
K13n1803,13,11,0.0017806241689798546
K13n1804,13,12,0.00044745725657143034
K13n1805,13,11,0.0025334448711371083
K13n1806,13,12,0.0007473981353942064
K13n1807,13,11,0.0065400781284528703
K13n1808,13,12,0.0043263762298376453
K13n1809,13,11,0.0033311368700145259
K13n181,13,12,0.0027631675130695369
K13n1810,13,11,4.320930711623007e-05
K13n1811,13,11,0.00073912756283662086
K13n1812,13,11,0.0021012904965479048
K13n1813,13,12,0.0029405424175924983
K13n1814,13,11,0.0012171393021891226
K13n1815,13,11,0.00022087400656625999
K13n1816,13,11,0.008278594892272062
K13n1817,13,11,0.0022072510904114764
K13n1818,13,11,0.00013730897139010902
K13n1819,13,11,0.017271023093343368
K13n182,13,12,0.00095580083509649069
K13n1820,13,11,0.00099312216693331779
K13n1821,13,11,0.0031521679704059713
K13n1822,13,11,0.002037453235382417
K13n1823,13,11,0.0028942999946351467
K13n1824,13,11,0.006830965160494161
K13n1825,13,11,0.0071196015332350036
K13n1826,13,11,0.0034386158190335995
K13n1827,13,11,0.0010836000456446871
K13n1828,13,12,0.0052810339375065673
K13n1829,13,11,0.0012528900719735786
K13n183,13,12,0.012300117900468678
K13n1830,13,11,0.008806186650202677
K13n1831,13,12,4.6509375265843592e-05
K13n1832,13,11,0.0050198371571583775
K13n1833,13,11,0.0016515667027636857
K13n1834,13,11,0.0016794019846345864
K13n1835,13,11,0.0019838257777764494
K13n1836,13,10,0.01278733811714523
K13n1837,13,11,0.00029247509847894824
K13n1838,13,11,0.0082478212745006919
K13n1839,13,11,0.00047784378143861356
K13n184,13,12,0.00067047125174396808
K13n1840,13,10,0.012915773700541523
K13n1841,13,10,0.00035979114150188783
K13n1842,13,12,0.0098721500910753657
K13n1843,13,12,6.3859489335771935e-05
K13n1844,13,10,0.0039492849207106596
K13n1845,13,11,7.1020589225211016e-05
K13n1846,13,11,0.009000825369935371
K13n1847,13,10,0.006997007922460545
K13n1848,13,11,0.005432693285988356
K13n1849,13,11,0.0035484592511886774
K13n185,13,12,0.0025663807735118553
K13n1850,13,11,0.00011667219869689283
K13n1851,13,12,0.0022614624414155318
K13n1852,13,11,0.0022122594555220683
K13n1853,13,11,0.0041224892326574098
K13n1854,13,11,0.011131601400180345
K13n1855,13,10,0.0014404877482356031
K13n1856,13,10,0.0020320247843573862
K13n1857,13,12,0.0016581511482876938
K13n1858,13,11,0.0022073903008359816
K13n1859,13,11,0.0086750651203009611
K13n186,13,12,9.370617700178103e-05
K13n1860,13,11,0.002005400010447246
K13n1861,13,10,0.0080994436037466061
K13n1862,13,12,0.00033209644302847029
K13n1863,13,11,0.00017178307886635139
K13n1864,13,11,0.0037214726413302827
K13n1865,13,11,0.0030561058520510022
K13n1866,13,11,0.0013706847260190407
K13n1867,13,11,0.0055111320885121952
K13n1868,13,11,0.0028597793901644643
K13n1869,13,11,0.0084288765750098523
K13n187,13,12,0.00067208509994299355
K13n1870,13,11,0.0045101193079090289
K13n1871,13,12,0.0082136533363447312
K13n1872,13,11,0.0089322575269186171
K13n1873,13,11,0.0043112489823753028
K13n1874,13,11,4.6666692640216129e-06
K13n1875,13,11,0.0014015830472208991
K13n1876,13,11,0.0047506027324171795
K13n1877,13,12,0.00034858714897356653
K13n1878,13,11,0.0025442650751841783
K13n1879,13,11,0.002528314420964164
K13n188,13,12,0.0013111058872906801
K13n1880,13,11,0.0014032390489150414
K13n1881,13,11,0.0087341110672749089
K13n1882,13,11,0.0031271711677280318
K13n1883,13,11,0.0036600261896675857
K13n1884,13,11,0.0043761053493212316
K13n1885,13,11,0.0017527529292266782
K13n1886,13,11,0.0021711907904766923
K13n1887,13,11,0.017692221997075378
K13n1888,13,11,0.00078473824087959643
K13n1889,13,12,0.0044778015117374918
K13n189,13,12,0.0004375594396345716
K13n1890,13,11,0.0013985376520746903
K13n1891,13,11,0.0012868718048642208
K13n1892,13,11,0.0064669360922974574
K13n1893,13,12,0.00061216843795893231
K13n1894,13,12,0.0037857426902602387
K13n1895,13,11,0.0049815227862037171
K13n1896,13,11,0.0039224445411861642
K13n1897,13,11,0.00029008782757933727
K13n1898,13,11,0.0012094358253927871
K13n1899,13,11,0.0075441821219838787
K13n19,13,12,0.00011690268620302039
K13n190,13,12,0.0021001801234565628
K13n1900,13,11,0.00015161580577193411
K13n1901,13,11,0.0075433677821410087
K13n1902,13,11,0.0033502524641826452
K13n1903,13,11,0.0052715195472044585
K13n1904,13,11,0.0040693363872020983
K13n1905,13,12,0.0013766022787372217
K13n1906,13,11,0.0010404344862919165
K13n1907,13,11,0.0010044931171247326
K13n1908,13,11,0.0038817071561505225
K13n1909,13,12,0.0039090784274503059
K13n191,13,12,0.00067418048350753211
K13n1910,13,11,0.0012425069178139412
K13n1911,13,11,0.0026685137122093409
K13n1912,13,12,0.003215467863245545
K13n1913,13,11,0.0034286191875829305
K13n1914,13,12,0.00093649672522528129
K13n1915,13,11,5.3674091505608227e-05
K13n1916,13,10,0.001769377294297112
K13n1917,13,11,0.00021254184696426609
K13n1918,13,11,0.0005292108660439938
K13n1919,13,11,0.0016520812191786803
K13n192,13,11,0.0070829697911166294
K13n1920,13,11,0.00076410559799981834
K13n1921,13,12,0.00071504049316136863
K13n1922,13,11,0.0028341597601238533
K13n1923,13,11,0.00055822659357434711
K13n1924,13,12,0.00046574976594596497
K13n1925,13,11,0.00087265106668785565
K13n1926,13,11,0.00075242064140008925
K13n1927,13,12,0.00054372929381873655
K13n1928,13,12,0.00038314676025193119
K13n1929,13,12,0.0062777180523235429
K13n193,13,11,0.007513093336653209
K13n1930,13,11,0.0059522876109716098
K13n1931,13,11,0.0013074084028376527
K13n1932,13,11,0.0017850053706934368
K13n1933,13,12,0.00091644057943572762
K13n1934,13,11,0.001487336943872198
K13n1935,13,12,0.0027826625036410295
K13n1936,13,12,0.0038800878543021628
K13n1937,13,12,0.00042626477771704705
K13n1938,13,11,0.00023623115733845392
K13n1939,13,11,0.0028849183351562233
K13n194,13,11,0.0019077483747397344
K13n1940,13,11,0.0040410919612937834
K13n1941,13,11,0.0016196811044815586
K13n1942,13,12,0.00021270174454822319
K13n1943,13,11,0.001782753861147563
K13n1944,13,11,0.0046143601354919029
K13n1945,13,10,0.0032670459006429826
K13n1946,13,11,0.0012843461528791174
K13n1947,13,11,0.0017684764683066421
K13n1948,13,12,0.00091665004979932458
K13n1949,13,11,0.00040209894752938144
K13n195,13,11,0.0025883073441618954
K13n1950,13,12,0.018791762727411388
K13n1951,13,12,0.0037297463408467141
K13n1952,13,11,0.00081510831397188044
K13n1953,13,11,0.0035976128578743679
K13n1954,13,11,0.0004040533623913264
K13n1955,13,12,0.0069106446955724994
K13n1956,13,12,0.0027599411518869255
K13n1957,13,11,0.0070162610293225507
K13n1958,13,11,0.0021965566622199049
K13n1959,13,11,0.0020429145779843894
K13n196,13,12,0.0055239145159496524
K13n1960,13,12,0.00039728716127157679
K13n1961,13,11,0.0019395011420447205
K13n1962,13,11,0.0081598403117783391
K13n1963,13,12,0.0045440027375384497
K13n1964,13,11,0.0091751605418930269
K13n1965,13,11,0.00061445694480130695
K13n1966,13,11,0.00064717473771687124
K13n1967,13,11,0.00038615962373797161
K13n1968,13,11,0.00064888304501335042
K13n1969,13,12,0.0051020539106967347
K13n197,13,12,0.0014957861371281849
K13n1970,13,12,0.00026503152681658655
K13n1971,13,11,0.00029112720951173144
K13n1972,13,12,0.0024559326739708284
K13n1973,13,12,0.0018225650660199742
K13n1974,13,12,0.0014581408178508299
K13n1975,13,12,0.0026318189298441884
K13n1976,13,12,0.00067802793420788574
K13n1977,13,12,0.0077113808563164278
K13n1978,13,12,0.00073495304651533661
K13n1979,13,12,0.00097068989921334349
K13n198,13,12,0.0042720718013529906
K13n1980,13,12,0.00010026162980858932
K13n1981,13,11,0.0027292944392394236
K13n1982,13,12,0.0021323227006373167
K13n1983,13,12,0.0017448228767746893
K13n1984,13,11,0.0033530900624600042
K13n1985,13,11,0.0034712341233314294
K13n1986,13,12,0.00146662044230798
K13n1987,13,12,0.0001656685066841823
K13n1988,13,12,0.00088883420082857645
K13n1989,13,11,0.0031356511179761637
K13n199,13,12,0.00072642912439635401
K13n1990,13,11,0.001607857684907065
K13n1991,13,11,0.011388932126893403
K13n1992,13,11,0.01764912519207754
K13n1993,13,12,0.001494749795942079
K13n1994,13,11,0.0011287576936167536
K13n1995,13,11,0.0060362034490437574
K13n1996,13,12,0.00081053550679291268
K13n1997,13,11,0.00068496741998663713
K13n1998,13,11,0.0038151381675524594
K13n1999,13,11,0.0025724767393538192
K13n2,13,12,0.0073911574019917539
K13n20,13,12,0.0009451473284485904
K13n200,13,12,0.0021789310043879538
K13n2000,13,11,0.00065567425084429886
K13n2001,13,11,0.011751649209692249
K13n2002,13,11,0.0093916074714534281
K13n2003,13,11,0.0013974396769506721
K13n2004,13,11,0.00052617288832663999
K13n2005,13,11,0.0026505938123522312
K13n2006,13,11,0.013898088442200144
K13n2007,13,11,0.0025762588281694906
K13n2008,13,12,0.0013127492374464414
K13n2009,13,12,0.0039127809304601345
K13n201,13,12,0.004372973740148783
K13n2010,13,11,0.0011743477453230143
K13n2011,13,11,0.0011944041433989729
K13n2012,13,12,0.0022451818638651927
K13n2013,13,12,0.00512433103964901
K13n2014,13,11,0.0036550581374247297
K13n2015,13,12,0.002476277584110531
K13n2016,13,12,0.00013462534944489065
K13n2017,13,12,0.00066140453531205834
K13n2018,13,12,0.0027709945613581684
K13n2019,13,12,0.001308561427024645
K13n202,13,12,8.6738700281826747e-06
K13n2020,13,12,0.0036336045100958093
K13n2021,13,12,0.000662803065091093
K13n2022,13,11,0.00098109584205748578
K13n2023,13,11,0.0035454528552031285
K13n2024,13,11,0.0021727501655406955
K13n2025,13,12,0.00045051844583024269
K13n2026,13,11,0.0028549671431653528
K13n2027,13,11,0.00050052072063830691
K13n2028,13,11,0.0013514476923330773
K13n2029,13,12,0.00091783860960891622
K13n203,13,11,0.00082770027617044405
K13n2030,13,11,0.00041172273809085585
K13n2031,13,12,0.0044605155126846768
K13n2032,13,11,0.013747307043028838
K13n2033,13,11,0.0011251334731001124
K13n2034,13,11,0.0022825617498184866
K13n2035,13,10,0.0088600149711783923
K13n2036,13,11,2.4410474501640991e-05
K13n2037,13,11,0.0075393707661466315
K13n2038,13,11,0.001951409778835437
K13n2039,13,11,0.0029207668986539043
K13n204,13,11,0.0011111154043434745
K13n2040,13,11,0.0066062982148033401
K13n2041,13,12,0.00013687420849115426
K13n2042,13,11,0.0013356111338966457
K13n2043,13,11,0.002036432133213546
K13n2044,13,11,0.0011994728801833006
K13n2045,13,12,0.0039736787040579903
K13n2046,13,10,0.0031134647456240771
K13n2047,13,12,0.00085996035287487602
K13n2048,13,11,0.00086089660394612693
K13n2049,13,12,0.00082816544019851681
K13n205,13,12,0.00042018749667698164
K13n2050,13,12,0.0027361493013011696
K13n2051,13,12,0.0032754461923351786
K13n2052,13,12,0.0017287211503168162
K13n2053,13,10,0.00061392091087374254
K13n2054,13,12,8.0056900501268463e-05
K13n2055,13,12,0.0017000694633147451
K13n2056,13,11,0.021865258782278203
K13n2057,13,12,0.0016294981582546657
K13n2058,13,12,0.0019417352466523073
K13n2059,13,11,0.0015427317012817719
K13n206,13,12,0.0040875940815314881
K13n2060,13,12,0.0012699813277804524
K13n2061,13,12,0.0011413200325111872
K13n2062,13,12,0.00012106293111494303
K13n2063,13,12,0.00075031975380229212
K13n2064,13,12,0.0025216513645133156
K13n2065,13,12,0.0095035350491911273
K13n2066,13,11,0.0037304958914220069
K13n2067,13,11,0.0031693324645286226
K13n2068,13,12,0.0038509271664955726
K13n2069,13,11,0.0018322813230917795
K13n207,13,12,0.0018325614632717967
K13n2070,13,11,0.00013903660418965262
K13n2071,13,12,0.0031139483594206023
K13n2072,13,12,0.00029480897290055908
K13n2073,13,11,0.00075487926632548171
K13n2074,13,11,0.0014268274332995398
K13n2075,13,11,0.0010589854857548555
K13n2076,13,12,0.0022590321828009916
K13n2077,13,12,0.00081949527446801543
K13n2078,13,12,0.0069821559943699331
K13n2079,13,12,0.003704779882603862
K13n208,13,12,0.0063484666596412293
K13n2080,13,11,0.00088811212659986507
K13n2081,13,12,0.00065112882354272463
K13n2082,13,12,0.000206617235540433
K13n2083,13,11,0.0001533737566306381
K13n2084,13,11,0.0007718553606626831
K13n2085,13,12,0.0014802526514095904
K13n2086,13,11,0.0035806978127416265
K13n2087,13,11,0.012341137956820009
K13n2088,13,11,0.0033350105205737957
K13n2089,13,11,0.00027716602431007687
K13n209,13,11,0.0016533517313804841
K13n2090,13,11,0.0064241015432182184
K13n2091,13,12,0.00027012595925348401
K13n2092,13,11,0.00085619760601514285
K13n2093,13,11,0.0015868152610052184
K13n2094,13,11,0.00099578419389649976
K13n2095,13,11,0.0043599860038961774
K13n2096,13,11,0.00014715757296518157
K13n2097,13,12,0.0054258289612100306
K13n2098,13,12,0.0044396975168959473
K13n2099,13,12,0.00074903067938450268
K13n21,13,12,0.00094981086792112672
K13n210,13,11,0.00086248766700915949
K13n2100,13,12,0.003898206997521231
K13n2101,13,12,0.0042724707755094895
K13n2102,13,11,0.012340184656316398
K13n2103,13,12,0.0033741404621091069
K13n2104,13,11,0.0048592828254072759
K13n2105,13,11,0.00059775023397173877
K13n2106,13,11,5.3706600930297247e-05
K13n2107,13,12,0.018712630632454909
K13n2108,13,11,0.01221020013625068
K13n2109,13,12,0.0003560729711407425
K13n211,13,12,0.0007622872676561627
K13n2110,13,12,6.230667119719145e-05
K13n2111,13,11,0.0041696579429711137
K13n2112,13,11,0.0021597758035723945
K13n2113,13,12,0.0038995371539421795
K13n2114,13,12,0.00011216764075980153
K13n2115,13,12,0.0032965035369890042
K13n2116,13,11,0.0010435933929915367
K13n2117,13,11,0.00042331866253711464
K13n2118,13,11,0.0038373008238259398
K13n2119,13,11,0.0021890413932269398
K13n212,13,12,0.010731550945859727
K13n2120,13,12,0.0030382470008884313
K13n2121,13,12,0.00029147817577878998
K13n2122,13,11,0.001045079841143048
K13n2123,13,11,0.002208083739500633
K13n2124,13,11,0.00023849195922426452
K13n2125,13,11,0.0041886473716819172
K13n2126,13,11,0.0001720884578306542
K13n2127,13,12,0.0035799431165928286
K13n2128,13,11,0.0025775267702593699
K13n2129,13,11,0.00027871410855119017
K13n213,13,12,0.00041943237615612276
K13n2130,13,11,0.0048786335316117809
K13n2131,13,11,0.0033190638704163403
K13n2132,13,11,0.0020459914017560451
K13n2133,13,12,0.00027718162192958974
K13n2134,13,12,0.0034698162027192634
K13n2135,13,12,6.8443711326674573e-07
K13n2136,13,12,0.0060380195192991145
K13n2137,13,11,0.00015136386258774056
K13n2138,13,12,0.0004706296135960381
K13n2139,13,11,0.001892340543344817
K13n214,13,12,0.0024785034634688882
K13n2140,13,11,0.0056325731055430657
K13n2141,13,11,0.0014022114830387455
K13n2142,13,12,0.0091539046394251023
K13n2143,13,11,0.00423164551841028
K13n2144,13,12,0.003116401510975596
K13n2145,13,12,0.0036608138119455947
K13n2146,13,12,0.0021075777626826321
K13n2147,13,12,0.00098077547176266206
K13n2148,13,11,0.0042908222473416486
K13n2149,13,11,0.0019762265725160578
K13n215,13,12,0.00097701287117580053
K13n2150,13,11,0.0022490832022876166
K13n2151,13,11,0.0019814728858144224
K13n2152,13,11,0.0012916754300438672
K13n2153,13,11,0.00046001718435481208
K13n2154,13,10,0.00080120757039962962
K13n2155,13,12,0.0015548511524205817
K13n2156,13,11,0.0029772141020349787
K13n2157,13,11,0.00053586241664308322
K13n2158,13,11,0.0032331272720878428
K13n2159,13,12,0.0031659925396542777
K13n216,13,12,0.0043583939840678362
K13n2160,13,12,0.0030902439900981757
K13n2161,13,11,0.0031074973981239707
K13n2162,13,12,0.0038307518804655211
K13n2163,13,12,0.0063857867261487636
K13n2164,13,12,0.0088844984893293576
K13n2165,13,11,0.0010490347362952445
K13n2166,13,12,0.007792194904508905
K13n2167,13,11,0.0022800464008559292
K13n2168,13,11,0.0015716279678931703
K13n2169,13,12,0.0014111611863603856
K13n217,13,12,0.0033096474950706331
K13n2170,13,11,0.0013596530840030326
K13n2171,13,11,0.014114347405448761
K13n2172,13,12,0.0031823545267608373
K13n2173,13,11,0.0007536918406806603
K13n2174,13,11,0.0021414629594396078
K13n2175,13,11,0.0060359668200644159
K13n2176,13,11,0.00089161991748574175
K13n2177,13,11,0.0013716278981301825
K13n2178,13,11,0.00095342191553922048
K13n2179,13,11,0.00042804494911909146
K13n218,13,12,0.0012775525926779655
K13n2180,13,11,1.3655816225217114e-05
K13n2181,13,12,0.00014506942030665152
K13n2182,13,12,0.0034512975737773866
K13n2183,13,11,0.00011552631491942908
K13n2184,13,12,0.00026015711549615654
K13n2185,13,12,0.0049233428258085021
K13n2186,13,12,0.0032270762163269058
K13n2187,13,11,0.0013707121585938482
K13n2188,13,11,0.0032800128947325924
K13n2189,13,12,0.00010658749528241056
K13n219,13,12,0.0014163349815976881
K13n2190,13,12,0.00046839140560354063
K13n2191,13,11,0.0032221048993108974
K13n2192,13,12,9.9760270535867017e-05
K13n2193,13,11,0.0051902982373009891
K13n2194,13,12,0.00026109672490530456
K13n2195,13,11,0.0010218397762123369
K13n2196,13,11,0.0011369715374390348
K13n2197,13,11,0.0027755772816486128
K13n2198,13,11,0.0036964257470317665
K13n2199,13,12,0.0021334207006933471
K13n22,13,12,0.00052831253913211901
K13n220,13,12,7.9819416692934758e-05
K13n2200,13,11,0.0042082352421859946
K13n2201,13,12,0.00077269291765290349
K13n2202,13,11,0.0051806320818992809
K13n2203,13,12,0.00063280103232630201
K13n2204,13,12,0.0004073351793338177
K13n2205,13,12,0.0048613211781676439
K13n2206,13,11,0.002853763425391509
K13n2207,13,11,0.0010993260947785705
K13n2208,13,11,0.00078981003429328994
K13n2209,13,12,0.00081484166082362408
K13n221,13,12,0.0061858685415520677
K13n2210,13,11,0.00011206880774853833
K13n2211,13,11,0.0059317759115233631
K13n2212,13,12,0.00039602082537487025
K13n2213,13,11,0.00080436573056232963
K13n2214,13,11,0.0015915174775943367
K13n2215,13,11,0.0041536470624320646
K13n2216,13,12,0.00017038650983540194
K13n2217,13,11,0.0072205431243080632
K13n2218,13,12,0.0044139308511719245
K13n2219,13,12,0.0006064194807927747
K13n222,13,12,0.0029884657696353811
K13n2220,13,11,0.0063390724209082278
K13n2221,13,12,0.0011001675092358431
K13n2222,13,11,0.0024646516426861374
K13n2223,13,11,0.0024489175654861918
K13n2224,13,11,0.002817925679705869
K13n2225,13,11,0.00032795047015076069
K13n2226,13,11,0.0028605692174035334
K13n2227,13,11,0.0014200570824922886
K13n2228,13,11,0.00053037032797418205
K13n2229,13,12,0.002651099174996376
K13n223,13,12,0.0081123715010610001
K13n2230,13,11,0.00029593703475542756
K13n2231,13,11,0.0010799445714353311
K13n2232,13,11,0.0016369505782247635
K13n2233,13,12,0.00031924687952247555
K13n2234,13,12,0.0025866122909623209
K13n2235,13,11,0.0054991855859241826
K13n2236,13,11,0.0018844145288883555
K13n2237,13,11,0.003367543036870712
K13n2238,13,12,0.0017123520730749132
K13n2239,13,12,0.0041244014853785062
K13n224,13,12,0.0019342004513667442
K13n2240,13,12,0.0009930952475808942
K13n2241,13,11,0.001384335610670072
K13n2242,13,11,0.00030769839632280088
K13n2243,13,12,0.0012315037495543378
K13n2244,13,11,7.9081108499480746e-05
K13n2245,13,11,0.00027848732971433635
K13n2246,13,11,7.1177206781238806e-05
K13n2247,13,11,0.0030186727079752739
K13n2248,13,12,0.0028270502859811843
K13n2249,13,12,0.0023542152526195431
K13n225,13,10,0.0019710048702563611
K13n2250,13,12,0.0048065444719548323
K13n2251,13,12,0.0042131117379002828
K13n2252,13,11,0.0001078000499982777
K13n2253,13,11,0.006070329447653542
K13n2254,13,11,0.006771944460009568
K13n2255,13,11,0.0016052387803845429
K13n2256,13,11,0.0077393246332239946
K13n2257,13,11,0.0017260875937029718
K13n2258,13,11,0.0024485466941268322
K13n2259,13,12,0.0071785186128813083
K13n226,13,11,0.0014931180974480976
K13n2260,13,11,0.0016564621073177806
K13n2261,13,11,0.0022266453546658225
K13n2262,13,12,0.0047118016500101991
K13n2263,13,11,0.001423806833846155
K13n2264,13,11,0.00016356399213352318
K13n2265,13,11,0.0042615474497041672
K13n2266,13,11,0.00021379194133725108
K13n2267,13,11,0.00050197601428656348
K13n2268,13,12,0.0015889894508596301
K13n2269,13,12,0.0050894159974446181
K13n227,13,12,2.1583068784302655e-05
K13n2270,13,11,0.00092161070656897326
K13n2271,13,11,0.004008656588069928
K13n2272,13,11,0.0014875610542295248
K13n2273,13,12,0.0035294637363981691
K13n2274,13,11,0.00060440108920931134
K13n2275,13,11,0.0023027257703937196
K13n2276,13,12,0.0079127462785869782
K13n2277,13,11,0.001577532134237423
K13n2278,13,11,0.0029809996284333915
K13n2279,13,11,0.0013368341777249271
K13n228,13,12,0.00064264461977826457
K13n2280,13,11,0.00028494300227578607
K13n2281,13,11,0.00068262296183838414
K13n2282,13,11,0.00087213069474186423
K13n2283,13,11,0.0044391011382155813
K13n2284,13,11,0.0016365367583680744
K13n2285,13,11,0.0073826010979982839
K13n2286,13,11,0.0086572555877525853
K13n2287,13,12,0.0044298702322666953
K13n2288,13,11,0.00075027489437527533
K13n2289,13,11,0.00013881343915706331
K13n229,13,11,0.0033419506010912686
K13n2290,13,10,0.0012790885249313563
K13n2291,13,11,0.0016793604262980808
K13n2292,13,12,0.0010334668891278525
K13n2293,13,10,0.0059224177782375874
K13n2294,13,12,0.0009385569562006472
K13n2295,13,11,0.0013725839506493877
K13n2296,13,11,0.00040320024496254275
K13n2297,13,11,0.0031986105461323929
K13n2298,13,12,0.0038834788582206778
K13n2299,13,12,0.0024890560265907647
K13n23,13,12,0.012697300661231778
K13n230,13,10,0.001223013968401319
K13n2300,13,11,0.0044796255435076435
K13n2301,13,11,0.0019874419177057334
K13n2302,13,11,0.00060478104021212213
K13n2303,13,10,0.0084609097568154809
K13n2304,13,11,0.0010333342924780636
K13n2305,13,11,0.00063945453720063545
K13n2306,13,10,0.0018516054772819718
K13n2307,13,11,0.0030670387923626328
K13n2308,13,11,0.0043039005598402812
K13n2309,13,11,0.0030579415855545187
K13n231,13,12,0.00036644468052750273
K13n2310,13,11,0.0070339738640765627
K13n2311,13,12,0.0025512456325095106
K13n2312,13,12,0.00011617949333384743
K13n2313,13,11,0.0037504172903315941
K13n2314,13,11,0.0047219428879974575
K13n2315,13,11,0.00059061867567859793
K13n2316,13,11,0.0030087145521610127
K13n2317,13,11,0.0031383635695532196
K13n2318,13,11,0.0018483867322751639
K13n2319,13,11,0.00052999580782117173
K13n232,13,12,0.0044626057450746623
K13n2320,13,11,0.0058988331561481656
K13n2321,13,12,0.0004481438302375126
K13n2322,13,12,0.00074743638436033791
K13n2323,13,11,0.0030783157041322446
K13n2324,13,11,0.0018880521258489045
K13n2325,13,11,0.00094182173119038246
K13n2326,13,11,0.00072019649699854506
K13n2327,13,11,0.02565766743584939
K13n2328,13,11,0.0047220583787300858
K13n2329,13,12,0.003485571623857335
K13n233,13,11,0.0075178041160351601
K13n2330,13,12,0.00022975444904793586
K13n2331,13,11,0.00021045213946033165
K13n2332,13,11,0.00060073529602434666
K13n2333,13,11,0.00081297641118707156
K13n2334,13,11,5.8502129925475899e-05
K13n2335,13,11,0.0032129932407532411
K13n2336,13,11,0.00078098684939767688
K13n2337,13,11,0.0035469677925350214
K13n2338,13,11,6.4068017183553148e-05
K13n2339,13,12,0.0018522727539853785
K13n234,13,11,0.00029552664502786326
K13n2340,13,12,0.0037293093450951262
K13n2341,13,11,0.0019116840567625756
K13n2342,13,11,0.0033495096258825785
K13n2343,13,11,0.0016373799546099501
K13n2344,13,11,0.0059211508635115947
K13n2345,13,11,0.00672261334486825
K13n2346,13,11,0.0001263645671972634
K13n2347,13,12,0.0019924511302047056
K13n2348,13,12,0.0021097421721816699
K13n2349,13,12,0.00089813150283561617
K13n235,13,12,0.00089484958593902242
K13n2350,13,11,0.00049151197860858905
K13n2351,13,11,0.00068208779911778069
K13n2352,13,12,6.898635691037977e-05
K13n2353,13,11,0.006227181918173382
K13n2354,13,11,0.001927168032795052
K13n2355,13,12,0.0016039454310861131
K13n2356,13,12,0.00017531226276514271
K13n2357,13,11,0.0077938872459478179
K13n2358,13,11,0.0051109644110472717
K13n2359,13,11,0.010352941479455459
K13n236,13,12,0.0071081497389410345
K13n2360,13,12,0.0087222210414449539
K13n2361,13,11,0.0047751143046956025
K13n2362,13,11,0.00071210438189396163
K13n2363,13,11,0.0010887512128654043
K13n2364,13,12,0.00045530025386021297
K13n2365,13,11,0.00060110426799650485
K13n2366,13,11,0.00038979158716061652
K13n2367,13,12,0.0013527035244520708
K13n2368,13,12,0.00046834226404137135
K13n2369,13,12,0.0010794165619607225
K13n237,13,12,0.0030486484424504905
K13n2370,13,11,0.010198374732655186
K13n2371,13,12,0.0063838671019746029
K13n2372,13,12,0.00076340616141319932
K13n2373,13,11,0.00099098655934030814
K13n2374,13,11,0.0021108331110692509
K13n2375,13,12,0.0024214014524168012
K13n2376,13,12,0.0019305069429663589
K13n2377,13,12,0.00061056632588999554
K13n2378,13,11,0.0014198193176449959
K13n2379,13,11,0.00066556297200571493
K13n238,13,12,0.0017185765154907608
K13n2380,13,11,0.0050737309408826151
K13n2381,13,12,0.0004657783348918435
K13n2382,13,12,0.00065643955554390925
K13n2383,13,11,0.0043382850510757494
K13n2384,13,12,0.00039311301143171842
K13n2385,13,11,0.010175526687285929
K13n2386,13,11,0.012825424291630217
K13n2387,13,12,0.00018918964410983186
K13n2388,13,12,0.00051133348361854061
K13n2389,13,11,0.0046181475671038729
K13n239,13,12,0.00075582609855230415
K13n2390,13,11,9.668862732729316e-05
K13n2391,13,12,0.0012399499051558044
K13n2392,13,11,0.003483442777916609
K13n2393,13,11,0.0016853325623600297
K13n2394,13,12,0.010155888795380234
K13n2395,13,11,0.0075264309552365346
K13n2396,13,11,0.0046923446670567677
K13n2397,13,12,0.00065927975162231238
K13n2398,13,11,0.0011358910166725275
K13n2399,13,12,0.0018132574178170474
K13n24,13,12,1.3043847010005686e-05
K13n240,13,12,0.0078009549408025632
K13n2400,13,12,0.0024169367937699705
K13n2401,13,12,0.0030562451658524242
K13n2402,13,12,0.0045848643814899049
K13n2403,13,12,0.0013977200853223482
K13n2404,13,12,0.019186121487696012
K13n2405,13,12,0.010188396677057383
K13n2406,13,12,0.0015913644393197243
K13n2407,13,12,0.0012239572419093744
K13n2408,13,12,9.1536508503250391e-06
K13n2409,13,12,0.0010399936881332048
K13n241,13,12,2.8064398181889395e-05
K13n2410,13,12,0.0025047225079749213
K13n2411,13,12,0.0030119702212949217
K13n2412,13,12,0.0011656728488229587
K13n2413,13,12,0.0055608215164258982
K13n2414,13,12,0.0019384607960809582
K13n2415,13,12,0.0022757138187225992
K13n2416,13,11,0.0019890967327462978
K13n2417,13,11,0.00019237899460955855
K13n2418,13,12,0.0021651228023668958
K13n2419,13,11,0.0076204474841336011
K13n242,13,12,0.00042959216964192883
K13n2420,13,12,0.00039190584436341936
K13n2421,13,11,0.0015245154991965772
K13n2422,13,11,0.0016819680700988311
K13n2423,13,12,0.00065079048249366898
K13n2424,13,11,0.0013783036373793912
K13n2425,13,11,0.00042710231590803221
K13n2426,13,11,0.0074728205032051362
K13n2427,13,12,0.0050510375747677685
K13n2428,13,11,0.00054658281327069644
K13n2429,13,11,0.002719571593179336
K13n243,13,12,0.0031693629883771885
K13n2430,13,12,0.0013249437033751872
K13n2431,13,12,0.00032533731937949608
K13n2432,13,11,0.0008587941179222983
K13n2433,13,11,3.4229328775110788e-05
K13n2434,13,11,0.010282842172788948
K13n2435,13,12,0.0065760782158336886
K13n2436,13,10,0.005462398028679997
K13n2437,13,12,0.001135880038822309
K13n2438,13,11,0.0017067115816456963
K13n2439,13,11,0.0001806613402060493
K13n244,13,12,0.0014786175498527302
K13n2440,13,11,0.00013600859798374807
K13n2441,13,11,0.0039887582301537444
K13n2442,13,10,0.0016656162018218587
K13n2443,13,11,0.00070873541887305185
K13n2444,13,11,0.0015095079521790535
K13n2445,13,11,0.0013453595021827949
K13n2446,13,11,0.002830434948851838
K13n2447,13,11,0.0051860412111080978
K13n2448,13,10,0.0058169184152632846
K13n2449,13,12,0.0022884508601599255
K13n245,13,12,0.001124859118829255
K13n2450,13,11,0.00030483486719055269
K13n2451,13,12,0.0096422553339544775
K13n2452,13,12,0.00034223841653268879
K13n2453,13,12,4.5549630160230638e-05
K13n2454,13,12,0.0022313744060809297
K13n2455,13,12,0.001557151482663961
K13n2456,13,11,0.0023995872193373156
K13n2457,13,12,0.00079382765038508334
K13n2458,13,12,0.0069357590833019206
K13n2459,13,11,0.0062874426509466601
K13n246,13,12,0.00034985243490203425
K13n2460,13,12,0.0005525887835953104
K13n2461,13,12,0.0011266465067132228
K13n2462,13,11,0.00043868993267067119
K13n2463,13,11,0.0023725325628764001
K13n2464,13,12,0.00034654243930116405
K13n2465,13,11,0.00059248337008671788
K13n2466,13,11,0.001812001677390748
K13n2467,13,12,0.00033971282355375627
K13n2468,13,12,0.0014601995916071065
K13n2469,13,12,0.0008620254437767109
K13n247,13,12,0.0078415848273848503
K13n2470,13,11,0.0011144202619256009
K13n2471,13,12,0.00067349531721773415
K13n2472,13,12,0.00023471626489509923
K13n2473,13,11,0.0010907435629243874
K13n2474,13,12,0.0032619200305950185
K13n2475,13,11,0.0056585299494007271
K13n2476,13,11,0.015243443730345023
K13n2477,13,12,0.0011935934192388231
K13n2478,13,11,0.0036756907551088098
K13n2479,13,11,0.00030362642416047208
K13n248,13,12,0.010746896447498058
K13n2480,13,12,0.003556971434996236
K13n2481,13,12,0.00042867455394192823
K13n2482,13,12,0.0013875548119657855
K13n2483,13,11,0.0017490737716109089
K13n2484,13,11,0.00058756132034677093
K13n2485,13,11,0.0018147283993120167
K13n2486,13,12,9.1812624620655567e-05
K13n2487,13,12,0.00019140060687335245
K13n2488,13,11,0.0039973511258833494
K13n2489,13,11,0.00015639191272954182
K13n249,13,12,0.0050178968280359549
K13n2490,13,11,0.00061729270660935249
K13n2491,13,10,0.00044226816397402007
K13n2492,13,10,0.0012107117098260221
K13n2493,13,12,0.00034221411534790584
K13n2494,13,12,0.0018504570395682892
K13n2495,13,11,0.0016439765489544244
K13n2496,13,12,0.0012759714370257401
K13n2497,13,12,0.0009154458554305302
K13n2498,13,10,0.0023174409273566884
K13n2499,13,12,0.00063191986834716055
K13n25,13,12,0.0070668563518587885
K13n250,13,11,0.0093945837367651122
K13n2500,13,12,0.003947525645826201
K13n2501,13,10,0.0051722909983322228
K13n2502,13,12,0.00032306989583046069
K13n2503,13,11,0.0008182327204744363
K13n2504,13,12,0.00058163702692439205
K13n2505,13,12,0.00086943818040376424
K13n2506,13,11,0.0048057663674137474
K13n2507,13,12,0.00074710755017078491
K13n2508,13,11,0.001926346707266128
K13n2509,13,11,0.00057684080195565554
K13n251,13,12,0.0033227400901376406
K13n2510,13,11,0.0033232630033586067
K13n2511,13,11,6.1092160319421452e-05
K13n2512,13,11,0.00025011632195755083
K13n2513,13,12,0.0037815445184927621
K13n2514,13,12,0.0050335980681256685
K13n2515,13,12,0.0030403142429785762
K13n2516,13,12,0.0027812580297400745
K13n2517,13,12,0.00017988795322305333
K13n2518,13,11,0.0032107163971513883
K13n2519,13,12,0.0042172932395106262
K13n252,13,12,0.00041681528777167114
K13n2520,13,12,0.0014968373693511547
K13n2521,13,11,0.0057667674330014506
K13n2522,13,11,0.00048180805541470648
K13n2523,13,11,0.0013611078592133008
K13n2524,13,11,0.0017809640148855961
K13n2525,13,11,0.00027975708138753072
K13n2526,13,11,0.00022039704078749789
K13n2527,13,10,0.001747397668787988
K13n2528,13,11,0.0023576155784366037
K13n2529,13,11,0.0004654677168036825
K13n253,13,12,0.0016983781362914167
K13n2530,13,11,0.0035994282477948276
K13n2531,13,11,0.00011556383230020844
K13n2532,13,12,0.0013943295970715091
K13n2533,13,11,0.0015398156646179513
K13n2534,13,12,0.00040775915199256133
K13n2535,13,11,0.0026471198873867729
K13n2536,13,11,0.0017817947633532066
K13n2537,13,11,0.0010385998962264681
K13n2538,13,11,0.0012961755728694542
K13n2539,13,11,0.0041388378136727596
K13n254,13,12,0.00081373193776468225
K13n2540,13,11,0.0085114071700705032
K13n2541,13,12,0.0075585676551267978
K13n2542,13,11,0.0051823515574344805
K13n2543,13,11,0.00044207180330426554
K13n2544,13,11,0.0090094515183115845
K13n2545,13,11,0.00020582395430369008
K13n2546,13,12,0.0020613565573327805
K13n2547,13,11,0.0082468995341098746
K13n2548,13,12,0.0020451168893160922
K13n2549,13,12,0.0028023493193752459
K13n255,13,12,0.0015259111710116003
K13n2550,13,11,3.9296641328207118e-05
K13n2551,13,11,0.00052759878101474279
K13n2552,13,12,0.00049922766775068914
K13n2553,13,11,0.0025837398003906785
K13n2554,13,11,0.0033949564508008513
K13n2555,13,12,2.4725456604119221e-05
K13n2556,13,11,0.00049279580068581602
K13n2557,13,12,0.00043624904755991932
K13n2558,13,12,0.0016620621139657641
K13n2559,13,12,0.0012789619803753717
K13n256,13,12,0.0059705795270647097
K13n2560,13,12,0.0039540326588877479
K13n2561,13,11,0.00074638342926095359
K13n2562,13,12,0.0026347222504147535
K13n2563,13,11,0.0029926289705287943
K13n2564,13,11,0.0051703010053792261
K13n2565,13,12,0.012091743189846273
K13n2566,13,12,0.0067427646948344131
K13n2567,13,11,0.0013299730658663496
K13n2568,13,11,0.0023755630490835075
K13n2569,13,11,0.0025992040011734653
K13n257,13,12,0.00045653348854325665
K13n2570,13,11,0.00080424202149394631
K13n2571,13,11,0.0094506612720933816
K13n2572,13,11,0.0043276815509550688
K13n2573,13,12,0.0045945951763616145
K13n2574,13,11,0.0051436894767784985
K13n2575,13,11,0.0014931718825492914
K13n2576,13,11,0.00024936526554317364
K13n2577,13,12,0.0068319549494344689
K13n2578,13,12,1.9688594556560074e-05
K13n2579,13,12,0.00065618166275198766
K13n258,13,12,0.0035337252425563879
K13n2580,13,12,0.00025413518859493985
K13n2581,13,11,0.00059501374193247144
K13n2582,13,12,0.0027479356888407401
K13n2583,13,12,0.00063891341343862433
K13n2584,13,12,0.00052007925906331378
K13n2585,13,12,0.0089474668280404134
K13n2586,13,12,0.0001038531174583303
K13n2587,13,12,0.0042108320149279168
K13n2588,13,10,0.0060663843968511415
K13n2589,13,12,0.0067287209280595317
K13n259,13,12,0.00105151107039498
K13n2590,13,11,7.8897466100024245e-05
K13n2591,13,11,0.0024765138129529628
K13n2592,13,11,0.0001760541726586214
K13n2593,13,12,0.0015428425344371807
K13n2594,13,11,0.0035796980077503278
K13n2595,13,11,0.0077797761896060543
K13n2596,13,11,0.002832995378119076
K13n2597,13,11,0.001485830119698589
K13n2598,13,12,0.00058871934645513371
K13n2599,13,11,0.0014905731675039994
K13n26,13,12,0.0021660032922049262
K13n260,13,12,0.0034114595583308325
K13n2600,13,11,0.00079656722933770321
K13n2601,13,11,9.7683508382751078e-05
K13n2602,13,11,0.0030459057180023999
K13n2603,13,11,0.00044868766285941923
K13n2604,13,12,0.0045187676401858227
K13n2605,13,12,0.0010182340206045986
K13n2606,13,11,0.0046500554599564013
K13n2607,13,11,0.0069293524456437395
K13n2608,13,12,0.00067332993124436522
K13n2609,13,12,0.0011363591316010998
K13n261,13,12,0.0055567332363129721
K13n2610,13,12,3.8733530527438227e-05
K13n2611,13,12,0.0042762588908886153
K13n2612,13,11,0.0017473572903449488
K13n2613,13,11,0.004784701337527052
K13n2614,13,11,0.0011865745787455798
K13n2615,13,11,0.010465566884837315
K13n2616,13,11,0.0013602548787359245
K13n2617,13,11,0.0082971581321173212
K13n2618,13,11,0.0040205304570641014
K13n2619,13,11,0.0018273617115002491
K13n262,13,12,0.0021223563268082659
K13n2620,13,11,0.0057833531206187647
K13n2621,13,11,0.004523035319786377
K13n2622,13,11,0.0029410775938405382
K13n2623,13,11,0.0078436295751551643
K13n2624,13,11,0.00081295981061295364
K13n2625,13,12,0.003906252013608804
K13n2626,13,11,0.00049375135029746666
K13n2627,13,11,0.0053693272136055344
K13n2628,13,11,0.0021966727618533393
K13n2629,13,11,0.0056757457251106784
K13n263,13,12,0.0016323072470180119
K13n2630,13,11,0.003110164815924701
K13n2631,13,11,0.00083772178493037204
K13n2632,13,11,0.0018433786405287142
K13n2633,13,11,0.0010011831129039276
K13n2634,13,11,0.00081960733694120549
K13n2635,13,11,0.00010669093458305024
K13n2636,13,11,0.0029870269241458825
K13n2637,13,12,0.00055793544187004421
K13n2638,13,12,0.0046792096857878355
K13n2639,13,11,0.0036724157486486757
K13n264,13,12,0.00074866872058403425
K13n2640,13,12,0.0047359843630348421
K13n2641,13,11,0.0039582527291900822
K13n2642,13,11,0.0004751983792359505
K13n2643,13,12,0.010372156386389896
K13n2644,13,12,0.0024158377028454595
K13n2645,13,12,0.00016779622293284013
K13n2646,13,12,0.0030531750308656689
K13n2647,13,12,0.00086325234824082334
K13n2648,13,11,0.013616510439102128
K13n2649,13,12,0.013830813060862321
K13n265,13,12,0.00074182509420776073
K13n2650,13,11,0.00015865983355582193
K13n2651,13,11,0.0065169312905129411
K13n2652,13,11,9.8896189497808771e-05
K13n2653,13,11,0.00057092546762255744
K13n2654,13,12,0.00079464964072986513
K13n2655,13,11,0.00077931241086794177
K13n2656,13,11,0.00013505337550159721
K13n2657,13,12,0.0016085139044069864
K13n2658,13,12,0.0062048094688859608
K13n2659,13,11,5.7720269843629066e-05
K13n266,13,12,0.00033401951921261487
K13n2660,13,11,0.00080864831721476241
K13n2661,13,10,2.9013420602564406e-05
K13n2662,13,11,0.0050067117115670592
K13n2663,13,11,0.0019634065526406186
K13n2664,13,11,0.0024088565030754958
K13n2665,13,12,0.0020691980709059829
K13n2666,13,11,0.00016094424489423927
K13n2667,13,12,0.005064957424766009
K13n2668,13,12,0.0010242884343983649
K13n2669,13,12,0.00010887883906814191
K13n267,13,12,0.0021915542297344963
K13n2670,13,12,0.0079125581990419289
K13n2671,13,11,0.002280626116036424
K13n2672,13,12,0.0029842591067855144
K13n2673,13,12,0.00051927780091771199
K13n2674,13,12,0.0054814226031607224
K13n2675,13,11,0.00062232885947618966
K13n2676,13,11,0.0045370460919262794
K13n2677,13,12,0.010183239992367064
K13n2678,13,11,0.00026323676165402481
K13n2679,13,11,0.0037418925691003789
K13n268,13,12,0.002304967810913946
K13n2680,13,12,0.001375762480262682
K13n2681,13,11,0.001801459097813227
K13n2682,13,12,0.00056371759736464303
K13n2683,13,11,0.0021286393957753941
K13n2684,13,11,0.0015295615686595659
K13n2685,13,11,0.008257379313972588
K13n2686,13,11,5.5252735336333591e-05
K13n2687,13,12,2.9977640842093568e-05
K13n2688,13,11,0.0012009019603589359
K13n2689,13,12,0.0016233656422183545
K13n269,13,11,0.0015401261826980064
K13n2690,13,12,0.0022062842872982743
K13n2691,13,12,0.00052785133016254311
K13n2692,13,11,0.001184138446408944
K13n2693,13,11,0.00081355709514291396
K13n2694,13,11,0.0042182636324132224
K13n2695,13,11,0.0039808844599092293
K13n2696,13,11,0.0054546541079615067
K13n2697,13,12,0.002989343109345313
K13n2698,13,11,0.0019670546211337839
K13n2699,13,11,0.0078638793139830972
K13n27,13,12,0.0030194133562492665
K13n270,13,12,0.002773553311628184
K13n2700,13,12,0.0022640232740561727
K13n2701,13,12,0.0039692112545653664
K13n2702,13,12,0.0018575815874367955
K13n2703,13,12,0.0016794608585302482
K13n2704,13,11,0.023991627580810755
K13n2705,13,11,0.0011525706220977337
K13n2706,13,11,0.00012994388211020133
K13n2707,13,12,0.0047881669765068822
K13n2708,13,12,0.0018341187984336892
K13n2709,13,11,0.006812564028457849
K13n271,13,12,0.0016608662849732037
K13n2710,13,12,7.0537787491416537e-05
K13n2711,13,12,0.0021399202505913641
K13n2712,13,12,0.0029685810031377475
K13n2713,13,12,0.0045257083032549878
K13n2714,13,12,0.0068457416474694052
K13n2715,13,11,0.0042224559041593931
K13n2716,13,12,0.0094596418568694638
K13n2717,13,11,0.00083261762015516541
K13n2718,13,11,0.00030154038041857489
K13n2719,13,12,0.00046725233937955541
K13n272,13,12,0.0026861645454618528
K13n2720,13,12,0.0013115859150436831
K13n2721,13,12,0.0019937924426340244
K13n2722,13,11,0.0056129626224669165
K13n2723,13,12,0.0020572772097604479
K13n2724,13,12,0.0066570578269121777
K13n2725,13,12,0.0073493815314004639
K13n2726,13,11,0.0007631635988629889
K13n2727,13,11,0.00030992476760819895
K13n2728,13,12,0.0057121961634564239
K13n2729,13,12,0.0040296537008156202
K13n273,13,11,0.0022332575504973883
K13n2730,13,11,0.00081758395420227295
K13n2731,13,11,0.01135467500754277
K13n2732,13,12,0.00084412673694369135
K13n2733,13,11,0.0033294528198955903
K13n2734,13,11,0.0025607005192742637
K13n2735,13,11,0.00052453863803539477
K13n2736,13,11,0.0017337971834335871
K13n2737,13,12,0.010565625825596309
K13n2738,13,12,0.0011529205709924731
K13n2739,13,11,0.0033496643650370891
K13n274,13,12,0.0017111446767989096
K13n2740,13,11,0.0017343662854448882
K13n2741,13,11,0.00081940142207379766
K13n2742,13,11,0.013309217246694647
K13n2743,13,11,0.00054616005972473185
K13n2744,13,12,0.0036014936657061685
K13n2745,13,12,0.0024690960431670498
K13n2746,13,12,0.0018673441899244099
K13n2747,13,11,0.0018992825407850567
K13n2748,13,11,0.00090594209986365247
K13n2749,13,11,0.0031188494569584693
K13n275,13,12,0.0050984948351051711
K13n2750,13,11,0.0075959779868852613
K13n2751,13,11,0.00031403575974173881
K13n2752,13,11,0.0058835016709224992
K13n2753,13,12,0.0020077387316366694
K13n2754,13,12,0.00044156775903682907
K13n2755,13,11,0.0045984213858350793
K13n2756,13,11,0.00019967441670191237
K13n2757,13,12,0.00061858762872888621
K13n2758,13,12,0.008707325465031536
K13n2759,13,11,0.00022247974756359331
K13n276,13,12,0.0021241661530647243
K13n2760,13,12,0.0028700104994608651
K13n2761,13,12,0.0012334929077847019
K13n2762,13,12,0.0052113117361991821
K13n2763,13,12,0.0033505122111141734
K13n2764,13,12,0.00098209352421591814
K13n2765,13,11,0.002828035527766472
K13n2766,13,11,0.0058199384847576639
K13n2767,13,11,0.0044855140980943767
K13n2768,13,11,0.0011000599738249447
K13n2769,13,10,0.00020599285314330088
K13n277,13,12,0.00070270854285907542
K13n2770,13,11,0.00088413330913039169
K13n2771,13,11,0.00022666217173836629
K13n2772,13,11,0.0043777156814422237
K13n2773,13,12,0.00048428428835797593
K13n2774,13,11,0.00060586039289344852
K13n2775,13,11,0.00069746314170639927
K13n2776,13,11,0.0011832663324487702
K13n2777,13,11,0.02006838476749279
K13n2778,13,11,0.002504198501972755
K13n2779,13,11,0.0012696143072084408
K13n278,13,12,0.0013518091760897548
K13n2780,13,12,0.00062672816579512937
K13n2781,13,11,0.00094705015078865018
K13n2782,13,12,0.0075991840117183651
K13n2783,13,11,0.00050109343942572463
K13n2784,13,11,0.0048615620763768717
K13n2785,13,12,0.0059042866218527654
K13n2786,13,11,0.002311152964816618
K13n2787,13,10,0.00074515064341535027
K13n2788,13,12,0.0014047134777652325
K13n2789,13,12,0.00022492541430020352
K13n279,13,12,0.004075875975253958
K13n2790,13,12,0.010293145897904811
K13n2791,13,11,0.00086503000347034383
K13n2792,13,11,0.00062163839568922269
K13n2793,13,11,0.0033482790306286264
K13n2794,13,11,0.0047486943351759915
K13n2795,13,11,0.015243755049849123
K13n2796,13,11,0.003596862241967503
K13n2797,13,11,0.012746899629125921
K13n2798,13,11,0.0019472392879068682
K13n2799,13,11,0.0074146470987595716
K13n28,13,12,0.0015816955764568698
K13n280,13,12,0.00086283324094873104
K13n2800,13,12,0.00090514331964913525
K13n2801,13,11,0.00017485327127665334
K13n2802,13,12,0.002141644154541367
K13n2803,13,12,0.0025717941636669937
K13n2804,13,11,0.0019502779060275172
K13n2805,13,11,0.0064091413173348504
K13n2806,13,11,0.002720745930586738
K13n2807,13,11,0.00078496839632490728
K13n2808,13,12,0.00043140261507320217
K13n2809,13,12,0.015159456417853401
K13n281,13,12,0.0014600516083950303
K13n2810,13,11,0.0017369115999878448
K13n2811,13,11,0.0001634675365739829
K13n2812,13,12,0.0032429311630588122
K13n2813,13,12,0.0015928127127504282
K13n2814,13,11,0.0012145681365653763
K13n2815,13,11,0.00095513486303311118
K13n2816,13,11,0.0020319396467510862
K13n2817,13,12,0.000563102367682514
K13n2818,13,12,0.0038035882691227871
K13n2819,13,12,0.0013824067813050307
K13n282,13,12,0.0029552389052888146
K13n2820,13,11,0.0024550326501847032
K13n2821,13,11,0.0030523991777229608
K13n2822,13,11,0.012260068088970377
K13n2823,13,11,0.00090005499397072621
K13n2824,13,11,0.00050657978586428733
K13n2825,13,11,0.0072552816122911524
K13n2826,13,11,0.0048422757770478142
K13n2827,13,11,0.01010898369001526
K13n2828,13,11,0.0011300182828390566
K13n2829,13,11,0.0007430045319170419
K13n283,13,12,0.00076572171295158625
K13n2830,13,11,0.0020561063935338152
K13n2831,13,12,0.001789336860365234
K13n2832,13,12,0.002666286823012213
K13n2833,13,12,0.00077960732901101492
K13n2834,13,11,6.1726268877347482e-05
K13n2835,13,11,0.00084612504914650683
K13n2836,13,12,0.00082422558813600197
K13n2837,13,11,0.0010733081073355858
K13n2838,13,12,2.2996760596214942e-05
K13n2839,13,11,0.0034949092923948193
K13n284,13,11,2.0609376018201719e-05
K13n2840,13,11,0.0022214186784327034
K13n2841,13,12,0.0013101909597995221
K13n2842,13,12,0.0014236804469618355
K13n2843,13,12,0.010286832291875653
K13n2844,13,12,0.00022338972113598987
K13n2845,13,12,0.0022316346203724064
K13n2846,13,12,0.00047866678376585337
K13n2847,13,11,0.0014173774542828629
K13n2848,13,12,0.007012980379696972
K13n2849,13,11,0.0037517082746185201
K13n285,13,10,0.00027475809815263348
K13n2850,13,11,0.0016581654000228949
K13n2851,13,12,0.0016983822586103716
K13n2852,13,12,0.0032640428011566328
K13n2853,13,12,0.00092041412586929333
K13n2854,13,11,0.0011526544653884807
K13n2855,13,11,0.0047483647639486107
K13n2856,13,12,0.0017278658993764287
K13n2857,13,11,0.0010230562411456252
K13n2858,13,11,0.00082045400302869088
K13n2859,13,12,0.0036304935869781846
K13n286,13,12,0.0084550458245581297
K13n2860,13,12,0.0064809639503845282
K13n2861,13,12,0.0021339204483750759
K13n2862,13,11,0.00017570710451370573
K13n2863,13,12,0.0024164564510331566
K13n2864,13,12,0.00084046565213262122
K13n2865,13,11,3.8754777170326515e-05
K13n2866,13,11,0.00039060620001065831
K13n2867,13,11,0.00058789074345110177
K13n2868,13,10,0.00077513182555399775
K13n2869,13,11,0.0035887825475003632
K13n287,13,12,0.0025928435578732385
K13n2870,13,11,0.00096414627548722866
K13n2871,13,12,0.00087207231136574709
K13n2872,13,10,0.00049527306704474537
K13n2873,13,11,0.0010743907145779807
K13n2874,13,12,0.0010104293789317033
K13n2875,13,12,0.0003143001041903464
K13n2876,13,11,0.00034452305508544164
K13n2877,13,11,0.0066958809409506286
K13n2878,13,11,0.00060529571894762935
K13n2879,13,11,0.0015121778801298225
K13n288,13,10,0.00098221676810798342
K13n2880,13,12,0.0010825225198801863
K13n2881,13,11,0.0010249787099871959
K13n2882,13,11,0.0044957532757751214
K13n2883,13,12,0.0013635420524254597
K13n2884,13,11,0.0014837411959505271
K13n2885,13,11,0.0020808448510641767
K13n2886,13,12,0.00024200979918830639
K13n2887,13,11,0.00066056022597605962
K13n2888,13,12,0.00053904069516596479
K13n2889,13,11,0.014568699123251415
K13n289,13,11,0.0017851691841849018
K13n2890,13,12,3.9420777151054832e-05
K13n2891,13,12,0.0089656211274545313
K13n2892,13,12,0.0016272497551867639
K13n2893,13,12,0.0002690522503238685
K13n2894,13,12,0.00088796901333920133
K13n2895,13,12,0.00074908316931783351
K13n2896,13,11,0.0018625243451126769
K13n2897,13,11,0.0061247524560842656
K13n2898,13,12,0.00076274673966058725
K13n2899,13,11,0.001548713674390673
K13n29,13,11,0.0013501013808454422
K13n290,13,12,0.00024111984744314052
K13n2900,13,11,0.00013322788075018541
K13n2901,13,12,0.0044732501326833415
K13n2902,13,11,0.0066121136206299209
K13n2903,13,12,0.00014127339608901977
K13n2904,13,12,0.00054487928830416435
K13n2905,13,11,0.0045167462809928179
K13n2906,13,12,0.0014367302953786998
K13n2907,13,11,0.0025411978320786397
K13n2908,13,11,0.0026362165460344826
K13n2909,13,12,0.0029172367436456556
K13n291,13,12,0.0044762140334269401
K13n2910,13,12,0.0042928466506091667
K13n2911,13,12,0.00070754825451366308
K13n2912,13,12,0.002563854876962768
K13n2913,13,12,0.0020581296741197714
K13n2914,13,12,0.003192755023262888
K13n2915,13,11,0.0019602928067959089
K13n2916,13,12,0.0023890284692178231
K13n2917,13,12,0.0030327905160183145
K13n2918,13,12,0.0021093642125911377
K13n2919,13,11,0.0002469674949456498
K13n292,13,11,0.0016260664644076276
K13n2920,13,12,0.0019658589717295705
K13n2921,13,12,0.008160384709116647
K13n2922,13,10,0.00016730122867125813
K13n2923,13,11,0.0017746748424052811
K13n2924,13,12,0.0039070302714121
K13n2925,13,12,0.0026361420573292548
K13n2926,13,12,0.00044845589145033185
K13n2927,13,11,0.0041625164947239135
K13n2928,13,11,0.0065918338816604019
K13n2929,13,12,0.00280780995130473
K13n293,13,11,0.0041563008186818349
K13n2930,13,12,0.002568403978877008
K13n2931,13,12,4.1814799916210735e-07
K13n2932,13,12,0.0025919471969736174
K13n2933,13,12,0.0029699056026143795
K13n2934,13,12,0.0012557101483365017
K13n2935,13,12,0.001500270271439735
K13n2936,13,12,0.0011736919307720241
K13n2937,13,12,0.0022049372493399247
K13n2938,13,12,0.00099033515831447433
K13n2939,13,12,5.0337751341021492e-05
K13n294,13,12,0.00053553585672582739
K13n2940,13,11,0.0064531124750746415
K13n2941,13,12,0.0022603529047518058
K13n2942,13,11,0.0099291410639911551
K13n2943,13,12,0.0058821711677862843
K13n2944,13,12,0.00092563544731806232
K13n2945,13,11,0.00010252835048004933
K13n2946,13,12,0.0055710437465502491
K13n2947,13,11,0.0045918567548225214
K13n2948,13,11,0.0076699438053939115
K13n2949,13,12,0.0045423870124506587
K13n295,13,12,0.00057622228320273593
K13n2950,13,12,0.0057538438656162365
K13n2951,13,12,0.001759782297534163
K13n2952,13,11,0.0052084792685344536
K13n2953,13,12,2.8302053699813016e-05
K13n2954,13,12,0.00046624396792061299
K13n2955,13,12,0.00098267628625567523
K13n2956,13,12,0.0055188717164036238
K13n2957,13,11,0.0048831213320937039
K13n2958,13,11,0.00014143593213684151
K13n2959,13,11,0.0029925567210190331
K13n296,13,12,7.4730044327931704e-05
K13n2960,13,11,0.00063623980287318247
K13n2961,13,11,0.0028952541964862087
K13n2962,13,12,0.0021500778422534179
K13n2963,13,11,0.0013706877243186515
K13n2964,13,11,0.004037271418923777
K13n2965,13,12,0.0026655717664200969
K13n2966,13,11,0.00012437059838116916
K13n2967,13,12,0.00254592002563632
K13n2968,13,12,0.0008642550740175296
K13n2969,13,12,0.000370209372362727
K13n297,13,12,0.0015972857532573002
K13n2970,13,11,0.0014913452273074908
K13n2971,13,12,0.0015219849801750731
K13n2972,13,12,0.00015017534770205042
K13n2973,13,12,0.0077725376723576161
K13n2974,13,11,0.0026915813723716307
K13n2975,13,12,0.010167287859703217
K13n2976,13,12,0.00019721816881788478
K13n2977,13,12,0.0003884196762204377
K13n2978,13,12,0.0025250013609589223
K13n2979,13,11,0.0022776782678777577
K13n298,13,12,0.0038364566326779107
K13n2980,13,11,0.0050409247994017648
K13n2981,13,11,0.00058914859326606589
K13n2982,13,11,0.020048535671679271
K13n2983,13,12,0.00094910438792649245
K13n2984,13,11,0.0064256105500284022
K13n2985,13,11,0.0062953249538563339
K13n2986,13,11,0.00451066367408461
K13n2987,13,11,0.00094015757993510228
K13n2988,13,12,0.0015303035747929379
K13n2989,13,11,0.0013122150431903678
K13n299,13,12,0.010582868273787472
K13n2990,13,11,0.0035754042029626574
K13n2991,13,12,0.00031888133058641493
K13n2992,13,12,0.0036881110206769406
K13n2993,13,11,0.0077522882742998636
K13n2994,13,11,0.0068399772472935091
K13n2995,13,11,0.0031472029737565385
K13n2996,13,11,0.0014543384140927014
K13n2997,13,11,0.00029335943722417303
K13n2998,13,11,0.0010473146577752118
K13n2999,13,11,0.0046260447351353876
K13n3,13,12,0.00041067310610237712
K13n30,13,12,0.0034577630568561604
K13n300,13,12,0.0081512310116999363
K13n3000,13,12,0.00037351291299126825
K13n3001,13,12,6.1424092359562137e-05
K13n3002,13,11,0.010750804871316185
K13n3003,13,12,0.0024511007971574745
K13n3004,13,12,0.0010123395140198093
K13n3005,13,12,0.0005832717931864576
K13n3006,13,12,0.0049449359162952429
K13n3007,13,11,0.0015977813285183318
K13n3008,13,11,0.0032518816522527096
K13n3009,13,11,0.0027311939911441154
K13n301,13,12,0.00057333241314060112
K13n3010,13,12,0.0014033543838100255
K13n3011,13,11,0.0031249827667814631
K13n3012,13,12,0.013432914558565497
K13n3013,13,11,0.0069295325019062427
K13n3014,13,11,0.0016367639333795989
K13n3015,13,12,0.0052739987329205188
K13n3016,13,12,0.0061864085024192104
K13n3017,13,11,0.003455493953074238
K13n3018,13,12,0.002329569663440818
K13n3019,13,11,0.00039684240927538475
K13n302,13,12,0.00053859785023733738
K13n3020,13,12,0.0021531209126742362
K13n3021,13,11,0.0033569348614052325
K13n3022,13,11,0.00083206883152569405
K13n3023,13,10,0.0025536787072185266
K13n3024,13,11,0.0019752764129991342
K13n3025,13,11,0.00044872103793078255
K13n3026,13,12,0.00023613344113040919
K13n3027,13,11,0.00038123592070914277
K13n3028,13,11,0.0044482588830740757
K13n3029,13,11,0.0087725391982178963
K13n303,13,12,0.001267316592988547
K13n3030,13,12,0.0080032157180641404
K13n3031,13,12,0.0032565365460611459
K13n3032,13,12,0.0068985955504112621
K13n3033,13,11,0.0011017674861115638
K13n3034,13,11,0.0016245038086432787
K13n3035,13,12,0.0017866175417192321
K13n3036,13,12,0.0011967047014665071
K13n3037,13,11,0.0015319534928470893
K13n3038,13,11,0.00041731764891780735
K13n3039,13,12,0.00024690684902785916
K13n304,13,12,0.00094471904828284528
K13n3040,13,10,0.0059051719081482769
K13n3041,13,11,0.0077720236577076456
K13n3042,13,11,0.0027292267740870106
K13n3043,13,11,0.0034306160563572414
K13n3044,13,11,0.0011020295339721248
K13n3045,13,11,0.0051719289628153111
K13n3046,13,12,0.00012675079096978695
K13n3047,13,11,0.00146499624570015
K13n3048,13,11,0.00085468914836753522
K13n3049,13,12,0.0036047415274169758
K13n305,13,12,0.0041325328613466663
K13n3050,13,11,0.0012812989642041076
K13n3051,13,12,5.1246978408531979e-05
K13n3052,13,11,0.0018617393694740309
K13n3053,13,11,0.002725631575638765
K13n3054,13,11,0.0039776759320168222
K13n3055,13,11,0.0011060507510525853
K13n3056,13,12,0.0019265632006640447
K13n3057,13,12,0.00060050532558953557
K13n3058,13,11,0.00049680033703987055
K13n3059,13,11,0.0022654784063104528
K13n306,13,12,0.0025177002880154451
K13n3060,13,12,0.0062800636696304134
K13n3061,13,12,0.0057513230962071248
K13n3062,13,12,0.0010153084287780826
K13n3063,13,11,0.0012679921062616803
K13n3064,13,11,0.00026951538245078768
K13n3065,13,12,0.0012519437601159695
K13n3066,13,12,0.0035027689769912018
K13n3067,13,12,0.0081192079986088829
K13n3068,13,12,0.0024798419713799465
K13n3069,13,11,0.0015137746840776787
K13n307,13,10,0.0019318559913313279
K13n3070,13,11,0.00044156713327136467
K13n3071,13,11,0.0028555482319451873
K13n3072,13,12,0.00032986238384762002
K13n3073,13,11,0.0015861048394501043
K13n3074,13,11,0.00049531538182369589
K13n3075,13,11,0.003866921137300272
K13n3076,13,12,0.00084982273373799763
K13n3077,13,11,0.0023162626578959837
K13n3078,13,11,0.0026380520219628336
K13n3079,13,12,0.009010914946188886
K13n308,13,12,0.0033651990933335338
K13n3080,13,12,0.0011135288342487505
K13n3081,13,11,3.5771543256331156e-05
K13n3082,13,10,9.0206333286959957e-05
K13n3083,13,11,0.0020814337744005464
K13n3084,13,11,0.0024398714808038192
K13n3085,13,11,0.0055593116484756325
K13n3086,13,12,0.002670686090068341
K13n3087,13,12,0.004850166926198325
K13n3088,13,12,0.0024460898544811267
K13n3089,13,11,0.00032778359805234116
K13n309,13,12,0.0066311832326843836
K13n3090,13,12,0.00020376837890809013
K13n3091,13,11,0.0020472944737367281
K13n3092,13,12,0.0012057699210059104
K13n3093,13,12,0.00064051683695058538
K13n3094,13,10,0.00056855837668561796
K13n3095,13,11,0.0029869687652782904
K13n3096,13,11,0.0024368235978804516
K13n3097,13,12,6.4844588750314307e-05
K13n3098,13,11,1.8769269585080411e-05
K13n3099,13,11,0.01246221472150412
K13n31,13,12,0.00078504413355423759
K13n310,13,12,0.00027369659601461676
K13n3100,13,12,0.00030484933988247052
K13n3101,13,11,0.0065961060895311577
K13n3102,13,12,0.0011777119155824147
K13n3103,13,12,0.0019567618382136413
K13n3104,13,12,0.00039015318936360869
K13n3105,13,12,0.0077528042026426894
K13n3106,13,11,0.0063886395900962173
K13n3107,13,11,6.4290796754687342e-05
K13n3108,13,11,0.0027850334491235891
K13n3109,13,11,0.00043080897664787485
K13n311,13,12,0.00075589813275515774
K13n3110,13,12,0.0035877317880309437
K13n3111,13,11,0.01306989259403926
K13n3112,13,12,7.8092949488995522e-05
K13n3113,13,11,0.00059430725029968915
K13n3114,13,11,0.00017949571674560905
K13n3115,13,11,0.0012573974150161588
K13n3116,13,12,0.0010865825977068159
K13n3117,13,12,0.00071472284997531907
K13n3118,13,12,0.0079264183761563398
K13n3119,13,11,0.0004756740721624739
K13n312,13,12,0.0016203934167376651
K13n3120,13,11,0.0032730423306060919
K13n3121,13,12,0.0022352734755804152
K13n3122,13,11,0.0039145941591032006
K13n3123,13,12,0.0074871334701729101
K13n3124,13,12,0.0017992376228129717
K13n3125,13,11,0.0015061834107590237
K13n3126,13,11,0.00049728578599163146
K13n3127,13,12,0.0030201445212970791
K13n3128,13,11,0.0034131138413421034
K13n3129,13,12,0.0011371020204985383
K13n313,13,12,0.0011661622345555847
K13n3130,13,11,0.00031922737576455819
K13n3131,13,11,0.0024642225043008895
K13n3132,13,12,0.00089030651974997038
K13n3133,13,12,0.008561140106771923
K13n3134,13,11,0.0032248462103200686
K13n3135,13,12,0.00028345932901612078
K13n3136,13,12,0.0020946338461745183
K13n3137,13,11,0.001602621412806359
K13n3138,13,12,0.0016435991726387056
K13n3139,13,11,0.006219675737724843
K13n314,13,12,0.0032783095760502219
K13n3140,13,11,0.00049904436489969708
K13n3141,13,11,0.002377317340874702
K13n3142,13,11,0.00034053695912908291
K13n3143,13,11,0.0020677590543119683
K13n3144,13,11,0.00024380321449963635
K13n3145,13,11,0.0063172187111568447
K13n3146,13,11,0.00034137002528695804
K13n3147,13,11,0.00019151895361308572
K13n3148,13,12,0.00049803547515381199
K13n3149,13,11,0.0031228307469285776
K13n315,13,12,0.0022936025230124437
K13n3150,13,11,0.007112524594978545
K13n3151,13,11,0.011102089938940369
K13n3152,13,12,0.0042022511598538582
K13n3153,13,11,0.00089387717143339781
K13n3154,13,12,0.0014184713186957587
K13n3155,13,11,0.0049308831817232654
K13n3156,13,11,0.0015972613495040015
K13n3157,13,11,0.010045883137820618
K13n3158,13,10,0.00087549077791155541
K13n3159,13,11,0.0060290015339990021
K13n316,13,12,0.00051170633889030797
K13n3160,13,11,0.0021248389297677116
K13n3161,13,12,0.005350036124986704
K13n3162,13,12,0.0004177706631256414
K13n3163,13,11,0.0068505560037140593
K13n3164,13,10,0.010334627680103401
K13n3165,13,11,0.0170649451371911
K13n3166,13,12,0.00099089281360441122
K13n3167,13,11,0.00026482512540603657
K13n3168,13,12,0.00095207290974523096
K13n3169,13,12,0.00017915410913870157
K13n317,13,11,0.00094036779490671457
K13n3170,13,12,0.0072461095105098511
K13n3171,13,12,0.0011222574443566747
K13n3172,13,11,0.0046335143021955585
K13n3173,13,12,0.0014042263231560867
K13n3174,13,12,0.00053349808575253244
K13n3175,13,12,0.0094456045224535733
K13n3176,13,11,0.0045554621956263881
K13n3177,13,11,0.0047431917699870905
K13n3178,13,11,0.00050469549975339003
K13n3179,13,12,0.0015207648237886412
K13n318,13,12,0.0011631011843384871
K13n3180,13,11,0.0044442754575362937
K13n3181,13,12,0.0017170847521609117
K13n3182,13,11,0.0038415826464623273
K13n3183,13,11,0.0039393950255232598
K13n3184,13,11,0.0031266545437616871
K13n3185,13,11,6.4998555466794648e-05
K13n3186,13,12,0.0049688778080863322
K13n3187,13,11,0.0052961381008572667
K13n3188,13,11,0.00054373889996386449
K13n3189,13,11,0.0023357466426274036
K13n319,13,12,0.0025449228391901213
K13n3190,13,11,0.0045495228886948827
K13n3191,13,11,3.9941337162583649e-05
K13n3192,13,11,0.0018527424271590105
K13n3193,13,11,5.3709304939902604e-05
K13n3194,13,11,0.00030171946394342962
K13n3195,13,12,9.7644926135592779e-05
K13n3196,13,12,0.0033315672411367548
K13n3197,13,12,0.0029212881520222214
K13n3198,13,11,0.0011195042879790687
K13n3199,13,12,0.0024005579780202253
K13n32,13,12,0.0017900472970673186
K13n320,13,12,0.00018477182548320032
K13n3200,13,12,0.00038030128335322932
K13n3201,13,11,0.003958714618748211
K13n3202,13,12,0.00042961285586554896
K13n3203,13,12,0.00099138763362602864
K13n3204,13,11,0.0052399082502365872
K13n3205,13,11,0.00010380642231473254
K13n3206,13,11,0.0036714091371573957
K13n3207,13,10,0.0028031078241706406
K13n3208,13,11,0.0019646571181312325
K13n3209,13,12,0.0028788526755733762
K13n321,13,12,0.006946050030118456
K13n3210,13,12,0.00022778834899128605
K13n3211,13,11,0.0011438534504017188
K13n3212,13,11,0.0028789357676422835
K13n3213,13,11,1.5389395251387624e-05
K13n3214,13,12,0.00031140927033915456
K13n3215,13,12,0.0037633873764590263
K13n3216,13,12,0.0017529888159118869
K13n3217,13,11,0.00841040424414485
K13n3218,13,11,0.00073890111288795954
K13n3219,13,12,0.0055579955312670239
K13n322,13,12,0.0054429282086659331
K13n3220,13,11,0.0010641558802576064
K13n3221,13,11,0.00031323965887269657
K13n3222,13,12,0.0033308830668362208
K13n3223,13,12,0.00034785638243226859
K13n3224,13,12,0.00065932223824895393
K13n3225,13,12,0.0043032630372495731
K13n3226,13,11,0.00043285652282209954
K13n3227,13,11,0.00084422585587971117
K13n3228,13,11,0.0015379320364001601
K13n3229,13,12,0.0022876237002832354
K13n323,13,12,0.0032263045215429184
K13n3230,13,12,0.00047544340585611345
K13n3231,13,12,0.000267211734426226
K13n3232,13,11,2.1502867781363286e-05
K13n3233,13,12,0.0017485307191899284
K13n3234,13,11,0.0012410184760771516
K13n3235,13,11,0.0030742440131830196
K13n3236,13,12,0.00080729941690862181
K13n3237,13,12,0.0035187926889969638
K13n3238,13,11,0.00086110397875406813
K13n3239,13,12,0.00033145569897008134
K13n324,13,12,0.0013508045342961611
K13n3240,13,11,0.0006378205288715467
K13n3241,13,10,0.0024778505910054691
K13n3242,13,11,0.0028201472082458744
K13n3243,13,11,0.0051706127168733278
K13n3244,13,12,0.00143145247948014
K13n3245,13,11,0.0046292691715388431
K13n3246,13,11,0.0035966448911704794
K13n3247,13,12,0.00043297410493583973
K13n3248,13,11,0.0054910108798160969
K13n3249,13,11,0.0023859885606775898
K13n325,13,12,0.0023177354227262412
K13n3250,13,11,9.1747289216162576e-05
K13n3251,13,12,0.0026209247934107596
K13n3252,13,10,0.00077930577941294889
K13n3253,13,12,0.0010512936578734619
K13n3254,13,11,0.00022351309041620927
K13n3255,13,11,0.018616595714336458
K13n3256,13,11,0.0030747784195472678
K13n3257,13,11,0.0080119497689498335
K13n3258,13,10,0.00053898550666656663
K13n3259,13,10,0.0065336695897541689
K13n326,13,11,0.013074539485513062
K13n3260,13,11,0.0070753901604453219
K13n3261,13,12,0.00021354894065181976
K13n3262,13,12,0.0030914568169329074
K13n3263,13,11,0.0026507255607380602
K13n3264,13,12,0.003265256869043197
K13n3265,13,11,0.0012487646945651062
K13n3266,13,12,0.0022649809261950865
K13n3267,13,12,0.0015992041839697829
K13n3268,13,12,0.0043930161871736312
K13n3269,13,11,0.0020756391599208589
K13n327,13,11,0.0023019024769641884
K13n3270,13,12,0.00094211894312361093
K13n3271,13,11,0.00021822029532485903
K13n3272,13,12,0.010617447467140655
K13n3273,13,12,0.0040411596654020242
K13n3274,13,12,0.00041894916219000346
K13n3275,13,12,0.0031808089787594791
K13n3276,13,11,0.0018920620917052436
K13n3277,13,12,0.0012780856817026262
K13n3278,13,12,0.0019205731066502809
K13n3279,13,11,0.00072934214470529409
K13n328,13,11,0.0035148629647001857
K13n3280,13,12,0.0068990915111977911
K13n3281,13,12,0.00012384325664539767
K13n3282,13,11,0.0025196982033010521
K13n3283,13,11,0.00056480449782804736
K13n3284,13,11,3.0617650815498039e-05
K13n3285,13,12,0.0016361886987152443
K13n3286,13,12,0.001295429671837904
K13n3287,13,12,0.0045171426768023321
K13n3288,13,11,0.001605647475574097
K13n3289,13,11,0.0027141185500313011
K13n329,13,11,0.0039277515815916127
K13n3290,13,11,0.0010622797833857304
K13n3291,13,11,0.005144268823403862
K13n3292,13,11,0.00034770535259707211
K13n3293,13,11,0.00091276956824066515
K13n3294,13,11,2.5382530005431814e-05
K13n3295,13,12,0.0013736935245237723
K13n3296,13,11,0.0026097063949889255
K13n3297,13,11,0.0025808086931692429
K13n3298,13,11,0.0048815558523556653
K13n3299,13,11,0.0038381434018901458
K13n33,13,12,0.0037923438439368758
K13n330,13,12,0.0022723949888192618
K13n3300,13,12,0.001253138541925728
K13n3301,13,11,0.008361425989575743
K13n3302,13,11,0.0039210518290579447
K13n3303,13,10,0.00013294764773575074
K13n3304,13,11,0.0068753771278445147
K13n3305,13,11,0.0011452172547550374
K13n3306,13,11,0.0015014176422422181
K13n3307,13,12,0.0034152596484917789
K13n3308,13,12,0.010470658623290741
K13n3309,13,11,6.942163562404107e-05
K13n331,13,12,0.0051123305057032518
K13n3310,13,11,0.00057788186027539848
K13n3311,13,11,0.0014849455115247461
K13n3312,13,12,0.0045207820343523119
K13n3313,13,11,0.0042645654611366442
K13n3314,13,12,0.001242553420099234
K13n3315,13,12,0.0020915656896169236
K13n3316,13,12,0.00058880150118105446
K13n3317,13,12,0.0038761911514513282
K13n3318,13,12,0.0004490773720403731
K13n3319,13,11,0.0031231482158127024
K13n332,13,13,0.0016274951280079353
K13n3320,13,12,0.0022028180553556524
K13n3321,13,12,0.0043214285099887643
K13n3322,13,11,0.0016738675206132622
K13n3323,13,11,0.0072520193269647506
K13n3324,13,11,0.0050482967157423776
K13n3325,13,12,0.00072690885114055708
K13n3326,13,12,0.0010055036918284975
K13n3327,13,11,0.0012823056812868517
K13n3328,13,11,0.0084543426425534515
K13n3329,13,12,0.012240133552618545
K13n333,13,12,0.0012619645582874902
K13n3330,13,12,0.00036096640228072799
K13n3331,13,11,0.0012435657836287243
K13n3332,13,11,0.002014335092742587
K13n3333,13,11,0.0015561513483848914
K13n3334,13,11,0.0040560502729484939
K13n3335,13,12,0.0035835856684067404
K13n3336,13,11,0.0033319359283837924
K13n3337,13,12,0.00095514305505314519
K13n3338,13,11,0.001575106259404124
K13n3339,13,12,0.0030177590986011638
K13n334,13,12,0.0084731381744093566
K13n3340,13,11,0.0024504274283085304
K13n3341,13,11,0.00079733368506633353
K13n3342,13,12,0.00062702610429019804
K13n3343,13,11,0.002822960288696465
K13n3344,13,11,0.0033157847281087018
K13n3345,13,11,0.0010263532950734176
K13n3346,13,11,0.0040960223404804133
K13n3347,13,11,0.0072362443073217039
K13n3348,13,12,0.0029245425577688051
K13n3349,13,12,0.0017785041486933163
K13n335,13,12,0.0027243800963750973
K13n3350,13,12,0.0015805576673931969
K13n3351,13,11,0.0021770303894625858
K13n3352,13,11,0.0039015237179915656
K13n3353,13,11,0.00088651736629552567
K13n3354,13,11,0.0021381143505678174
K13n3355,13,11,0.0068576558830545252
K13n3356,13,11,0.00043966122408576621
K13n3357,13,12,0.0020384213432901549
K13n3358,13,11,0.0019318813420569549
K13n3359,13,11,0.0043488101085298915
K13n336,13,12,0.001751990510300478
K13n3360,13,12,0.0023320674539880873
K13n3361,13,11,0.001221111855541201
K13n3362,13,11,0.00015780652213285196
K13n3363,13,11,0.0042978141119303691
K13n3364,13,11,0.0012164176503095369
K13n3365,13,12,0.002118300039062636
K13n3366,13,11,0.0049822127173591068
K13n3367,13,11,0.00054473318283659422
K13n3368,13,12,0.00068172594022174486
K13n3369,13,12,0.0016547784587169797
K13n337,13,12,0.0038537969686368322
K13n3370,13,11,0.00014802298676944354
K13n3371,13,12,0.0024404402129959719
K13n3372,13,11,0.00012269560147905545
K13n3373,13,11,0.0032432080742782646
K13n3374,13,11,0.0040889424365919405
K13n3375,13,11,0.0002293497981445021
K13n3376,13,12,0.00039885207955396107
K13n3377,13,11,0.0019080569472079776
K13n3378,13,11,0.0065021479906571698
K13n3379,13,11,0.002771239206571797
K13n338,13,12,6.0883678305758268e-05
K13n3380,13,11,0.0018336220428897061
K13n3381,13,11,0.00031371920274838097
K13n3382,13,10,0.00063799529571643119
K13n3383,13,12,0.0061020940540519883
K13n3384,13,12,0.0035537778913991222
K13n3385,13,10,0.0036023018471195364
K13n3386,13,12,0.0013439131973810422
K13n3387,13,11,0.0018354402757164937
K13n3388,13,11,0.0013073182416075625
K13n3389,13,11,0.0023299641510854206
K13n339,13,12,0.0011737470996623723
K13n3390,13,12,0.00011283793355778073
K13n3391,13,11,0.00064931008485495385
K13n3392,13,10,0.001418117278708334
K13n3393,13,10,0.0057826568231127114
K13n3394,13,11,0.0026819827369958362
K13n3395,13,11,0.00087196757916284135
K13n3396,13,11,0.014235115452289145
K13n3397,13,12,0.0051614032379926943
K13n3398,13,11,0.0047591513972995297
K13n3399,13,12,0.0012948336443756596
K13n34,13,11,0.00061036817430982582
K13n340,13,12,0.00012668203997853687
K13n3400,13,11,0.0021184890678298705
K13n3401,13,11,0.00055620349223105129
K13n3402,13,12,0.0027590944924533061
K13n3403,13,11,0.014598532825497477
K13n3404,13,11,0.0030532774214534308
K13n3405,13,11,0.0058358656846116677
K13n3406,13,12,0.00019060086241519506
K13n3407,13,11,0.0033053742441503994
K13n3408,13,11,0.00017294480702239112
K13n3409,13,12,0.0011470041434229554
K13n341,13,11,0.0081757289359150921
K13n3410,13,12,0.0016268486357384621
K13n3411,13,11,0.0020985821583193376
K13n3412,13,11,0.00068284167985873344
K13n3413,13,11,0.0080489522138939597
K13n3414,13,11,0.00067830843471764618
K13n3415,13,11,0.00066211028578991651
K13n3416,13,11,0.0024221015571965058
K13n3417,13,12,0.00054291010342227765
K13n3418,13,12,9.5799897546463959e-05
K13n3419,13,11,0.0014424776595152455
K13n342,13,11,0.0015258558211419017
K13n3420,13,12,0.0002649519383101109
K13n3421,13,12,0.0012751178866039978
K13n3422,13,11,0.0037489466697614806
K13n3423,13,11,0.0029926103524373256
K13n3424,13,12,0.0034078373155077991
K13n3425,13,12,0.00026332283535396278
K13n3426,13,12,0.00099808432616266783
K13n3427,13,11,0.0039192072676909199
K13n3428,13,12,0.0035029496701370847
K13n3429,13,12,0.001392230804142282
K13n343,13,11,0.0075194296938148894
K13n3430,13,11,0.0031838811454832612
K13n3431,13,11,0.00024473733149688129
K13n3432,13,11,0.0070568089516349517
K13n3433,13,12,0.0017620873590884474
K13n3434,13,11,0.00049999605133396307
K13n3435,13,11,0.0037139935024736682
K13n3436,13,12,0.0040984407610601932
K13n3437,13,12,0.0012415467995497292
K13n3438,13,12,0.0026759050942479815
K13n3439,13,12,0.0033369814768821702
K13n344,13,12,0.0027567783592444329
K13n3440,13,12,0.003329122808287789
K13n3441,13,11,0.0014025910190215362
K13n3442,13,11,0.00054235431914021999
K13n3443,13,11,0.00034372742897711349
K13n3444,13,12,7.4895325421940717e-05
K13n3445,13,12,0.00090530397609888899
K13n3446,13,12,0.00054957916487190597
K13n3447,13,12,1.3952512924826518e-05
K13n3448,13,11,0.0040583517451686386
K13n3449,13,12,0.001600472986582929
K13n345,13,12,0.0052568261142093122
K13n3450,13,12,0.00024318473137182743
K13n3451,13,12,0.00050190504899350671
K13n3452,13,12,0.0010491101061595029
K13n3453,13,11,0.00035147033025228558
K13n3454,13,12,0.0061025425412437597
K13n3455,13,11,0.0017976379919638075
K13n3456,13,11,0.0025412525328590558
K13n3457,13,12,0.0035519372262265169
K13n3458,13,12,0.00035904446644330801
K13n3459,13,11,0.013470332029410739
K13n346,13,12,0.00092404114927609519
K13n3460,13,12,0.0027379017949902395
K13n3461,13,12,0.001240021810277278
K13n3462,13,11,0.0032842445587605226
K13n3463,13,12,0.0029360095938710355
K13n3464,13,11,0.00076280023854138717
K13n3465,13,12,0.00067067581405944141
K13n3466,13,12,0.0025460879113126272
K13n3467,13,12,0.00052009767172223661
K13n3468,13,12,0.0057054099949992677
K13n3469,13,12,0.0022738469368947896
K13n347,13,12,0.0023827169444035441
K13n3470,13,12,0.00071517569021305562
K13n3471,13,11,0.0062256927858542208
K13n3472,13,11,0.006386132796840748
K13n3473,13,11,0.0031911209729628865
K13n3474,13,11,0.00039515659856143471
K13n3475,13,11,0.0036742881994760021
K13n3476,13,11,0.00035305886652027508
K13n3477,13,11,0.0047927228608395465
K13n3478,13,11,0.0023859375374465654
K13n3479,13,11,0.00039857943279875412
K13n348,13,11,0.00042576333126236428
K13n3480,13,11,0.0077031267273447749
K13n3481,13,11,0.00017386990043664102
K13n3482,13,11,0.00059220230425358295
K13n3483,13,12,0.0012643187244020383
K13n3484,13,11,0.0011058861140707927
K13n3485,13,11,0.00018025682873179809
K13n3486,13,12,0.0012232020535888504
K13n3487,13,11,0.0038530874865302356
K13n3488,13,12,0.00061382620697575266
K13n3489,13,12,0.0092777406114924691
K13n349,13,11,0.0002366322298087219
K13n3490,13,12,0.0010817677857650049
K13n3491,13,11,0.0056854328727718841
K13n3492,13,12,0.0030107998632654203
K13n3493,13,12,0.0040029429320640507
K13n3494,13,12,0.0027790719126416698
K13n3495,13,12,0.00086367382446953347
K13n3496,13,11,0.0013540344140319477
K13n3497,13,11,0.00068249531930194532
K13n3498,13,12,0.013460472890976589
K13n3499,13,12,0.0017346375102169787
K13n35,13,12,0.0057583841355710111
K13n350,13,11,0.0045468229289303093
K13n3500,13,12,0.0036392639780896381
K13n3501,13,12,0.014367404031403899
K13n3502,13,12,0.0034312240558776208
K13n3503,13,12,0.0022715626857164892
K13n3504,13,12,0.0072022296559517193
K13n3505,13,12,0.00032406685985388522
K13n3506,13,11,0.0051807674542971452
K13n3507,13,11,0.0049567601593136536
K13n3508,13,11,0.005969902663514502
K13n3509,13,12,0.00055929035735477494
K13n351,13,12,0.0049851012346892026
K13n3510,13,12,0.006464163259384521
K13n3511,13,11,0.0031257482998920112
K13n3512,13,11,0.0022754054272037484
K13n3513,13,12,7.5170004982897057e-05
K13n3514,13,12,0.0011893439231442566
K13n3515,13,12,0.00014621294643636106
K13n3516,13,11,0.00010386395556655923
K13n3517,13,11,0.00060344291825922944
K13n3518,13,12,0.00047781414221916121
K13n3519,13,11,0.0057533394770373182
K13n352,13,12,0.0013072278263449627
K13n3520,13,12,0.001259877427018282
K13n3521,13,12,0.00098022772704102934
K13n3522,13,12,0.017271730850977687
K13n3523,13,11,0.0045473731005504017
K13n3524,13,11,0.00080714029083557603
K13n3525,13,12,0.0024314739859816574
K13n3526,13,12,0.00075604263610739284
K13n3527,13,11,0.0010594314496123393
K13n3528,13,12,0.0031183221892376652
K13n3529,13,11,0.00063309630749930899
K13n353,13,12,0.0022244130430937969
K13n3530,13,11,0.00085646716290495642
K13n3531,13,11,0.0018998447036237156
K13n3532,13,12,0.00091171040214463089
K13n3533,13,12,0.0012040809880391819
K13n3534,13,11,5.7347079075506659e-05
K13n3535,13,12,0.00089518181393719585
K13n3536,13,11,0.00097900051602534772
K13n3537,13,11,0.010718294895308721
K13n3538,13,11,0.0011670971333393016
K13n3539,13,11,0.0069941359685942207
K13n354,13,12,0.0012177309961074246
K13n3540,13,11,0.0045155661664515014
K13n3541,13,11,0.0018996660194241144
K13n3542,13,11,0.003021174417698007
K13n3543,13,11,0.0089675316870093495
K13n3544,13,11,0.0026969565033791096
K13n3545,13,11,0.0020358313413020059
K13n3546,13,12,0.0033741284546644065
K13n3547,13,11,0.0042113919930436994
K13n3548,13,11,0.0035974854112289277
K13n3549,13,11,0.0060113901304125793
K13n355,13,11,0.0017706963662484974
K13n3550,13,12,0.0035304847648961273
K13n3551,13,11,0.0009363607611024557
K13n3552,13,12,0.0033912057062055363
K13n3553,13,12,0.003086314793020125
K13n3554,13,12,0.010301186433643094
K13n3555,13,11,9.6373273564889485e-05
K13n3556,13,11,0.0036420456862564705
K13n3557,13,11,0.001257082245203189
K13n3558,13,11,0.00020025533249406346
K13n3559,13,11,0.001827183644856157
K13n356,13,11,0.00072596896509355402
K13n3560,13,11,0.0081834389121185815
K13n3561,13,12,0.00027865785197753759
K13n3562,13,12,0.0032915385839796456
K13n3563,13,11,0.0036287748984014743
K13n3564,13,11,0.0052388001986951021
K13n3565,13,12,0.00072928618889496087
K13n3566,13,12,0.0030298796772809137
K13n3567,13,11,0.00030961681710630734
K13n3568,13,11,0.0010710140692846034
K13n3569,13,12,0.0054214619351925916
K13n357,13,11,0.0012483323179982998
K13n3570,13,11,0.00093832176433359803
K13n3571,13,11,0.0023715839314770136
K13n3572,13,11,0.0065949364356741149
K13n3573,13,11,0.003520189790408107
K13n3574,13,11,0.0017163486086032304
K13n3575,13,11,0.00047585882904744686
K13n3576,13,12,0.0044101056860539846
K13n3577,13,11,0.00052587300320910957
K13n3578,13,11,0.001816766738603186
K13n3579,13,11,0.013479177071392493
K13n358,13,12,0.0039911310404749656
K13n3580,13,11,0.00056275963132247045
K13n3581,13,11,0.00033137447848284433
K13n3582,13,10,0.001934396278945618
K13n3583,13,11,0.0018926410567297594
K13n3584,13,11,0.0042481591367791154
K13n3585,13,12,0.00098548022412921188
K13n3586,13,11,0.0036217168569696585
K13n3587,13,10,0.00023122476127937906
K13n3588,13,11,0.00058789403700351358
K13n3589,13,11,0.0015666275358112445
K13n359,13,12,0.0031334306020025897
K13n3590,13,11,0.00021758633823998797
K13n3591,13,11,0.00035235344498082125
K13n3592,13,11,0.00063614496630045409
K13n3593,13,12,0.00027098710427801221
K13n3594,13,11,0.0025692433584465521
K13n3595,13,12,0.0040765403648256584
K13n3596,13,11,2.2733605503066006e-05
K13n3597,13,11,0.0011123278337465019
K13n3598,13,11,0.0026493457232403795
K13n3599,13,11,8.5227026397002059e-05
K13n36,13,12,8.6364345545472012e-05
K13n360,13,12,2.5932949094401833e-05
K13n3600,13,11,0.008157894210336648
K13n3601,13,11,0.0001882297154304673
K13n3602,13,11,0.0018106553529129246
K13n3603,13,11,0.0063035172406917528
K13n3604,13,11,0.00090244843959573766
K13n3605,13,11,9.9697645131033153e-05
K13n3606,13,12,0.00073352577700200392
K13n3607,13,11,0.00022961997464092802
K13n3608,13,12,0.0070788140768773692
K13n3609,13,12,0.0063597282155546143
K13n361,13,12,0.0018040911458788739
K13n3610,13,12,0.0064796866584332785
K13n3611,13,10,0.0025662028710455851
K13n3612,13,12,6.576153855284114e-05
K13n3613,13,12,0.0032893419311893755
K13n3614,13,12,0.00032357294730389375
K13n3615,13,11,0.00012982706264140677
K13n3616,13,12,0.002366293905939741
K13n3617,13,11,0.0059540484514984801
K13n3618,13,11,0.0025990961295016108
K13n3619,13,11,0.00015499501117437545
K13n362,13,12,0.0011761348555087169
K13n3620,13,11,0.0011187009604294695
K13n3621,13,11,0.00071157220666905215
K13n3622,13,11,0.00079893335521642489
K13n3623,13,11,0.01795391397040582
K13n3624,13,11,7.6148494923592374e-05
K13n3625,13,11,0.00015311960190312566
K13n3626,13,11,0.0047748770536650761
K13n3627,13,11,0.0068534335821239791
K13n3628,13,11,0.0044472440247812625
K13n3629,13,11,0.00054036974580245003
K13n363,13,12,0.0003368566968564043
K13n3630,13,11,0.0073851048012903292
K13n3631,13,11,0.00039863779370355326
K13n3632,13,12,0.0175357239651944
K13n3633,13,12,0.0064965747682821018
K13n3634,13,11,0.0012263286525818796
K13n3635,13,12,0.0028473401129725756
K13n3636,13,11,0.0021159244257485141
K13n3637,13,12,0.0019378764861874107
K13n3638,13,12,0.0031481097316484945
K13n3639,13,11,0.00087975139038982584
K13n364,13,12,0.00053557354935615943
K13n3640,13,12,0.0014139150427608432
K13n3641,13,12,0.0022052459806857685
K13n3642,13,12,0.0011170107753434265
K13n3643,13,12,0.002777149862675873
K13n3644,13,11,0.0024464500355295682
K13n3645,13,12,0.00037144793148860593
K13n3646,13,12,0.0031628084879730817
K13n3647,13,12,0.0044334410788077544
K13n3648,13,12,0.0058121446569932402
K13n3649,13,12,0.0079397141959704886
K13n365,13,12,0.00016569107257805932
K13n3650,13,12,0.00080495709232455764
K13n3651,13,12,0.00047007551321992785
K13n3652,13,12,0.0036047242130962495
K13n3653,13,12,0.0019813859368489877
K13n3654,13,12,0.00021504143385916332
K13n3655,13,12,0.00082669235664244536
K13n3656,13,12,0.00032603739676355804
K13n3657,13,12,0.0017756102549443238
K13n3658,13,12,0.00013425550817840255
K13n3659,13,12,0.00034381937110013736
K13n366,13,12,2.9982723025058301e-05
K13n3660,13,11,0.0037597938345670262
K13n3661,13,11,0.001024347958403272
K13n3662,13,11,0.0042229054437919033
K13n3663,13,12,4.2338338173127495e-05
K13n3664,13,12,0.0068109781982436069
K13n3665,13,11,0.0038339765854540531
K13n3666,13,12,0.00013689590149504276
K13n3667,13,11,0.0010957493971226943
K13n3668,13,11,0.0040365455717418144
K13n3669,13,11,0.002142264754999742
K13n367,13,12,0.00023794583554370357
K13n3670,13,12,0.0039696081290153621
K13n3671,13,12,0.00062812043318699758
K13n3672,13,12,0.00062731185960917201
K13n3673,13,11,0.0015897569936416393
K13n3674,13,11,0.0017723303718387431
K13n3675,13,12,0.0077646780958295332
K13n3676,13,12,0.0066937280128826103
K13n3677,13,11,0.0046573321365378497
K13n3678,13,12,0.00040481325183087713
K13n3679,13,11,0.00065039257283280155
K13n368,13,12,0.0011588584859098798
K13n3680,13,11,0.00041786693281240493
K13n3681,13,12,0.0014090120536526473
K13n3682,13,11,0.00016694987843539404
K13n3683,13,11,0.00032432705112111007
K13n3684,13,12,0.00029806269618650654
K13n3685,13,11,0.00090195677337477664
K13n3686,13,11,0.0015334258584494944
K13n3687,13,11,0.00029351445600050454
K13n3688,13,12,0.005570444829874616
K13n3689,13,11,0.0041885112687520499
K13n369,13,12,0.00047215635309501178
K13n3690,13,11,0.004022264322130386
K13n3691,13,11,0.00047010158947196842
K13n3692,13,11,0.00061117486867063252
K13n3693,13,11,0.0039485041977728079
K13n3694,13,12,0.006690972985446823
K13n3695,13,11,0.012111818424854096
K13n3696,13,11,0.00015645893253976161
K13n3697,13,11,0.00010392213540465645
K13n3698,13,11,0.030393448832421077
K13n3699,13,11,0.0078288148211192246
K13n37,13,11,0.00065018403557018725
K13n370,13,12,0.0087929105851048892
K13n3700,13,11,0.00013077050888056607
K13n3701,13,12,0.00056005322722774327
K13n3702,13,11,0.0074000952530089356
K13n3703,13,12,0.00069533942688714727
K13n3704,13,11,0.00067032447219735134
K13n3705,13,12,0.0010286710211413264
K13n3706,13,11,8.2057963714838079e-05
K13n3707,13,12,0.0016518017342660206
K13n3708,13,12,0.0043002159605319583
K13n3709,13,12,0.0058203969812205842
K13n371,13,12,0.0020700819800846715
K13n3710,13,12,0.0022281940095486333
K13n3711,13,12,0.0015616985647295303
K13n3712,13,11,0.016955862964514325
K13n3713,13,11,0.0022357160922366814
K13n3714,13,11,0.0022073685627601826
K13n3715,13,11,0.006485958712155457
K13n3716,13,11,0.0011755313285736581
K13n3717,13,11,0.00021598664154813714
K13n3718,13,11,0.0006846435123547428
K13n3719,13,11,0.001001103679154097
K13n372,13,12,0.00080501643602083357
K13n3720,13,12,0.0035625203847594006
K13n3721,13,12,0.0028369610065360974
K13n3722,13,11,0.0013723404140369253
K13n3723,13,12,0.0042423312227350737
K13n3724,13,12,0.0011866312127218922
K13n3725,13,11,0.0071859503186467661
K13n3726,13,11,0.00034736322972451567
K13n3727,13,12,0.0019196702091791517
K13n3728,13,12,0.010815612919587258
K13n3729,13,12,0.011239033965274535
K13n373,13,12,0.0053144588964741226
K13n3730,13,12,0.01430133072914265
K13n3731,13,12,0.0042321851933478337
K13n3732,13,11,0.00092183112147590466
K13n3733,13,12,0.002893784887566953
K13n3734,13,12,0.017222254521465689
K13n3735,13,12,0.003447606454253033
K13n3736,13,12,0.00050425235189425111
K13n3737,13,12,0.00067784698869924722
K13n3738,13,12,0.00023165605920177275
K13n3739,13,13,0.00060702844640520947
K13n374,13,12,0.0067350634465245165
K13n3740,13,12,0.022236836833028524
K13n3741,13,13,0.0028624449896430581
K13n3742,13,12,0.0014743998116612596
K13n3743,13,12,0.0018459455353541183
K13n3744,13,12,0.0001071752445990646
K13n3745,13,12,0.00031341077774402546
K13n3746,13,12,0.0044014407491807222
K13n3747,13,12,0.0074933854465546804
K13n3748,13,12,0.0069539778856326541
K13n3749,13,12,0.0010565728202532748
K13n375,13,12,0.0003799426908677085
K13n3750,13,12,0.0065882153200953171
K13n3751,13,12,0.00077825574069046452
K13n3752,13,12,0.0016411378625431805
K13n3753,13,12,0.00048171236958252531
K13n3754,13,12,0.0011819586521192073
K13n3755,13,12,0.0015923221796129638
K13n3756,13,12,0.008743728747785522
K13n3757,13,12,0.0083051310846671278
K13n3758,13,12,0.0020431538011321695
K13n3759,13,12,0.00078545083062321933
K13n376,13,12,0.002418388868267703
K13n3760,13,12,0.00081750987989108296
K13n3761,13,12,0.004350689285770851
K13n3762,13,12,0.00022322146397306451
K13n3763,13,13,0.0038691627654746166
K13n3764,13,12,0.0012584513736762044
K13n3765,13,12,0.00018757870644128043
K13n3766,13,12,0.00059671184627309217
K13n3767,13,12,0.0018628688346279051
K13n3768,13,12,0.026000581270642649
K13n3769,13,12,0.00082585114420539833
K13n377,13,12,0.0036897427391879914
K13n3770,13,12,0.00099097090761301565
K13n3771,13,12,0.0055498086739277494
K13n3772,13,13,0.011684100947813584
K13n3773,13,12,0.00014835299517849685
K13n3774,13,12,0.0055740280229726212
K13n3775,13,12,0.0030736451772583589
K13n3776,13,12,0.0032600024490801144
K13n3777,13,12,0.0025466149810189783
K13n3778,13,12,0.0021308480759022466
K13n3779,13,12,0.0044587679568274729
K13n378,13,12,0.0021913238359680073
K13n3780,13,12,0.0010080053408950669
K13n3781,13,12,0.0024978654368445767
K13n3782,13,12,0.0065841746537262658
K13n3783,13,12,0.014635423720210925
K13n3784,13,12,0.0012380986632145449
K13n3785,13,12,0.0045762278238699198
K13n3786,13,12,0.0038170684839818475
K13n3787,13,12,0.0026360894122340836
K13n3788,13,12,0.001609101858014149
K13n3789,13,11,0.00010557361353776634
K13n379,13,12,0.013771004344162672
K13n3790,13,12,0.00024675791875176191
K13n3791,13,11,0.0015850490106557443
K13n3792,13,12,0.00092751544351677264
K13n3793,13,11,0.0029795634031505045
K13n3794,13,12,0.005080840092011674
K13n3795,13,12,0.011466003968404193
K13n3796,13,11,0.00073743998084696105
K13n3797,13,12,3.2002528447087538e-05
K13n3798,13,11,0.0070461909259538734
K13n3799,13,11,0.0007351441428025072
K13n38,13,12,0.010500978947576258
K13n380,13,11,6.2937794077673961e-05
K13n3800,13,12,0.0060677484475824186
K13n3801,13,12,0.0007517092301641419
K13n3802,13,12,0.0053907257504703585
K13n3803,13,12,0.0044925257175826641
K13n3804,13,11,0.0028055014485767779
K13n3805,13,12,0.00062748485960227086
K13n3806,13,12,0.0014620423418256541
K13n3807,13,11,0.00097813155715832417
K13n3808,13,12,0.0020220618501082003
K13n3809,13,12,0.0047574273424353759
K13n381,13,12,0.0088907421546451804
K13n3810,13,12,0.00048717227999595054
K13n3811,13,12,0.0017518899373704989
K13n3812,13,12,0.00030905850008857078
K13n3813,13,11,0.0037333064747549229
K13n3814,13,12,0.0015498932245345588
K13n3815,13,11,0.010353783933306594
K13n3816,13,12,0.00066406594613435351
K13n3817,13,12,0.0021581674294749134
K13n3818,13,12,0.002719834622544074
K13n3819,13,12,0.00028695950607571534
K13n382,13,12,0.00045945689350020109
K13n3820,13,12,0.0030616473616631168
K13n3821,13,12,0.006837744971678072
K13n3822,13,11,0.00048505038484498482
K13n3823,13,11,0.00047582830572747011
K13n3824,13,12,0.0011648248176570485
K13n3825,13,12,0.0037517107171162905
K13n3826,13,12,0.0016421560061254728
K13n3827,13,12,0.0029713332991163719
K13n3828,13,12,0.00082513775337376201
K13n3829,13,11,0.0010737159242779893
K13n383,13,12,0.0026879272730282546
K13n3830,13,12,0.0027515346782797053
K13n3831,13,12,6.8710208118698542e-05
K13n3832,13,12,0.0065305456206608886
K13n3833,13,12,0.0056194265844899029
K13n3834,13,12,0.0026901301204401177
K13n3835,13,12,0.0015948645729135216
K13n3836,13,11,0.0006613285831401117
K13n3837,13,12,0.0053995881866347184
K13n3838,13,12,0.0010885143120848908
K13n3839,13,11,0.00032305909235591821
K13n384,13,12,0.00086596869252656469
K13n3840,13,12,0.0049179892290496241
K13n3841,13,12,0.0057978727883580758
K13n3842,13,12,0.0043943886352922059
K13n3843,13,12,0.0041392701242733395
K13n3844,13,12,0.00090303930575453021
K13n3845,13,12,0.009037107385550627
K13n3846,13,12,0.0012290219859803367
K13n3847,13,12,0.00067923119124543266
K13n3848,13,12,0.00064702484870713404
K13n3849,13,11,0.0069190202866943121
K13n385,13,12,0.0028896097525976244
K13n3850,13,12,0.00026808666098912266
K13n3851,13,11,0.00030307841047547346
K13n3852,13,11,0.0044316368682613292
K13n3853,13,12,0.0012011815663391786
K13n3854,13,12,0.00043942943413822897
K13n3855,13,12,0.0017393652307301549
K13n3856,13,12,0.0011015324517654947
K13n3857,13,12,0.0041565735371511129
K13n3858,13,12,0.00030647778881399095
K13n3859,13,12,0.0035001732775471637
K13n386,13,12,0.00022163663692623546
K13n3860,13,11,0.00067074085731530704
K13n3861,13,12,0.0075598897979148394
K13n3862,13,12,0.001701144651015952
K13n3863,13,12,0.011661237331228425
K13n3864,13,12,0.0012386172427779985
K13n3865,13,12,0.00061910354274410473
K13n3866,13,12,0.001102369010470684
K13n3867,13,12,0.003871866207399773
K13n3868,13,12,0.00089997329746353382
K13n3869,13,12,0.0057930929890236014
K13n387,13,12,0.0020026176324871598
K13n3870,13,12,0.0014049437652865861
K13n3871,13,12,0.006876867086951022
K13n3872,13,12,0.020234887027663163
K13n3873,13,12,0.0016469239389695375
K13n3874,13,12,0.0016151381656712362
K13n3875,13,11,0.0037522641120798462
K13n3876,13,11,6.5618076276583405e-05
K13n3877,13,12,0.001944913602687025
K13n3878,13,12,0.0025725278261406023
K13n3879,13,11,0.0038629325269365464
K13n388,13,12,0.0072562302947362795
K13n3880,13,11,0.0065614219151167675
K13n3881,13,12,0.015222527691962454
K13n3882,13,12,0.00038093640357634092
K13n3883,13,12,0.0023329478439971063
K13n3884,13,12,0.0022448306429688259
K13n3885,13,12,0.0061998816871877945
K13n3886,13,12,0.0013453783645170849
K13n3887,13,12,0.0014374601298721337
K13n3888,13,12,0.0013709982295232917
K13n3889,13,11,0.0093830836397205825
K13n389,13,12,0.0017310835119870615
K13n3890,13,11,0.0016085861322160152
K13n3891,13,12,0.0026270748145567958
K13n3892,13,12,0.0014675853649300016
K13n3893,13,12,0.016349264138063015
K13n3894,13,12,0.0065028498917077951
K13n3895,13,12,0.0033730111527998973
K13n3896,13,12,0.0026506168943246679
K13n3897,13,12,0.00066781409955936637
K13n3898,13,12,0.0029539272667265717
K13n3899,13,12,0.0067185452447471377
K13n39,13,12,0.00323927599349469
K13n390,13,12,0.005446331696420126
K13n3900,13,11,0.0037510825865540364
K13n3901,13,11,0.00017779886724206026
K13n3902,13,11,0.0019488434114960274
K13n3903,13,12,0.00096663367488621413
K13n3904,13,11,0.0054781310836326085
K13n3905,13,11,0.0045966810646595729
K13n3906,13,11,5.895082107117677e-05
K13n3907,13,12,0.0053319479124838837
K13n3908,13,12,0.00031094851111679496
K13n3909,13,12,0.0004182517063209772
K13n391,13,12,0.0039143946383378616
K13n3910,13,12,0.010698526234255094
K13n3911,13,12,0.0053315234774282206
K13n3912,13,11,0.0017438712036219788
K13n3913,13,11,0.00099073462112927481
K13n3914,13,11,0.00028975110328101057
K13n3915,13,12,0.003893033450887237
K13n3916,13,12,0.0045710399403515707
K13n3917,13,11,0.0064219729262919171
K13n3918,13,11,6.7636103809598708e-05
K13n3919,13,12,0.0019910920491330989
K13n392,13,12,0.0048709616254893886
K13n3920,13,11,0.00072339670507323966
K13n3921,13,12,0.0077207957135130602
K13n3922,13,12,0.0025375223216198765
K13n3923,13,11,0.0022716028443992408
K13n3924,13,12,0.0011405660624674045
K13n3925,13,11,0.0041537270597039478
K13n3926,13,12,0.0038818265602104311
K13n3927,13,11,0.0025379669334007226
K13n3928,13,11,0.0040538031171618574
K13n3929,13,12,0.0020040956402076725
K13n393,13,12,0.0082463236636425505
K13n3930,13,11,0.00080875827418052282
K13n3931,13,11,0.00053280585228876085
K13n3932,13,11,0.0023479011228496184
K13n3933,13,11,0.0015272441536555012
K13n3934,13,12,0.0058522586941297571
K13n3935,13,11,0.0042697899850239265
K13n3936,13,12,0.00046485013148894711
K13n3937,13,12,0.00026462388524839067
K13n3938,13,12,0.00088331640055795018
K13n3939,13,11,0.00048746897566263615
K13n394,13,12,0.0082270163173919272
K13n3940,13,12,0.0035044416963217404
K13n3941,13,12,0.0019438585913117764
K13n3942,13,12,0.00176698392472101
K13n3943,13,12,0.0046032225919544045
K13n3944,13,12,0.0012843726666671381
K13n3945,13,12,0.00022165640462971315
K13n3946,13,12,0.0055167189219695887
K13n3947,13,12,0.010982878454256674
K13n3948,13,12,0.002573993600604087
K13n3949,13,12,0.00081015312360605777
K13n395,13,12,0.0013931272878343892
K13n3950,13,11,0.0032018344960193759
K13n3951,13,11,0.0016312604295938983
K13n3952,13,11,0.002959885155949752
K13n3953,13,11,0.0016548988040919698
K13n3954,13,10,0.00036820417684428326
K13n3955,13,11,0.003654789422439516
K13n3956,13,10,0.00091225417605493965
K13n3957,13,11,0.00049025170722840142
K13n3958,13,10,0.00086613476606390313
K13n3959,13,10,0.00037138043864630427
K13n396,13,12,0.00031803169669881401
K13n3960,13,11,0.00024973380280783359
K13n3961,13,11,0.0047789808439063376
K13n3962,13,11,0.0019822791045582761
K13n3963,13,11,0.0065075731839759864
K13n3964,13,11,0.0021271279091489444
K13n3965,13,11,0.0016323347264046635
K13n3966,13,11,0.0052082727871273745
K13n3967,13,11,0.0072204038353622848
K13n3968,13,11,0.003632599288904709
K13n3969,13,10,0.004531801607841229
K13n397,13,11,0.0071754343212422434
K13n3970,13,11,0.0024687745592629302
K13n3971,13,11,0.0089701100545666237
K13n3972,13,11,0.0039053378091654764
K13n3973,13,11,0.0010448987093172101
K13n3974,13,11,0.00013465261282374121
K13n3975,13,11,0.00051156865023742684
K13n3976,13,11,0.0012637574770126725
K13n3977,13,11,0.0023580203495698351
K13n3978,13,10,0.0013196075650927894
K13n3979,13,11,0.0036008535808416909
K13n398,13,12,0.0031913673131207898
K13n3980,13,11,4.8683879996452208e-05
K13n3981,13,11,0.0028241344195099713
K13n3982,13,11,0.0037058765859886342
K13n3983,13,11,0.00020136942257440509
K13n3984,13,11,0.0051566730393700468
K13n3985,13,12,0.00031995084507568141
K13n3986,13,11,0.0021637877845868507
K13n3987,13,11,0.00054185311055664253
K13n3988,13,11,0.010448819659273374
K13n3989,13,12,0.00085256281717656943
K13n399,13,12,0.0005353299117657616
K13n3990,13,11,0.0015346001488627894
K13n3991,13,11,0.0048823282632570186
K13n3992,13,12,6.8165211963281669e-06
K13n3993,13,12,0.014210052733077443
K13n3994,13,12,0.0012417389978272853
K13n3995,13,12,0.0009768269452549471
K13n3996,13,11,0.0013314174912635718
K13n3997,13,11,0.0046784582111344467
K13n3998,13,10,0.0012691898213529585
K13n3999,13,11,0.0026843596632622913
K13n4,13,12,0.0076644249933990813
K13n40,13,12,0.004030173590604447
K13n400,13,12,0.00018473726253057912
K13n4000,13,10,1.9151469951621035e-05
K13n4001,13,11,0.00092173154846202727
K13n4002,13,11,0.0031535926014438849
K13n4003,13,11,0.0066863844812682233
K13n4004,13,11,0.0020398670057405334
K13n4005,13,11,0.0021892580192237475
K13n4006,13,11,0.0096036154157078269
K13n4007,13,11,0.0024513579105444644
K13n4008,13,11,0.00051713620299976442
K13n4009,13,11,0.010771261402499855
K13n401,13,12,0.0074477224995214922
K13n4010,13,11,0.010986586432307663
K13n4011,13,11,0.0070244301078938223
K13n4012,13,12,0.0026292374279667211
K13n4013,13,11,0.0019724463495101171
K13n4014,13,11,0.0016885566424656932
K13n4015,13,11,0.0038061641464393393
K13n4016,13,11,0.0033649591800925653
K13n4017,13,12,0.013870403913156977
K13n4018,13,11,0.0096244504777409975
K13n4019,13,11,0.0011044202208936663
K13n402,13,12,0.00071822312161395169
K13n4020,13,11,0.0015466639540419682
K13n4021,13,11,0.0011360740222768593
K13n4022,13,11,0.0017559006914016496
K13n4023,13,12,0.0027849852189818446
K13n4024,13,10,0.010383833933493451
K13n4025,13,12,0.0026752516954921652
K13n4026,13,11,0.0025271795804877014
K13n4027,13,11,0.0015228313219626264
K13n4028,13,11,0.010669518297910302
K13n4029,13,11,0.00037330911842751795
K13n403,13,12,0.00089894121522494409
K13n4030,13,11,0.0056948240858688349
K13n4031,13,11,0.00038988091680641404
K13n4032,13,11,0.00020689120076271939
K13n4033,13,11,0.0011951317672949254
K13n4034,13,11,2.9163875487397901e-05
K13n4035,13,10,0.0007997880837465911
K13n4036,13,10,0.0008183524759736078
K13n4037,13,11,0.0089483806359195624
K13n4038,13,12,0.0049531648829698079
K13n4039,13,12,0.0010602038016404699
K13n404,13,12,0.00018309795017070713
K13n4040,13,12,0.00094166694783280689
K13n4041,13,11,0.0015180387696017005
K13n4042,13,11,0.00015112031624144281
K13n4043,13,11,0.00015394126527821703
K13n4044,13,11,0.00056349869168918407
K13n4045,13,11,0.00086192060374502583
K13n4046,13,11,3.3598225432282785e-05
K13n4047,13,12,0.0014041219559654116
K13n4048,13,11,0.0053777665624700818
K13n4049,13,11,0.0014316756019124085
K13n405,13,12,0.0021416783149891239
K13n4050,13,11,0.0023212696391283838
K13n4051,13,11,0.0017412484466953454
K13n4052,13,12,2.0393536115502293e-05
K13n4053,13,11,0.00093192847712870888
K13n4054,13,11,0.0071174399817934414
K13n4055,13,11,0.0043682945844119182
K13n4056,13,11,0.0012306634480535148
K13n4057,13,11,0.00075784038098356519
K13n4058,13,11,0.0027842975271602107
K13n4059,13,11,2.1480221383549213e-05
K13n406,13,12,0.0059609361701503764
K13n4060,13,11,0.00034634348937773673
K13n4061,13,10,0.0009362192116055025
K13n4062,13,11,0.0018655424821094173
K13n4063,13,10,0.000899210038982861
K13n4064,13,11,0.0034184815698362174
K13n4065,13,11,0.00087288666621537509
K13n4066,13,11,0.001688641028169727
K13n4067,13,11,0.0013283192909741613
K13n4068,13,11,0.0005495735283331378
K13n4069,13,12,0.0034363970482265615
K13n407,13,12,0.0085088228266726497
K13n4070,13,12,0.000931167986451729
K13n4071,13,11,0.012857248164368711
K13n4072,13,11,0.003265752270751971
K13n4073,13,11,0.0018731913847991183
K13n4074,13,11,5.2841557103879363e-05
K13n4075,13,10,0.0049112751604115041
K13n4076,13,11,0.00035496998516389773
K13n4077,13,11,0.0032088332187879928
K13n4078,13,11,0.0015399980461333611
K13n4079,13,11,0.0039835420178861262
K13n408,13,12,0.0093043846770774
K13n4080,13,11,0.0023157904234741796
K13n4081,13,11,0.0021860618155791311
K13n4082,13,12,0.0029601497176654193
K13n4083,13,11,0.0010140971062386943
K13n4084,13,11,0.0011012667644084405
K13n4085,13,11,0.0039872137583287651
K13n4086,13,11,0.00041743609408101905
K13n4087,13,11,0.0025440803159620597
K13n4088,13,12,0.0011445372083444601
K13n4089,13,11,0.007959754194804795
K13n409,13,12,0.00043174981611643809
K13n4090,13,12,0.0095756547182935456
K13n4091,13,11,0.014455636304784124
K13n4092,13,12,0.00058169702035421468
K13n4093,13,12,0.00080662000726532861
K13n4094,13,11,0.0088287132620152378
K13n4095,13,12,0.0018781550771070918
K13n4096,13,11,0.0024202499273483493
K13n4097,13,11,0.0088895716959959126
K13n4098,13,11,7.8179852617798071e-05
K13n4099,13,12,0.0052242652518597315
K13n41,13,12,0.0016116080528501451
K13n410,13,12,0.0005031880339135418
K13n4100,13,11,0.0014738770423094122
K13n4101,13,11,0.0019747372688366932
K13n4102,13,12,0.0027271924983815533
K13n4103,13,11,0.0010673100642731434
K13n4104,13,10,0.00051062116345233408
K13n4105,13,11,0.00073860678619413372
K13n4106,13,11,0.0028925635568563097
K13n4107,13,12,0.00082481764137109375
K13n4108,13,11,0.0027696837761118582
K13n4109,13,11,0.0016355056097862063
K13n411,13,12,0.00053566168047127448
K13n4110,13,12,0.0076963447096062617
K13n4111,13,11,0.00023008443192884642
K13n4112,13,12,0.00062933915547816791
K13n4113,13,12,0.0029554626614964959
K13n4114,13,11,0.001616511525612365
K13n4115,13,11,0.0051204375181353647
K13n4116,13,11,0.0049439378747435725
K13n4117,13,12,0.005871607333094349
K13n4118,13,12,0.00098526968376668671
K13n4119,13,11,0.0036174822933250392
K13n412,13,12,0.005070234172515441
K13n4120,13,11,0.003843374137859673
K13n4121,13,11,0.00026462308608665507
K13n4122,13,11,0.0028978906888413999
K13n4123,13,11,0.00029953644430994792
K13n4124,13,12,0.0083182255748179175
K13n4125,13,12,0.0021619889426928445
K13n4126,13,11,0.0047890319700661611
K13n4127,13,11,2.8146217978442182e-05
K13n4128,13,12,0.00056088898922525829
K13n4129,13,11,0.0036976418296003392
K13n413,13,11,0.0023201998050634974
K13n4130,13,11,0.0058183251514267982
K13n4131,13,11,0.0019174440821843849
K13n4132,13,11,0.0010050080147747376
K13n4133,13,11,7.4191528131850923e-05
K13n4134,13,11,0.0010209107853541221
K13n4135,13,11,0.00036292522401451337
K13n4136,13,10,0.0064082295683610567
K13n4137,13,11,0.0045796813948412451
K13n4138,13,11,0.002658560708573475
K13n4139,13,11,0.0077996725020061551
K13n414,13,11,0.00014035230991878126
K13n4140,13,10,0.00020018028000882965
K13n4141,13,11,0.0018291651487021968
K13n4142,13,10,0.00076692811737234204
K13n4143,13,11,0.0020919820360059739
K13n4144,13,12,0.00026654013327680399
K13n4145,13,11,0.0020100944649385352
K13n4146,13,12,0.0017396189140329178
K13n4147,13,11,0.0030507891955441134
K13n4148,13,11,0.0080612159271230398
K13n4149,13,11,0.00010958897390659804
K13n415,13,12,0.0045337368661355669
K13n4150,13,11,0.0059735227554919938
K13n4151,13,12,0.0077648335590042254
K13n4152,13,12,0.0067635550794387048
K13n4153,13,11,0.00056299123536026274
K13n4154,13,11,0.0052766829456528802
K13n4155,13,12,0.0017534122741864069
K13n4156,13,11,0.044322331337559043
K13n4157,13,11,0.0029604096290821165
K13n4158,13,11,0.0027723858730403336
K13n4159,13,11,0.0034153610392486829
K13n416,13,12,0.012780511089095789
K13n4160,13,11,6.8004434442259112e-05
K13n4161,13,11,0.0011185334618968789
K13n4162,13,12,7.3394397471183078e-05
K13n4163,13,12,0.0029803520164923946
K13n4164,13,11,0.00082332423100788226
K13n4165,13,11,0.0011452958868899867
K13n4166,13,12,0.0023703835798405517
K13n4167,13,11,0.00080008219081469806
K13n4168,13,12,0.0021632139821945832
K13n4169,13,11,0.0020116196035773418
K13n417,13,12,0.0058854955642580562
K13n4170,13,11,0.0084025845627099284
K13n4171,13,11,0.0014098861575085209
K13n4172,13,12,0.0040518904479303133
K13n4173,13,12,0.00069548803963605862
K13n4174,13,11,0.0029151784958132126
K13n4175,13,12,0.00088556936852741952
K13n4176,13,11,0.0014123772917368103
K13n4177,13,12,0.00070533734233723072
K13n4178,13,12,0.0011619264084953558
K13n4179,13,12,0.00095044577594215543
K13n418,13,12,0.0039567144247792318
K13n4180,13,12,0.0036305147431053442
K13n4181,13,12,0.0015802004335480871
K13n4182,13,12,0.0015608829219349309
K13n4183,13,12,0.00089703727313720084
K13n4184,13,12,0.0025538635531645072
K13n4185,13,12,0.002334323918238357
K13n4186,13,12,0.0018408712465644787
K13n4187,13,12,0.0011258820108845653
K13n4188,13,11,0.0010273170135131635
K13n4189,13,11,0.0079594690164154699
K13n419,13,12,0.001593432440105962
K13n4190,13,11,0.00019488623481063563
K13n4191,13,11,0.0034194453767952913
K13n4192,13,11,0.0010135527278139122
K13n4193,13,11,0.0041711771190923045
K13n4194,13,11,0.0023394241883788027
K13n4195,13,12,0.00046834711033477043
K13n4196,13,12,0.0012969484596761414
K13n4197,13,12,0.00034287969191854241
K13n4198,13,12,0.0010407203597633777
K13n4199,13,12,0.00012216462160858827
K13n42,13,12,0.022727239620039252
K13n420,13,11,0.00060388748563621288
K13n4200,13,12,0.0072147184263258637
K13n4201,13,11,0.0064904500694500412
K13n4202,13,12,0.0027239649523186616
K13n4203,13,12,0.0016476087617481531
K13n4204,13,12,0.0013351605168070032
K13n4205,13,11,0.0014328731014975336
K13n4206,13,12,0.0071796340537290341
K13n4207,13,12,0.002014757911669122
K13n4208,13,12,0.0021929323153138994
K13n4209,13,12,0.00014286964985380193
K13n421,13,12,0.0038988490956698915
K13n4210,13,12,0.0020846260141714583
K13n4211,13,11,4.6063360400827023e-05
K13n4212,13,11,0.00046311201381547763
K13n4213,13,11,0.0024614905484075392
K13n4214,13,12,0.0013099659327867699
K13n4215,13,11,0.0019653226068784709
K13n4216,13,12,0.0012479725888873932
K13n4217,13,12,0.0045626484705780044
K13n4218,13,12,0.0087270716015016292
K13n4219,13,12,0.0031248274937687231
K13n422,13,11,0.0018215195212336291
K13n4220,13,11,0.0018804051469078588
K13n4221,13,11,3.6486970007593423e-05
K13n4222,13,11,0.006683759524805849
K13n4223,13,11,0.00038823214654289882
K13n4224,13,12,0.005767313000143201
K13n4225,13,11,0.00079599701151541883
K13n4226,13,11,0.00067135161767270871
K13n4227,13,12,0.00052473800028430477
K13n4228,13,12,0.0021272464154398125
K13n4229,13,12,0.00040731156717073853
K13n423,13,11,0.0050185662386781028
K13n4230,13,12,0.00010479397265510111
K13n4231,13,12,0.0017889288471670045
K13n4232,13,11,0.0031813258430290238
K13n4233,13,12,0.004441475242880878
K13n4234,13,11,0.01058849092814825
K13n4235,13,12,0.00036424804856407384
K13n4236,13,11,0.0011339522182799049
K13n4237,13,12,0.0018124177290699099
K13n4238,13,11,0.0053934496205997398
K13n4239,13,12,0.0017413790048993974
K13n424,13,11,0.0041215837508903948
K13n4240,13,12,0.00031525194021908077
K13n4241,13,11,0.0012418635293006016
K13n4242,13,11,2.0615482328961715e-05
K13n4243,13,12,0.00057486883108512831
K13n4244,13,12,0.0004013165021839609
K13n4245,13,11,0.0023418702488745527
K13n4246,13,12,0.0010719537130364498
K13n4247,13,11,0.0021558064473191159
K13n4248,13,12,0.009102737679802346
K13n4249,13,12,0.00042234930191980776
K13n425,13,11,0.00068508627007237539
K13n4250,13,12,0.0001861726331738724
K13n4251,13,12,0.0064472629978798981
K13n4252,13,12,0.0012195409130523285
K13n4253,13,11,5.565463216880038e-05
K13n4254,13,11,0.00099758759994026682
K13n4255,13,12,0.00016312403698808892
K13n4256,13,11,0.0047991843226158036
K13n4257,13,11,0.0048084864081046298
K13n4258,13,11,0.0061795271082209511
K13n4259,13,12,0.0029137182160384246
K13n426,13,11,0.00015911919351263408
K13n4260,13,12,0.0035022538957087735
K13n4261,13,12,0.00031849141447477239
K13n4262,13,12,0.0017408841959813256
K13n4263,13,12,0.0020391298639289221
K13n4264,13,12,0.0030254365556977364
K13n4265,13,11,0.00060868831879130371
K13n4266,13,12,0.00073761470956461924
K13n4267,13,12,0.0091077113839194597
K13n4268,13,11,0.0096324819191023064
K13n4269,13,12,0.0012930012008304361
K13n427,13,11,0.0044674679635102691
K13n4270,13,11,0.00047841063093260751
K13n4271,13,11,0.0042702345196047259
K13n4272,13,11,0.0039730852861818138
K13n4273,13,11,0.0010010361487259231
K13n4274,13,11,0.00058960558932030251
K13n4275,13,11,0.0001776433687916651
K13n4276,13,11,0.0070338877985495589
K13n4277,13,11,0.0036130342145522724
K13n4278,13,12,0.017922289670616463
K13n4279,13,11,0.00051475984341800487
K13n428,13,12,0.0021347570108004163
K13n4280,13,11,0.0021875492922981249
K13n4281,13,10,0.00096114586218322081
K13n4282,13,11,0.0008822852500815128
K13n4283,13,11,0.00033716995395580049
K13n4284,13,11,0.00342925137882342
K13n4285,13,11,0.00095228241289749185
K13n4286,13,11,0.00063093321900796874
K13n4287,13,11,0.0021535681284875893
K13n4288,13,12,0.0011284285729341035
K13n4289,13,11,0.003278483684953482
K13n429,13,12,0.0013635699318667591
K13n4290,13,11,0.0063383782538390075
K13n4291,13,11,0.0091861159461127436
K13n4292,13,12,2.2557016079415537e-05
K13n4293,13,12,0.003367097891034395
K13n4294,13,11,0.0009847020024557813
K13n4295,13,11,0.0029274142315352954
K13n4296,13,11,0.0016960502317856245
K13n4297,13,12,0.0027568853360730294
K13n4298,13,11,0.00053070713549778438
K13n4299,13,11,0.010521318519582303
K13n43,13,12,0.00070782365884469755
K13n430,13,12,2.9409194020578841e-05
K13n4300,13,12,0.0034378390252291649
K13n4301,13,11,0.001083951576213557
K13n4302,13,12,0.0016610959367709557
K13n4303,13,12,0.0011968330555934411
K13n4304,13,10,0.00099729130691425527
K13n4305,13,11,0.0043803467858598566
K13n4306,13,11,0.001589269938462795
K13n4307,13,12,0.00029912874444673799
K13n4308,13,11,0.0014784204289693588
K13n4309,13,12,0.0027900388383169275
K13n431,13,13,0.00026875263371932385
K13n4310,13,11,0.0019823149479527005
K13n4311,13,12,0.0030822379074713331
K13n4312,13,11,0.001802868294929126
K13n4313,13,12,0.00018560000558923097
K13n4314,13,11,0.00038287905200553787
K13n4315,13,11,0.0014827244225570544
K13n4316,13,11,0.0065114903938839315
K13n4317,13,11,0.0021520019689915079
K13n4318,13,12,0.0001379926328862426
K13n4319,13,12,0.0016442642817314508
K13n432,13,12,0.00093853997828098536
K13n4320,13,12,0.0027238905697803666
K13n4321,13,12,0.003172493055225573
K13n4322,13,11,0.00010223420910047673
K13n4323,13,12,0.0015261571053506056
K13n4324,13,11,0.0017169167876408865
K13n4325,13,12,0.0018801476979550856
K13n4326,13,11,0.002271528396480261
K13n4327,13,11,0.00042473273244807673
K13n4328,13,12,0.0022135289348658299
K13n4329,13,12,0.00020053262630537888
K13n433,13,13,0.0052917438637078984
K13n4330,13,12,0.005067920309008587
K13n4331,13,11,0.0010754943024638432
K13n4332,13,11,0.0063817640546859839
K13n4333,13,11,0.0026118204300372757
K13n4334,13,11,0.0031768503283377291
K13n4335,13,12,0.0036736360150484088
K13n4336,13,11,0.002575687944525546
K13n4337,13,11,0.00091285674256355457
K13n4338,13,11,0.0025521093082590089
K13n4339,13,11,0.0012044096848467752
K13n434,13,12,0.0025024367283290072
K13n4340,13,11,0.00036028859413027352
K13n4341,13,12,0.0033732485337742541
K13n4342,13,11,0.0031787257001820693
K13n4343,13,11,0.00032880481038355115
K13n4344,13,11,0.008067465519849399
K13n4345,13,11,0.00032489319229053455
K13n4346,13,11,0.00037718070612517679
K13n4347,13,12,0.00031176575891584801
K13n4348,13,11,0.00062859316734110039
K13n4349,13,11,0.005633799192715702
K13n435,13,12,0.0049017268599966515
K13n4350,13,12,0.00072525119890733017
K13n4351,13,11,0.0022888293007674167
K13n4352,13,11,0.00024944150339926058
K13n4353,13,12,0.00040204334340326436
K13n4354,13,12,0.0023180704548046477
K13n4355,13,11,0.0082917587948179612
K13n4356,13,11,0.017876533436226992
K13n4357,13,11,0.0024565945799299113
K13n4358,13,12,0.0010278405977008471
K13n4359,13,12,0.00091635517913913602
K13n436,13,11,0.0015344598290546079
K13n4360,13,12,0.00067052132961179618
K13n4361,13,11,0.0048457523927073779
K13n4362,13,12,0.0012770202399288433
K13n4363,13,12,0.0040573896491219426
K13n4364,13,12,0.00033589365741730937
K13n4365,13,12,0.0031526639038194763
K13n4366,13,12,3.2709012626271327e-05
K13n4367,13,12,0.0027398545868414482
K13n4368,13,11,0.0045385057090988751
K13n4369,13,12,0.00033091144711288066
K13n437,13,11,0.0022057850498800099
K13n4370,13,11,0.00035163764565669935
K13n4371,13,11,0.012055530850712037
K13n4372,13,11,0.0072289027651582386
K13n4373,13,11,0.0010430140052342298
K13n4374,13,11,0.0061478230724945088
K13n4375,13,12,0.0010294019838840314
K13n4376,13,11,0.0068881032540075073
K13n4377,13,11,0.00048137040872357442
K13n4378,13,11,0.00068096677855932896
K13n4379,13,12,0.0019423639099437049
K13n438,13,11,0.0018693390180447324
K13n4380,13,12,0.010625317705410477
K13n4381,13,11,0.00083450386947335584
K13n4382,13,11,6.2928325109238011e-05
K13n4383,13,11,0.01454221704187925
K13n4384,13,11,0.0027761463191476581
K13n4385,13,12,0.00034421717957949549
K13n4386,13,12,0.0068127340666820765
K13n4387,13,12,0.0040372761692267544
K13n4388,13,11,0.00043982302138920778
K13n4389,13,11,0.0002655932514177982
K13n439,13,12,0.0087361441791503694
K13n4390,13,11,0.00074266416816415857
K13n4391,13,11,0.0060743433520223334
K13n4392,13,12,0.005333286462561212
K13n4393,13,11,0.0093029859570863942
K13n4394,13,12,0.0058567631734782605
K13n4395,13,11,0.0026157065617847058
K13n4396,13,12,0.0020481061849696052
K13n4397,13,12,0.00033250296619898013
K13n4398,13,11,0.0051129165075252964
K13n4399,13,12,0.009038886961354407
K13n44,13,12,0.0049296702125255568
K13n440,13,13,0.001784529266201528
K13n4400,13,12,0.0012660939680389019
K13n4401,13,12,0.00035187519235348934
K13n4402,13,11,0.00070104277377483904
K13n4403,13,11,0.003499204813147853
K13n4404,13,11,0.0093718323670496859
K13n4405,13,11,0.0027637989091785862
K13n4406,13,12,0.00063582680073147476
K13n4407,13,11,0.00028923832319315549
K13n4408,13,11,0.0075745911338786654
K13n4409,13,11,0.0044971539390354738
K13n441,13,12,0.00024301025135556412
K13n4410,13,11,0.0009626554693017449
K13n4411,13,11,0.0014415477770996458
K13n4412,13,12,0.0012289957960675108
K13n4413,13,11,6.0192805267968771e-05
K13n4414,13,11,0.00020893730520241742
K13n4415,13,12,0.004086035549523013
K13n4416,13,12,0.010528178532984387
K13n4417,13,11,0.002408549294291937
K13n4418,13,11,0.00087211153980313488
K13n4419,13,11,0.0056620257158290542
K13n442,13,12,0.0013401812164226367
K13n4420,13,11,0.00020957268479202874
K13n4421,13,11,0.00044285240429065486
K13n4422,13,11,0.0064160966553184692
K13n4423,13,12,0.00048063809218011112
K13n4424,13,11,0.0025538628781080594
K13n4425,13,12,0.0023910498889472285
K13n4426,13,11,0.0026760862951242816
K13n4427,13,11,0.0005821743597441575
K13n4428,13,11,0.0074079237899144822
K13n4429,13,12,0.004843455335876567
K13n443,13,12,0.0003605162927849481
K13n4430,13,11,0.00053760560567073755
K13n4431,13,11,0.0032332942454658398
K13n4432,13,12,0.0002010248033919999
K13n4433,13,11,0.001852396737540504
K13n4434,13,11,0.00031278493241448523
K13n4435,13,12,0.0073987951693043393
K13n4436,13,11,0.0021312563010352065
K13n4437,13,11,0.0030721213920101549
K13n4438,13,11,0.0068750069242943827
K13n4439,13,11,0.0029054117782626558
K13n444,13,12,0.020144065363652815
K13n4440,13,12,0.0010393992284491059
K13n4441,13,12,0.0066106464716691304
K13n4442,13,12,0.00092362952507363911
K13n4443,13,11,0.0020933022783929328
K13n4444,13,12,0.0075014760565482765
K13n4445,13,12,0.00011616367492569058
K13n4446,13,11,0.0026063576093976202
K13n4447,13,12,0.00080933171787922302
K13n4448,13,12,0.0026783059413787568
K13n4449,13,11,0.0019765549211516347
K13n445,13,12,0.0017165085695085914
K13n4450,13,12,0.0010367675754860551
K13n4451,13,11,0.001326515705797956
K13n4452,13,12,0.0015435880734238864
K13n4453,13,12,0.0021179519872803775
K13n4454,13,11,0.001093183574664814
K13n4455,13,12,0.0039811088751361343
K13n4456,13,11,1.7076597596353306e-05
K13n4457,13,12,0.0002247193271006601
K13n4458,13,12,0.0048410681400266947
K13n4459,13,12,0.0060566698610433458
K13n446,13,11,0.00091083601586067903
K13n4460,13,12,0.00093336148778135986
K13n4461,13,11,0.0026742063305460429
K13n4462,13,11,4.6254380013903511e-05
K13n4463,13,11,0.0085288151933145019
K13n4464,13,11,0.0012725967793662831
K13n4465,13,12,0.0009945687571218274
K13n4466,13,11,0.0026542088750624048
K13n4467,13,12,0.0017988387421012941
K13n4468,13,12,0.0039262978088015332
K13n4469,13,12,0.00015131588048742501
K13n447,13,11,0.0012542436466210121
K13n4470,13,11,0.00099343596180807782
K13n4471,13,12,0.0049556593465996156
K13n4472,13,11,0.0032104114148414223
K13n4473,13,12,0.0052112007386161891
K13n4474,13,12,0.0033395203684980015
K13n4475,13,11,0.0059219594695075354
K13n4476,13,12,0.00050639851396817284
K13n4477,13,12,0.0056102770048496392
K13n4478,13,11,0.0023292732531222304
K13n4479,13,11,0.00067736988439258915
K13n448,13,12,0.0059507036498566129
K13n4480,13,12,0.0015687152204748756
K13n4481,13,11,0.0019623145640863802
K13n4482,13,12,0.0018220330946884411
K13n4483,13,12,0.00035542159421762776
K13n4484,13,11,0.0065289590775333105
K13n4485,13,11,0.00090837334357867254
K13n4486,13,11,0.0016418402623177919
K13n4487,13,12,0.0021342523248246885
K13n4488,13,11,7.0587818906802158e-05
K13n4489,13,11,0.0073130523697285789
K13n449,13,13,0.0041739401419481686
K13n4490,13,12,0.0042746586922832747
K13n4491,13,12,0.0051991576421438991
K13n4492,13,11,0.004694802798925461
K13n4493,13,11,0.00025524047571007897
K13n4494,13,11,0.0038926654889951673
K13n4495,13,12,0.001132709693878536
K13n4496,13,11,0.0011733374334130888
K13n4497,13,12,0.0031616525599582174
K13n4498,13,12,0.0014562179741028629
K13n4499,13,12,0.0059209084440326604
K13n45,13,12,0.0031549951283376897
K13n450,13,12,0.0049132360632613611
K13n4500,13,11,0.00042291501846503858
K13n4501,13,12,0.010959386959992755
K13n4502,13,12,0.0020183164690501434
K13n4503,13,12,0.00097212971038464669
K13n4504,13,12,0.0032546366426732076
K13n4505,13,12,0.0020475193683744744
K13n4506,13,12,0.00010438565362419548
K13n4507,13,11,0.0047269238522766851
K13n4508,13,11,0.0077209370456047333
K13n4509,13,12,0.00034701581541808868
K13n451,13,12,0.0012483871015181367
K13n4510,13,12,0.003069726309238587
K13n4511,13,12,0.00014261399375670682
K13n4512,13,11,0.00098581770085470212
K13n4513,13,11,0.0018821615002085677
K13n4514,13,11,0.00019572465340080586
K13n4515,13,11,0.00013254785792294943
K13n4516,13,11,0.0015434946860828128
K13n4517,13,11,0.005868475069964409
K13n4518,13,11,0.0021502152932155712
K13n4519,13,11,0.0076215814025679717
K13n452,13,12,0.00016230704866852051
K13n4520,13,12,0.0035796907919738706
K13n4521,13,11,0.00027740720019818905
K13n4522,13,11,0.0044031485485648454
K13n4523,13,11,0.00072428932147926869
K13n4524,13,11,0.0024057363184365505
K13n4525,13,11,0.00010307030449592869
K13n4526,13,11,0.0052162931374295455
K13n4527,13,12,0.0089265363243439221
K13n4528,13,11,0.0053486663970834947
K13n4529,13,12,0.00095528622844632031
K13n453,13,12,0.0014003876234844278
K13n4530,13,11,0.0073404924813337442
K13n4531,13,11,0.0018340746381500304
K13n4532,13,11,0.0024943204697372109
K13n4533,13,11,0.0045149115758964988
K13n4534,13,11,0.010858889292287333
K13n4535,13,11,6.1421740425269755e-05
K13n4536,13,11,0.0032789498048064049
K13n4537,13,11,0.00026620857514338982
K13n4538,13,12,0.00042304779048604497
K13n4539,13,11,0.002239360193827835
K13n454,13,12,0.001369127868179091
K13n4540,13,11,0.00049035098626741915
K13n4541,13,11,0.00089345131508506022
K13n4542,13,12,0.0004590865221088325
K13n4543,13,11,0.0049735674881778488
K13n4544,13,11,0.0021177213683837618
K13n4545,13,11,0.0029625247598480532
K13n4546,13,11,0.0047668312489672366
K13n4547,13,11,0.0045999972831033643
K13n4548,13,11,0.00040817812202699325
K13n4549,13,11,0.00065139394011643099
K13n455,13,12,0.0019543197829247523
K13n4550,13,11,0.0054514863862918138
K13n4551,13,11,0.0056340590630142668
K13n4552,13,11,0.0020773662912736391
K13n4553,13,12,0.0064381225908472436
K13n4554,13,11,0.0030919381236773555
K13n4555,13,11,0.0033141933530290808
K13n4556,13,11,0.010338861398744716
K13n4557,13,11,0.00019932908920154761
K13n4558,13,11,0.00099702173326673906
K13n4559,13,11,3.599468221838568e-05
K13n456,13,12,0.0020539202482573616
K13n4560,13,11,0.00046427954693102142
K13n4561,13,11,0.0004727385231754724
K13n4562,13,11,0.002988628464064942
K13n4563,13,12,0.0037790003371306596
K13n4564,13,11,0.00033193881818278264
K13n4565,13,12,0.0058508038184899597
K13n4566,13,11,0.0019396220018382689
K13n4567,13,11,0.00034477612578084367
K13n4568,13,11,0.0014949498474551104
K13n4569,13,12,0.0059181987973823463
K13n457,13,12,0.0080004828779130632
K13n4570,13,11,0.0018212299858224954
K13n4571,13,12,0.00063802245085139097
K13n4572,13,11,0.0051417932979527167
K13n4573,13,12,0.0069564709906301068
K13n4574,13,12,0.0058659556603057146
K13n4575,13,12,0.003435675031215541
K13n4576,13,11,0.0027126488591742597
K13n4577,13,11,0.0015033556930788836
K13n4578,13,12,0.0013858538173669502
K13n4579,13,12,0.0090860994974252384
K13n458,13,12,0.0039020907294190265
K13n4580,13,12,0.0011387864946461436
K13n4581,13,12,0.00074227464659382396
K13n4582,13,12,0.0008761999229280939
K13n4583,13,12,0.0026357187712985923
K13n4584,13,12,0.0020242926286539744
K13n4585,13,11,0.0015508407771608183
K13n4586,13,12,0.0058461441411424703
K13n4587,13,12,0.001193045697362551
K13n4588,13,12,0.0044140947487437575
K13n4589,13,12,0.0056682049183893546
K13n459,13,12,0.00048775524549228929
K13n4590,13,11,0.00024189525749544267
K13n4591,13,12,0.00059043667428071629
K13n4592,13,11,0.0013615414233333547
K13n4593,13,12,0.002319303845689282
K13n4594,13,12,0.003617285946191701
K13n4595,13,12,0.0020617302780892603
K13n4596,13,12,0.0017962997873580747
K13n4597,13,12,0.0018858545783923565
K13n4598,13,12,0.0010918391520173137
K13n4599,13,11,0.0012124690919340804
K13n46,13,12,0.0073482061019941444
K13n460,13,12,0.0020447798081117186
K13n4600,13,12,0.00502586492011242
K13n4601,13,11,0.0017188796197307771
K13n4602,13,12,0.0069810419062596597
K13n4603,13,11,0.00074056755438664588
K13n4604,13,11,0.0017144166772095945
K13n4605,13,12,0.0074244264632871626
K13n4606,13,11,0.00037671334917391351
K13n4607,13,11,0.0014197628876784065
K13n4608,13,11,0.0032509244408512974
K13n4609,13,12,0.0067866036731694538
K13n461,13,12,0.00016562763091918853
K13n4610,13,12,0.012620519483980519
K13n4611,13,11,0.00046774783327343763
K13n4612,13,12,0.00056721829912238146
K13n4613,13,12,0.0011540154942606367
K13n4614,13,11,0.0026544213851478491
K13n4615,13,12,0.0001913274383250068
K13n4616,13,11,0.00087998501198384969
K13n4617,13,12,0.00058841796195014122
K13n4618,13,12,0.00019036156905685573
K13n4619,13,12,0.0010364698807315787
K13n462,13,12,0.01846352049734195
K13n4620,13,11,0.0021528645045973656
K13n4621,13,11,0.0014299375955265758
K13n4622,13,12,0.0010187281227803039
K13n4623,13,11,0.0061755049770851073
K13n4624,13,11,0.00012786763947458108
K13n4625,13,12,0.0032769893691032862
K13n4626,13,12,0.0049186751255991673
K13n4627,13,12,0.00070183127579244073
K13n4628,13,12,0.0019875114243827598
K13n4629,13,11,0.00036138330330898015
K13n463,13,11,0.012176640288159389
K13n4630,13,11,0.00079181201602042579
K13n4631,13,12,0.0058909875193340205
K13n4632,13,12,0.0063099418044630998
K13n4633,13,12,0.0062964135694303387
K13n4634,13,10,0.0041218150644320587
K13n4635,13,12,0.013192091973267315
K13n4636,13,12,0.0041187435928043779
K13n4637,13,12,0.00066764730920901099
K13n4638,13,12,0.0078629877082709628
K13n4639,13,12,0.00097343299438261692
K13n464,13,11,0.00037218146531616881
K13n4640,13,11,0.0039458836901414144
K13n4641,13,11,0.0045638155948135714
K13n4642,13,12,0.00035631246631949285
K13n4643,13,11,0.0002078668673113097
K13n4644,13,12,0.013125719096985126
K13n4645,13,12,0.0017448122497878671
K13n4646,13,12,0.0025765500703182863
K13n4647,13,11,0.0046841106284580625
K13n4648,13,12,0.00058712373903086824
K13n4649,13,12,0.00037480725419383032
K13n465,13,11,0.0039564196732874597
K13n4650,13,12,0.0022910236174248882
K13n4651,13,11,0.012943120323312723
K13n4652,13,11,0.0014547743598853564
K13n4653,13,12,0.0010688404189184752
K13n4654,13,12,0.00097542640011116875
K13n4655,13,11,0.0016714974549288553
K13n4656,13,11,0.0025313127302042048
K13n4657,13,11,0.0059580764854813084
K13n4658,13,12,0.00040301551340277716
K13n4659,13,11,0.00031904853191793911
K13n466,13,12,0.00097022473605052814
K13n4660,13,12,0.0039902658640024336
K13n4661,13,12,0.0027240370371245295
K13n4662,13,11,0.0044006334484789824
K13n4663,13,12,0.003516858486501608
K13n4664,13,12,0.00126276866321546
K13n4665,13,12,0.0034562420959191537
K13n4666,13,12,4.7753878825731048e-05
K13n4667,13,12,0.00064627333164752471
K13n4668,13,12,0.0041879141408128423
K13n4669,13,12,0.0032545676248835111
K13n467,13,13,0.0025846943995508588
K13n4670,13,11,0.000587561369330285
K13n4671,13,12,0.00065812974516673921
K13n4672,13,12,0.0054076466334374721
K13n4673,13,11,0.00087767413011018407
K13n4674,13,12,0.0012153988023606206
K13n4675,13,12,0.00054980507167551144
K13n4676,13,12,0.0011866150749908746
K13n4677,13,12,0.00035752560876692812
K13n4678,13,12,0.0036946998306110496
K13n4679,13,12,0.0022451383383857901
K13n468,13,11,0.0019140532381180856
K13n4680,13,12,0.0035749103327738243
K13n4681,13,12,0.00058087586268017785
K13n4682,13,12,0.00069682710805825865
K13n4683,13,12,0.0059764020101478743
K13n4684,13,12,0.0070697881443975118
K13n4685,13,12,1.9643432776401069e-05
K13n4686,13,12,0.0026327633799983572
K13n4687,13,11,0.0016775519039259499
K13n4688,13,11,0.002148348028592705
K13n4689,13,11,0.0029640661106574958
K13n469,13,10,0.00044220714788599058
K13n4690,13,12,0.00454829016610395
K13n4691,13,12,0.0039653313038594106
K13n4692,13,12,0.0084792567621771054
K13n4693,13,11,0.0064060291917480893
K13n4694,13,11,0.0050709946417576606
K13n4695,13,12,0.00028351637855704366
K13n4696,13,12,0.011685201228132517
K13n4697,13,11,0.00037113365331745287
K13n4698,13,12,0.0014870253186382515
K13n4699,13,11,0.0095050851999721863
K13n47,13,12,0.0012324439487582336
K13n470,13,12,0.0035701265732389661
K13n4700,13,12,0.0021641712294086075
K13n4701,13,11,0.0017180636865453953
K13n4702,13,12,0.0038831914508899168
K13n4703,13,12,0.0044451187713946596
K13n4704,13,11,0.00029705895180917466
K13n4705,13,12,0.00039486125113141844
K13n4706,13,11,0.00024161326169728532
K13n4707,13,11,0.0018792641123432888
K13n4708,13,11,0.0024966754110658917
K13n4709,13,11,0.00071261664832050764
K13n471,13,12,0.0031158780340485082
K13n4710,13,11,0.0049688543384775706
K13n4711,13,11,0.00098973838352075833
K13n4712,13,11,0.0018314781765538587
K13n4713,13,11,0.0021950588383258551
K13n4714,13,12,0.00024533949539143194
K13n4715,13,11,0.00045666961685848214
K13n4716,13,11,0.013045455887069282
K13n4717,13,12,0.00027536019476569873
K13n4718,13,12,0.0031206011558209731
K13n4719,13,11,0.0021024674855412906
K13n472,13,12,0.00294973515589218
K13n4720,13,11,0.0041163295691524337
K13n4721,13,12,0.011439900806092694
K13n4722,13,11,0.002760133387458908
K13n4723,13,11,0.0032148304088326068
K13n4724,13,12,0.0053793231306032028
K13n4725,13,11,0.00053740436169409428
K13n4726,13,11,0.00051600054238619614
K13n4727,13,11,0.0037651664750221452
K13n4728,13,12,0.0014354685016138881
K13n4729,13,11,0.0028093251057002859
K13n473,13,12,0.00051191522590535231
K13n4730,13,11,0.0064369033592821595
K13n4731,13,12,0.0012811137081083568
K13n4732,13,11,0.0019592313323062703
K13n4733,13,12,0.0031634741845204799
K13n4734,13,11,0.0051381347840503133
K13n4735,13,11,0.0003934332789388611
K13n4736,13,12,0.0036502047894865415
K13n4737,13,12,6.5072285301929152e-05
K13n4738,13,12,0.0022448595467151802
K13n4739,13,12,0.00034683326101696521
K13n474,13,12,0.0033081051383657511
K13n4740,13,11,0.0020984258331626219
K13n4741,13,11,0.0030486115493248535
K13n4742,13,12,0.0012776225986421152
K13n4743,13,12,0.00041802516648694579
K13n4744,13,11,0.0025854527228356084
K13n4745,13,12,0.0021460610726997099
K13n4746,13,12,0.0043570071820478052
K13n4747,13,11,0.0023085625209485405
K13n4748,13,12,0.00067051467941113291
K13n4749,13,11,0.011210027105338135
K13n475,13,12,0.0032842783182125035
K13n4750,13,12,0.0053088597085347673
K13n4751,13,12,0.0042078053628762891
K13n4752,13,12,0.00096770774319552243
K13n4753,13,12,0.0005696528014460106
K13n4754,13,11,0.0081082802775903316
K13n4755,13,11,0.00055679211916371857
K13n4756,13,12,0.0034513677569003179
K13n4757,13,11,0.0041553863119915564
K13n4758,13,11,0.0040330069647364197
K13n4759,13,11,0.0001010696481447606
K13n476,13,12,0.0063768708772787303
K13n4760,13,11,0.0012762783791238396
K13n4761,13,12,0.0051087217357060448
K13n4762,13,12,0.00084079679104934212
K13n4763,13,11,0.0032846113149861025
K13n4764,13,11,0.0031961707858469716
K13n4765,13,12,0.0019266718969836044
K13n4766,13,11,0.00071837194754314983
K13n4767,13,11,0.001075995970372634
K13n4768,13,11,0.0018334368610026463
K13n4769,13,11,0.0027885206701164598
K13n477,13,12,0.0019484439606963294
K13n4770,13,12,0.0011322289488565629
K13n4771,13,12,0.00030415003281981338
K13n4772,13,12,0.0015483160562349231
K13n4773,13,11,0.0040564515786028991
K13n4774,13,12,0.0012149815251212067
K13n4775,13,12,0.0092290161046886775
K13n4776,13,12,0.00071121452427624779
K13n4777,13,12,0.0024543241907552605
K13n4778,13,12,0.0071344859321590022
K13n4779,13,11,0.0048659838995698925
K13n478,13,12,0.00091932470779092896
K13n4780,13,11,0.00051447185343521135
K13n4781,13,11,0.0018792175044409418
K13n4782,13,12,0.0019080022377532166
K13n4783,13,12,0.0015760456514355885
K13n4784,13,12,0.00035575924652542592
K13n4785,13,11,0.00036574678122784849
K13n4786,13,12,0.0034650348404450314
K13n4787,13,12,7.853047270233563e-05
K13n4788,13,11,0.0081549149633897752
K13n4789,13,12,0.001403565899163126
K13n479,13,12,0.0018368067979976971
K13n4790,13,11,0.0027092577516075514
K13n4791,13,11,0.0029131829542000222
K13n4792,13,12,9.4435996861211212e-05
K13n4793,13,12,0.0051668845655038521
K13n4794,13,11,0.0014364109978752487
K13n4795,13,11,0.0027661410311408167
K13n4796,13,11,0.0043446899329334281
K13n4797,13,12,0.0010296575045306902
K13n4798,13,12,0.0046438743189822478
K13n4799,13,11,0.00045582970457751774
K13n48,13,11,0.0040321531194687649
K13n480,13,12,0.0012060173321749811
K13n4800,13,11,0.0013794812460589899
K13n4801,13,12,0.0010749751774098086
K13n4802,13,11,0.0010538314490759659
K13n4803,13,11,0.0013759074368385089
K13n4804,13,11,0.006267951920229135
K13n4805,13,11,0.0021527397410219182
K13n4806,13,11,0.00081157052862139369
K13n4807,13,11,0.0010627242014224845
K13n4808,13,11,0.0022792108715423208
K13n4809,13,11,0.0023255258515619982
K13n481,13,12,0.003079065022848845
K13n4810,13,12,0.0010230128568441237
K13n4811,13,12,0.0027764827379865189
K13n4812,13,12,0.00036393602965107102
K13n4813,13,12,0.0020963595195712882
K13n4814,13,12,0.00025432843661755148
K13n4815,13,12,0.0016273351743126242
K13n4816,13,12,0.0038279308136606473
K13n4817,13,12,0.0026606656391438238
K13n4818,13,12,0.017355700030112949
K13n4819,13,11,0.00074715432157219713
K13n482,13,12,0.0032155499216557242
K13n4820,13,12,0.001181794755833007
K13n4821,13,12,0.0069505032456688605
K13n4822,13,12,0.0020745034344070582
K13n4823,13,11,0.0011940992428059985
K13n4824,13,11,0.0019008028698774828
K13n4825,13,11,0.0015957373787476041
K13n4826,13,12,0.00013912351383797982
K13n4827,13,12,0.00089943400914967218
K13n4828,13,11,0.0018520352070299619
K13n4829,13,12,0.0010807621546514777
K13n483,13,12,0.00040664413205745498
K13n4830,13,12,0.00082860146663327129
K13n4831,13,12,0.0014781219905423903
K13n4832,13,12,0.0021806761214433561
K13n4833,13,12,0.0002358367197755582
K13n4834,13,12,0.0037602863462354924
K13n4835,13,11,0.0056247599759953297
K13n4836,13,12,0.00021354156245648276
K13n4837,13,11,0.0018782247960946416
K13n4838,13,12,0.0039415529235753968
K13n4839,13,12,0.0015251323463344368
K13n484,13,12,0.0013245017016296253
K13n4840,13,12,0.0049410366267602793
K13n4841,13,12,0.00042449155327097866
K13n4842,13,12,0.0035815713241859289
K13n4843,13,12,0.0029350845462202623
K13n4844,13,11,0.011550798513543722
K13n4845,13,12,0.0035676401902839275
K13n4846,13,12,0.0017219384147090435
K13n4847,13,12,0.00091401147972958749
K13n4848,13,11,0.0024152349315053629
K13n4849,13,12,0.00049290950997169392
K13n485,13,12,0.0011167528257941186
K13n4850,13,11,1.9087005177393028e-05
K13n4851,13,11,0.0023149555770097439
K13n4852,13,12,0.00099716809844248517
K13n4853,13,12,0.00041550274946329014
K13n4854,13,12,0.0020034708536626751
K13n4855,13,11,3.4458654735987324e-05
K13n4856,13,11,0.0020580864415653071
K13n4857,13,12,0.00091342499642831922
K13n4858,13,11,0.00088670559919402003
K13n4859,13,11,0.00034906761918567289
K13n486,13,12,0.0041368154059892174
K13n4860,13,11,0.00037347878144934111
K13n4861,13,11,0.0011977060467424341
K13n4862,13,11,0.0028177338593369902
K13n4863,13,12,0.00067592346511677966
K13n4864,13,12,0.0006978801769255737
K13n4865,13,10,0.0005597589939893865
K13n4866,13,12,0.0017796445729128989
K13n4867,13,11,0.0046503623506248728
K13n4868,13,11,0.00011034250558221094
K13n4869,13,12,0.00052754814706078323
K13n487,13,12,0.00815813071722255
K13n4870,13,12,0.00037383468785413582
K13n4871,13,12,0.00049673831815079633
K13n4872,13,12,0.0006755069331229425
K13n4873,13,12,0.0048571710445807492
K13n4874,13,11,0.0030147816577544523
K13n4875,13,11,0.0014978468838023949
K13n4876,13,11,0.0049725938927032923
K13n4877,13,11,0.0025647417448905847
K13n4878,13,11,0.00066608530342548056
K13n4879,13,11,0.0023046971117233997
K13n488,13,12,0.0061506977636575861
K13n4880,13,11,0.0023015665919278697
K13n4881,13,12,0.00046852377996603234
K13n4882,13,12,3.4696429095624404e-05
K13n4883,13,12,0.0043250797359381168
K13n4884,13,12,0.00089844342985973241
K13n4885,13,12,0.00022102513856629618
K13n4886,13,11,0.005448683791362219
K13n4887,13,12,0.0007292928271789771
K13n4888,13,12,0.0036174837500583617
K13n4889,13,12,0.0019110790516104206
K13n489,13,12,0.0011086351598366426
K13n4890,13,12,0.0017811848837650985
K13n4891,13,11,0.0039850035027212943
K13n4892,13,12,0.00068556394201676823
K13n4893,13,11,0.0010746360373911023
K13n4894,13,12,0.0035712330258890279
K13n4895,13,11,0.0042925382207486774
K13n4896,13,11,0.0017854524764336153
K13n4897,13,11,0.00033148427998274597
K13n4898,13,11,0.0064355501196965981
K13n4899,13,11,0.0022397472432884214
K13n49,13,12,0.0023394273538155886
K13n490,13,12,0.00062232556039009432
K13n4900,13,12,0.0035006580601249669
K13n4901,13,11,0.00041600608215831548
K13n4902,13,11,0.0024260875001122307
K13n4903,13,11,0.0050020121594188047
K13n4904,13,12,0.0037240207356088488
K13n4905,13,11,0.0029255638468072701
K13n4906,13,11,0.0021872216704748974
K13n4907,13,12,0.00213290764123853
K13n4908,13,12,0.0024320817888291053
K13n4909,13,12,0.00054133948441928642
K13n491,13,12,0.0031715447210934251
K13n4910,13,12,0.0010051143973307637
K13n4911,13,12,0.0016467428524082736
K13n4912,13,11,0.0064874508970394701
K13n4913,13,11,0.00688181242385855
K13n4914,13,11,0.00014190525889714559
K13n4915,13,12,0.0095194155293778573
K13n4916,13,12,0.0076457441846701614
K13n4917,13,12,0.0009188718806453877
K13n4918,13,12,0.0013173035788402675
K13n4919,13,12,0.0024037544650435264
K13n492,13,12,0.0035225861688061777
K13n4920,13,12,0.0035272389268221831
K13n4921,13,12,0.0029765541974989761
K13n4922,13,11,0.0035424108764758816
K13n4923,13,11,0.0018353952565949557
K13n4924,13,11,0.00030180888888211807
K13n4925,13,12,0.00030388444792576135
K13n4926,13,11,0.0040070146334136121
K13n4927,13,11,0.0083705564880493695
K13n4928,13,11,0.000128137868549972
K13n4929,13,11,0.00080910195768953792
K13n493,13,12,0.0013685623756117141
K13n4930,13,11,0.0054004816344943888
K13n4931,13,11,0.0033384545779010918
K13n4932,13,11,0.00050195173194688726
K13n4933,13,11,0.010599284271900005
K13n4934,13,11,0.0008167383307314726
K13n4935,13,12,0.00032419566867424385
K13n4936,13,12,0.0025293974956835364
K13n4937,13,11,0.00057591919454594873
K13n4938,13,12,0.00081632024171286396
K13n4939,13,12,0.00019674659587089365
K13n494,13,12,0.0042175029252849291
K13n4940,13,12,0.0038335036730119255
K13n4941,13,12,0.00011278167501404415
K13n4942,13,12,0.0045708876623242536
K13n4943,13,12,0.0027904679709184182
K13n4944,13,12,0.00019386532278429489
K13n4945,13,12,0.0021661373295787569
K13n4946,13,12,0.0015214851670862731
K13n4947,13,12,0.00022444549339980374
K13n4948,13,12,0.0076372068308540476
K13n4949,13,12,0.0017039295321100642
K13n495,13,12,0.0025313746331868531
K13n4950,13,11,0.00046622785798031277
K13n4951,13,12,0.0015385052603702997
K13n4952,13,11,2.5583022304747881e-05
K13n4953,13,12,0.00049075335523878318
K13n4954,13,11,0.0023937608615917983
K13n4955,13,11,0.0082694136485191982
K13n4956,13,10,0.0013011291624095329
K13n4957,13,11,0.0016202897705888133
K13n4958,13,12,0.0052005146438024331
K13n4959,13,11,0.00021139045393394617
K13n496,13,12,0.0028082393484837624
K13n4960,13,11,0.0012010968262639945
K13n4961,13,11,0.0010991762152774151
K13n4962,13,11,0.0016318525281643962
K13n4963,13,12,0.0029607446305910277
K13n4964,13,12,0.0011150433493726452
K13n4965,13,11,0.00094678069370112577
K13n4966,13,11,0.00099313421073251619
K13n4967,13,12,0.0063851150152943129
K13n4968,13,11,0.00073853990105417623
K13n4969,13,12,0.00016975013774159383
K13n497,13,12,0.0028896061535619629
K13n4970,13,12,0.00097747800518358072
K13n4971,13,12,0.00059676109548745986
K13n4972,13,12,0.00073909239749576688
K13n4973,13,12,4.5303802923126373e-05
K13n4974,13,12,0.00630287865680953
K13n4975,13,12,0.00082192265212830946
K13n4976,13,12,0.0061491385851754161
K13n4977,13,11,0.00016021021472339598
K13n4978,13,12,0.0063302550184148191
K13n4979,13,11,0.0038012453587066442
K13n498,13,12,0.00038503746240755655
K13n4980,13,12,0.0011730386768396559
K13n4981,13,12,0.0023121673963718316
K13n4982,13,11,0.0050903974419260105
K13n4983,13,12,0.00024046553720061362
K13n4984,13,12,0.0023285100469061593
K13n4985,13,12,0.00019331291993416672
K13n4986,13,12,0.0018504710849794766
K13n4987,13,12,0.0019507934962000797
K13n4988,13,11,0.0031510245668605109
K13n4989,13,11,0.0019380809345738827
K13n499,13,12,1.7667929771214781e-05
K13n4990,13,12,0.0023648294120661938
K13n4991,13,12,0.0038595757498613385
K13n4992,13,12,0.0016025107300764476
K13n4993,13,12,0.00024727684522643625
K13n4994,13,12,0.0069675604098867654
K13n4995,13,12,0.0027292374293659189
K13n4996,13,12,0.0028352169603239087
K13n4997,13,12,0.0019096503509007407
K13n4998,13,11,0.00094548708409122276
K13n4999,13,12,0.010003655735118926
K13n5,13,12,0.00028489209707456895
K13n50,13,12,0.0021198454989890133
K13n500,13,11,0.0023757211880296248
K13n5000,13,11,0.00018388764012327067
K13n5001,13,11,0.0021199445572249193
K13n5002,13,12,0.00517517818834553
K13n5003,13,11,0.0021846522762975699
K13n5004,13,11,0.00059466249216336327
K13n5005,13,12,0.0015573036228152043
K13n5006,13,11,0.00023356118049752475
K13n5007,13,11,0.0025349380952778568
K13n5008,13,12,0.00442688665398582
K13n5009,13,12,0.0004318181772412901
K13n501,13,11,0.002466468047671025
K13n5010,13,11,0.00049073311286212669
K13n5011,13,11,0.00037312441295722702
K13n5012,13,11,0.00080998064978557612
K13n5013,13,12,0.0021030156081712206
K13n5014,13,12,0.0066591323952480208
K13n5015,13,12,0.0003537633558046519
K13n5016,13,12,0.0021707534446498301
K13n5017,13,11,0.0037067053052385998
K13n5018,13,10,0.00072496935652730931
K13n5019,13,11,0.0024525153164866075
K13n502,13,12,0.0011255078996871327
K13n5020,13,11,0.0011228410784764197
K13n5021,13,12,0.004776275817380952
K13n5022,13,12,0.00070500167697609055
K13n5023,13,12,0.00038480045176667629
K13n5024,13,12,0.0018218915515880185
K13n5025,13,11,0.0016186916831146373
K13n5026,13,12,0.0016419750528138888
K13n5027,13,11,0.00010859392177366979
K13n5028,13,12,5.6370199850386793e-05
K13n5029,13,12,0.0021018460671249056
K13n503,13,12,0.0046973687831711602
K13n5030,13,12,0.0012968869721132303
K13n5031,13,12,1.979152574241395e-05
K13n5032,13,12,0.0018167863263804237
K13n5033,13,12,0.00050232032910971583
K13n5034,13,12,4.4209022111197838e-05
K13n5035,13,12,0.0016690227178589633
K13n5036,13,12,0.0016784872793091927
K13n5037,13,12,0.0047705912871819009
K13n5038,13,12,0.0075926347424491187
K13n5039,13,11,0.0010568953644607708
K13n504,13,12,4.0418792916365174e-05
K13n5040,13,11,3.8135906046986271e-05
K13n5041,13,11,0.00058964922544917412
K13n5042,13,12,0.0028011634840970725
K13n5043,13,11,0.0018284753079026036
K13n5044,13,12,0.0098625719233719905
K13n5045,13,11,0.0022763712220287874
K13n5046,13,11,0.0089711826988367587
K13n5047,13,12,0.00062028955933124039
K13n5048,13,11,0.00090758860874739209
K13n5049,13,12,0.0012375458817052466
K13n505,13,11,0.0094283954429253813
K13n5050,13,12,0.00043297604299341716
K13n5051,13,12,0.0075935583976344621
K13n5052,13,12,0.0010008168098459243
K13n5053,13,12,0.0017402127831019313
K13n5054,13,12,0.0019049405519504913
K13n5055,13,11,0.00073888407445540255
K13n5056,13,11,0.0029491448362733634
K13n5057,13,11,0.00017576296411871931
K13n5058,13,11,0.0013484177347911183
K13n5059,13,12,0.00084620809131722232
K13n506,13,11,0.001194578518268295
K13n5060,13,12,0.0011041393292356959
K13n5061,13,11,0.00052117771723676873
K13n5062,13,12,0.0039256787353519878
K13n5063,13,12,0.0032309865582146728
K13n5064,13,12,0.0059103318342168289
K13n5065,13,12,0.0030795738143519062
K13n5066,13,11,0.00065775236512071746
K13n5067,13,11,0.0031916738584314773
K13n5068,13,11,0.00202534051321846
K13n5069,13,12,0.00030558392794419821
K13n507,13,12,0.001761974988324914
K13n5070,13,12,0.0062659469934644805
K13n5071,13,11,0.0015148413749565676
K13n5072,13,11,0.00039243571616455643
K13n5073,13,11,0.0076623913959109231
K13n5074,13,11,0.0011440379117544793
K13n5075,13,12,0.00039600063560794651
K13n5076,13,12,0.0056383341969968286
K13n5077,13,12,0.00091354069857760083
K13n5078,13,11,0.0019608638517016721
K13n5079,13,11,0.0011155014155619035
K13n508,13,12,0.0033503951559748463
K13n5080,13,12,0.00025152476932290333
K13n5081,13,11,0.0041929370238535319
K13n5082,13,11,0.0013368379019082473
K13n5083,13,11,0.011589019788897422
K13n5084,13,11,0.0019179156737246415
K13n5085,13,11,0.00017468191805935216
K13n5086,13,12,3.3987859196025177e-05
K13n5087,13,12,0.0037052262873507168
K13n5088,13,12,0.0018300023894574108
K13n5089,13,11,0.0016980300141333129
K13n509,13,12,0.00097385433597951029
K13n5090,13,11,0.00023705018813317672
K13n5091,13,11,0.0018170646722573786
K13n5092,13,11,0.0090406461693269668
K13n5093,13,11,0.0021228770976375322
K13n5094,13,12,0.002608143199866202
K13n5095,13,11,0.0031286086943136094
K13n5096,13,11,0.0078205823659155717
K13n5097,13,11,0.0033926172091335808
K13n5098,13,12,0.0048296574815484255
K13n5099,13,11,0.002106281507271299
K13n51,13,12,0.0008288594080661329
K13n510,13,11,0.00042320881005359663
K13n5100,13,11,0.001582057060581854
K13n5101,13,11,0.0032611308632348882
K13n5102,13,12,0.0011615112407602575
K13n5103,13,12,0.0010362661619552473
K13n5104,13,12,0.015714199914433763
K13n5105,13,11,0.00064526320110984609
K13n5106,13,11,0.0052168937515623404
K13n5107,13,11,0.00098808785806088094
K13n5108,13,12,0.00047391146211832579
K13n5109,13,12,0.0010445783307528379
K13n511,13,11,0.018580455002179096
K13n5110,13,11,0.0029338926223476539
K13n512,13,11,0.0012998239154619537
K13n513,13,11,0.0012971583160287135
K13n514,13,12,0.0032887804084533287
K13n515,13,12,0.012619959813907221
K13n516,13,12,0.0061597796593704218
K13n517,13,11,0.017035713459542568
K13n518,13,11,0.00016567069037883405
K13n519,13,11,0.0011520827200977514
K13n52,13,12,0.002075167079419855
K13n520,13,11,0.0029376752215616603
K13n521,13,12,0.0045523670107810018
K13n522,13,12,8.3462327039247742e-05
K13n523,13,12,0.00053952720762735827
K13n524,13,11,0.0023251055652645848
K13n525,13,12,0.0023923170278789502
K13n526,13,12,0.00189093079751083
K13n527,13,12,0.00048161158323317021
K13n528,13,12,0.0047577843835399803
K13n529,13,11,0.0019971779187972281
K13n53,13,12,0.0037997350716932801
K13n530,13,11,0.001661866384212244
K13n531,13,13,0.0055537025961624568
K13n532,13,12,0.00081980668786618227
K13n533,13,12,0.00052306072091428736
K13n534,13,12,0.00048128385163501603
K13n535,13,12,0.0013580831920096182
K13n536,13,12,0.0045958624848073211
K13n537,13,12,0.0024180865358669466
K13n538,13,12,3.8584864662899483e-05
K13n539,13,12,0.0009297830333725584
K13n54,13,11,0.000354516273445874
K13n540,13,12,0.00084819998129761749
K13n541,13,12,0.0047968399384652038
K13n542,13,12,0.00082733674193093576
K13n543,13,12,0.0049851709023652283
K13n544,13,12,0.0033758977839984049
K13n545,13,12,0.0044056428076940761
K13n546,13,12,0.00063578063746636438
K13n547,13,12,0.0011387914878230512
K13n548,13,12,0.00061066149208280351
K13n549,13,12,0.0035603378133510911
K13n55,13,12,0.0049230479402575418
K13n550,13,12,0.0028831357665580356
K13n551,13,12,0.0023616142000066802
K13n552,13,12,0.0066966024205210349
K13n553,13,12,0.0018982344658625369
K13n554,13,12,0.0042908353597025592
K13n555,13,12,0.0043796522828133851
K13n556,13,12,0.0059265287271550744
K13n557,13,12,0.011910222472401592
K13n558,13,11,0.0027268232676707655
K13n559,13,12,0.0010632146306811948
K13n56,13,12,0.0033103475959669112
K13n560,13,12,0.00033023642866202718
K13n561,13,11,0.0041554492968304451
K13n562,13,11,0.005034633141377645
K13n563,13,11,0.0026282251916600712
K13n564,13,12,0.0017627865842041479
K13n565,13,12,0.0022995827469375219
K13n566,13,12,0.0035543202032350318
K13n567,13,11,0.002736905225304185
K13n568,13,11,0.0068700781428266463
K13n569,13,11,0.0010793075725821092
K13n57,13,12,0.0035118858887761319
K13n570,13,11,0.00067239592658848064
K13n571,13,11,0.00111017519509859
K13n572,13,12,0.0056304690146808051
K13n573,13,12,0.0021619449654423904
K13n574,13,11,0.0079338850153260771
K13n575,13,12,9.7686656039774791e-05
K13n576,13,11,0.00028536328720303741
K13n577,13,11,0.00033403404384536851
K13n578,13,11,0.00020467802534092453
K13n579,13,11,0.0014943127355834152
K13n58,13,12,2.2197787024574527e-05
K13n580,13,12,0.00023624963266820584
K13n581,13,12,0.00093038687796765697
K13n582,13,11,0.0041077595602798138
K13n583,13,11,0.005238440306584405
K13n584,13,10,0.0020192044703886739
K13n585,13,11,0.0042232629503460729
K13n586,13,10,0.00015816090595405284
K13n587,13,11,0.0010366953316066371
K13n588,13,11,0.024087875044699451
K13n589,13,11,0.0013877765932952578
K13n59,13,12,0.002673961679547995
K13n590,13,12,0.00097666888394115571
K13n591,13,11,0.00027186817017705374
K13n592,13,10,0.0083044572060480184
K13n593,13,10,0.0047538425125336339
K13n594,13,12,0.0008649188950479818
K13n595,13,12,0.0010818920757793297
K13n596,13,12,0.00020814772930721293
K13n597,13,12,0.0074764865701692869
K13n598,13,11,0.0035204516495085489
K13n599,13,11,0.0024108462967160414
K13n6,13,12,0.0021505753885688269
K13n60,13,11,0.0026903142959309183
K13n600,13,11,0.0030202495157389069
K13n601,13,11,6.0011395551262871e-05
K13n602,13,10,0.00068350435863292569
K13n603,13,10,0.0024111560174899407
K13n604,13,10,0.0017185671740833058
K13n605,13,11,0.0013135958510581815
K13n606,13,11,0.00279597791085662
K13n607,13,10,0.0010627414277573992
K13n608,13,10,0.0021478441423897943
K13n609,13,11,0.0008398576973471162
K13n61,13,11,0.00025188529602849493
K13n610,13,11,2.3180670654593602e-05
K13n611,13,11,0.0068321070706558783
K13n612,13,11,0.00020978915686430016
K13n613,13,11,0.0021646798421122086
K13n614,13,11,0.0013644895544193956
K13n615,13,12,0.0033020114045364756
K13n616,13,12,0.0016051744917146011
K13n617,13,12,0.00093886273205054697
K13n618,13,12,0.0058024938768668679
K13n619,13,11,0.0045822961031051941
K13n62,13,11,0.0036722678162766265
K13n620,13,12,0.0018647734720662302
K13n621,13,12,0.0023820515487403293
K13n622,13,11,0.0022576435657360176
K13n623,13,12,0.0050200717666847201
K13n624,13,12,0.0018319294476762393
K13n625,13,12,0.0041036840299282082
K13n626,13,12,0.00073517872469889341
K13n627,13,12,0.0002772871213783249
K13n628,13,11,0.0023268037945160269
K13n629,13,11,0.0052031920242374277
K13n63,13,12,0.0029438675040113806
K13n630,13,11,0.00067540237936677624
K13n631,13,11,0.0046573014089586924
K13n632,13,12,0.0018636673522796057
K13n633,13,11,0.00066048076356660726
K13n634,13,11,0.0021441126924805314
K13n635,13,11,0.0010590216075620329
K13n636,13,11,0.00156642663143667
K13n637,13,12,0.0036639976546616292
K13n638,13,12,0.0030824938639999844
K13n639,13,12,0.0060198999838268485
K13n64,13,12,0.0014036974044912603
K13n640,13,12,0.0022592361886867845
K13n641,13,12,0.0016930459300015157
K13n642,13,12,0.0079370043351134328
K13n643,13,12,0.0018817193883919226
K13n644,13,11,0.0022947214414850993
K13n645,13,11,0.00336273815609804
K13n646,13,11,0.00014834422903012905
K13n647,13,11,1.4886925222388807e-05
K13n648,13,11,0.0068065636310747054
K13n649,13,11,0.0073475024918125183
K13n65,13,12,0.00061694448911560036
K13n650,13,12,3.6405847563302048e-05
K13n651,13,11,0.0017937278800962784
K13n652,13,11,0.0013242998727670467
K13n653,13,12,0.00074196051108318191
K13n654,13,12,0.0071235077646505593
K13n655,13,12,0.00035405249753786843
K13n656,13,12,0.0083665524954445632
K13n657,13,12,0.0007526890514448388
K13n658,13,12,0.00054663359915678401
K13n659,13,12,0.0025810027262579784
K13n66,13,12,0.00051463172149780279
K13n660,13,12,0.0041761220978394934
K13n661,13,11,0.0085020832985945316
K13n662,13,11,0.0017018934422890855
K13n663,13,12,0.0046647380453940634
K13n664,13,12,0.0043099577670765651
K13n665,13,12,0.00066386027391041361
K13n666,13,12,0.0034256462930144079
K13n667,13,11,0.00071476763594641298
K13n668,13,12,0.0023589756695880865
K13n669,13,12,0.0026528584841070606
K13n67,13,12,0.0010692906086742335
K13n670,13,12,0.00062701839568230476
K13n671,13,12,0.003691639955425229
K13n672,13,12,0.0009129508761224149
K13n673,13,11,0.00051040688073244393
K13n674,13,12,0.0049232713995751498
K13n675,13,12,0.0028387390801013546
K13n676,13,12,0.0061470768143758216
K13n677,13,12,0.01005361052307107
K13n678,13,12,0.0005912451061363791
K13n679,13,11,0.036869052106656169
K13n68,13,12,0.0015189262598447658
K13n680,13,12,0.001058082823880176
K13n681,13,12,0.014347517900368546
K13n682,13,12,0.001362889688881189
K13n683,13,12,0.0046164859066550627
K13n684,13,12,0.0052090818762512139
K13n685,13,11,0.00085600433942434849
K13n686,13,12,0.0019506052186275393
K13n687,13,12,0.004715869466495908
K13n688,13,12,0.0001704391136416583
K13n689,13,12,0.0015573775498939687
K13n69,13,12,0.001272194310145238
K13n690,13,12,0.00021245403233680519
K13n691,13,12,0.0031146120730051238
K13n692,13,12,0.00053619050911258616
K13n693,13,12,0.00081559197409093189
K13n694,13,11,0.0019611341697710369
K13n695,13,11,0.0029970662174717711
K13n696,13,11,0.002873889081701277
K13n697,13,12,0.0005743921305780994
K13n698,13,12,0.0077822813662009977
K13n699,13,12,0.00028473900951661232
K13n7,13,11,0.0060324019171643789
K13n70,13,12,0.0072163323028255717
K13n700,13,11,0.0031037129261673574
K13n701,13,12,0.010767691647618311
K13n702,13,12,0.0065139981442369462
K13n703,13,12,0.0042531500776889063
K13n704,13,11,0.00043254644799829451
K13n705,13,11,0.0012370470606554833
K13n706,13,11,0.00015655283623870056
K13n707,13,11,0.0018655288491683806
K13n708,13,12,0.0010250054499004579
K13n709,13,11,0.002318310205202088
K13n71,13,12,0.00033717381862784403
K13n710,13,11,0.0092634595813680838
K13n711,13,11,0.00027652970480949388
K13n712,13,11,0.00026039212057001645
K13n713,13,11,0.00078880936695499603
K13n714,13,11,0.004260118150200865
K13n715,13,11,0.010811887253892224
K13n716,13,11,0.0042149714542928183
K13n717,13,11,0.00031040727611390671
K13n718,13,12,0.00036961393560093188
K13n719,13,12,0.013079917920137324
K13n72,13,12,0.00033177005681617075
K13n720,13,12,0.00030079558563843008
K13n721,13,12,0.00084905766090085711
K13n722,13,12,0.00013862816004600113
K13n723,13,11,1.1483848071744109e-05
K13n724,13,11,0.0004695871855951897
K13n725,13,11,0.0024478200315878724
K13n726,13,10,0.0053834852910310945
K13n727,13,11,0.0013471710168385413
K13n728,13,12,0.00039161369979360595
K13n729,13,12,0.002733028868678271
K13n73,13,12,0.011394484923991728
K13n730,13,12,0.0024097208198526356
K13n731,13,11,0.0041921719194417178
K13n732,13,11,0.00192387330672285
K13n733,13,12,0.00038940458739873516
K13n734,13,12,0.00030220198073813072
K13n735,13,12,0.0064078744661493301
K13n736,13,12,0.0031133965565873223
K13n737,13,12,0.0032260596556679785
K13n738,13,12,0.0013231147187183921
K13n739,13,12,0.0018742325424115837
K13n74,13,12,0.00020141470256842718
K13n740,13,12,0.0057148112114935026
K13n741,13,12,0.0090908556584939557
K13n742,13,12,0.001377038197622538
K13n743,13,12,0.0028280153426312733
K13n744,13,12,0.0032720355104791836
K13n745,13,12,0.00040235296099847418
K13n746,13,12,0.00029993893123412651
K13n747,13,11,3.2600404552517008e-05
K13n748,13,11,0.003315643497446286
K13n749,13,12,0.0019330857025385523
K13n75,13,12,0.0068125559166734191
K13n750,13,12,0.00031271832332724071
K13n751,13,12,0.013301473675205289
K13n752,13,11,0.003356738496608184
K13n753,13,12,0.00020178796114153305
K13n754,13,12,0.00055230053777739643
K13n755,13,12,1.1373491590375272e-05
K13n756,13,12,0.001016284923287271
K13n757,13,12,0.0014437342680120281
K13n758,13,11,0.004704849892343199
K13n759,13,12,0.0025606870625970871
K13n76,13,12,0.0010197819516747902
K13n760,13,12,0.003904899833917582
K13n761,13,12,0.0012327094217779659
K13n762,13,11,0.011242895142273203
K13n763,13,11,0.010020723020524478
K13n764,13,12,0.0040848913343415408
K13n765,13,11,0.00070762082186050419
K13n766,13,12,0.0011154874735967225
K13n767,13,12,0.0020245833504880031
K13n768,13,12,0.0027835380830406931
K13n769,13,12,0.0021817441248675106
K13n77,13,12,0.0025879943834948601
K13n770,13,12,0.0088318368137756485
K13n771,13,12,0.015454048536343469
K13n772,13,12,0.0010588386574294326
K13n773,13,12,0.00012178966902304803
K13n774,13,12,0.0038244719846288917
K13n775,13,12,6.0880279736877481e-05
K13n776,13,12,0.0040578203340680312
K13n777,13,11,0.0015680038669765881
K13n778,13,11,0.00083981129287294095
K13n779,13,12,0.0020002788212991674
K13n78,13,12,0.0042422393540945298
K13n780,13,12,0.0016331981380781865
K13n781,13,12,0.0016550608174594429
K13n782,13,12,0.0004392444094680326
K13n783,13,12,0.0028314635966611035
K13n784,13,12,0.00031432763427885957
K13n785,13,12,0.0057655316838138224
K13n786,13,12,0.0040157020317211642
K13n787,13,11,0.0030297398071284999
K13n788,13,12,0.00068818010641541016
K13n789,13,12,0.0034092813376008315
K13n79,13,12,0.0022110209033895031
K13n790,13,12,0.0015787576890760222
K13n791,13,12,4.3697049474896373e-05
K13n792,13,12,0.00035903219803492436
K13n793,13,12,0.0023743780144340927
K13n794,13,12,0.0025804459866284701
K13n795,13,12,0.00064594525287709707
K13n796,13,12,0.0031016294284742017
K13n797,13,12,0.0041051304356899626
K13n798,13,12,0.0021764776497448378
K13n799,13,11,0.00018911603020112727
K13n8,13,12,0.010374779987834957
K13n80,13,12,0.0049337111614014637
K13n800,13,12,0.0033363365853827189
K13n801,13,11,9.5724357172529163e-05
K13n802,13,12,0.0031489605005450201
K13n803,13,12,0.0029848511081441531
K13n804,13,11,0.0018411868864668252
K13n805,13,12,0.0034407409541972528
K13n806,13,12,0.0025235059546613176
K13n807,13,12,0.0025850590884480417
K13n808,13,12,0.00046768578231395252
K13n809,13,12,0.00026264398326727626
K13n81,13,12,0.0023496216957057552
K13n810,13,11,0.013044356515164356
K13n811,13,12,0.0015371907459980313
K13n812,13,12,0.003629406881124488
K13n813,13,12,0.00084827443711369061
K13n814,13,12,0.0017199372483047333
K13n815,13,12,0.0044540277221094748
K13n816,13,11,0.003388281690896396
K13n817,13,12,0.0034320644522527707
K13n818,13,12,0.0051692966719671576
K13n819,13,12,0.0038843923932973439
K13n82,13,12,0.00067707493132022
K13n820,13,12,0.0044724409730609793
K13n821,13,12,0.00010718482083254486
K13n822,13,12,0.00045234271576846354
K13n823,13,11,0.0044952608405750714
K13n824,13,11,0.0064867077773185415
K13n825,13,12,0.00020064344077576549
K13n826,13,12,0.021128099429942381
K13n827,13,12,0.0096952160022617181
K13n828,13,12,0.00854655044671228
K13n829,13,12,0.0028727025392628956
K13n83,13,12,0.0040050376296576996
K13n830,13,11,8.0303400853383954e-05
K13n831,13,12,0.00092965005883797124
K13n832,13,12,0.00034706748388553212
K13n833,13,12,0.0018112903818297409
K13n834,13,12,0.0022790680634000231
K13n835,13,11,0.00013536885410537908
K13n836,13,11,0.0014996769397213584
K13n837,13,11,0.0073891077556085781
K13n838,13,12,0.0052597487346347019
K13n839,13,12,6.450563970910213e-05
K13n84,13,12,0.0040245862894818301
K13n840,13,11,0.0048183289488592553
K13n841,13,12,0.0015655919486405984
K13n842,13,12,1.8437282739541682e-05
K13n843,13,12,0.00048185831570435686
K13n844,13,12,0.0087789760227201773
K13n845,13,12,0.004516778766972201
K13n846,13,12,0.0051544975053439811
K13n847,13,12,0.0047910085671073865
K13n848,13,12,0.00045635727564910847
K13n849,13,12,0.00031510483838881743
K13n85,13,12,0.0065958715188601039
K13n850,13,12,0.0072196431075682377
K13n851,13,12,0.0040326860173829967
K13n852,13,12,0.0076519314866822594
K13n853,13,12,0.0020939581603494212
K13n854,13,12,0.00044034234520236022
K13n855,13,12,0.0016528722949363302
K13n856,13,12,0.003352322167920814
K13n857,13,11,0.0017652200821682436
K13n858,13,12,0.00038984153148873804
K13n859,13,12,0.017090713253958806
K13n86,13,12,0.00045389888698163131
K13n860,13,12,0.016325608496901907
K13n861,13,12,0.0035392462733059202
K13n862,13,12,0.00023811031423509723
K13n863,13,12,0.0059343280140067367
K13n864,13,12,0.00045934874472606222
K13n865,13,12,0.0022736817017992694
K13n866,13,12,0.0013363873359426876
K13n867,13,12,0.00070612181532163918
K13n868,13,12,0.0044588614143692426
K13n869,13,12,0.0038203032601849523
K13n87,13,12,0.0016502250501127743
K13n870,13,12,0.0028141819043850979
K13n871,13,12,0.0063924638770987297
K13n872,13,12,0.0018245904533038049
K13n873,13,12,0.0019549388127934469
K13n874,13,12,0.0025174321801586593
K13n875,13,12,0.012917538112200025
K13n876,13,12,0.0069919270377755589
K13n877,13,11,0.0016013064489855402
K13n878,13,12,0.0047925399005942382
K13n879,13,12,0.0057371741757205
K13n88,13,12,0.0029385165549595874
K13n880,13,11,0.0017406559505709651
K13n881,13,11,0.00019838756730301986
K13n882,13,11,0.0080462414172473243
K13n883,13,11,0.002119091154885084
K13n884,13,11,0.0047955527654569997
K13n885,13,12,0.017924066923889776
K13n886,13,12,0.00092939092842632745
K13n887,13,11,0.0044611195468042628
K13n888,13,12,0.0029946376764632228
K13n889,13,12,0.00069692920562937724
K13n89,13,12,0.0023436919873541327
K13n890,13,11,0.0012839141108586599
K13n891,13,12,0.0039176023324043645
K13n892,13,12,0.013035435474998233
K13n893,13,12,0.0018391717292449898
K13n894,13,12,0.0070128556086802192
K13n895,13,12,0.0055918724089280359
K13n896,13,12,0.001161336638952958
K13n897,13,12,0.0028222926127734619
K13n898,13,12,0.0052077276081486362
K13n899,13,12,0.0017459435199452058
K13n9,13,12,0.0039311624629375236
K13n90,13,11,0.0014167319480661181
K13n900,13,12,0.0018752784567139117
K13n901,13,12,0.0069260401546484751
K13n902,13,11,0.00028265565971643234
K13n903,13,11,0.00051154599672870551
K13n904,13,12,0.00074500701935556468
K13n905,13,12,9.0565285660638249e-05
K13n906,13,12,0.0077498200085637974
K13n907,13,12,0.0069862479444055521
K13n908,13,12,0.0030204976900273504
K13n909,13,12,0.00031905706697899676
K13n91,13,12,0.0046902373120903101
K13n910,13,12,0.00030245766018443751
K13n911,13,11,0.004756668742354888
K13n912,13,11,0.002520247947843988
K13n913,13,12,0.0012345827606283638
K13n914,13,11,0.0039653781000999061
K13n915,13,11,0.0012053232615863373
K13n916,13,12,0.0018407699054817873
K13n917,13,12,0.005953015115166568
K13n918,13,11,0.0030182001464079942
K13n919,13,11,0.015853769822461262
K13n92,13,12,0.001786772808461821
K13n920,13,12,0.0048107592845408513
K13n921,13,12,0.00054140903289368438
K13n922,13,12,0.006446865237073828
K13n923,13,12,0.00043008615018512306
K13n924,13,12,0.0097783235055318284
K13n925,13,12,0.0015104266087814235
K13n926,13,11,0.00084952613667469063
K13n927,13,11,0.001065386717115814
K13n928,13,12,0.0010713321393875104
K13n929,13,12,0.0087616792245122452
K13n93,13,11,0.0099008562061905399
K13n930,13,12,0.0027994944387415496
K13n931,13,12,0.0014424102614452206
K13n932,13,12,0.0020366988517776497
K13n933,13,12,0.0050712481734642096
K13n934,13,12,0.0075809451825009705
K13n935,13,12,0.00053343658647563485
K13n936,13,12,0.00057150301655739305
K13n937,13,12,0.0033189219667682851
K13n938,13,12,0.0030519120003621386
K13n939,13,12,0.0078463279133294296
K13n94,13,12,0.00035169201764581278
K13n940,13,12,0.0086355524177670461
K13n941,13,12,0.00062272019585432191
K13n942,13,12,9.0244635537042913e-05
K13n943,13,12,0.00045559671088875385
K13n944,13,12,0.00033767985284288563
K13n945,13,12,0.0025208978484859567
K13n946,13,12,0.0023604951134836094
K13n947,13,12,0.00034353843794964178
K13n948,13,12,0.0084684140988626373
K13n949,13,12,0.00048494461250886249
K13n95,13,12,0.00347682574084078
K13n950,13,12,0.00076707227947728641
K13n951,13,12,0.00097147208384179334
K13n952,13,12,0.0023783913956585425
K13n953,13,12,0.00094446792651555617
K13n954,13,12,0.0034715773900690183
K13n955,13,12,0.006572704325148628
K13n956,13,11,0.00083363854469098659
K13n957,13,12,0.00094300033435780028
K13n958,13,12,0.0018548125119150318
K13n959,13,12,0.0014098884518330853
K13n96,13,12,0.0032564497059699277
K13n960,13,12,0.0011309914625109096
K13n961,13,12,0.010870525146649686
K13n962,13,12,0.00037530332080582131
K13n963,13,12,0.0040960840717963153
K13n964,13,12,0.0027110651887536086
K13n965,13,12,0.00059151765262245571
K13n966,13,12,0.00017417540465293951
K13n967,13,12,0.00010022354649400129
K13n968,13,12,0.00042008029911583776
K13n969,13,12,0.00033361749480473519
K13n97,13,12,0.0034265806657491037
K13n970,13,12,0.00011760370658749775
K13n971,13,12,0.0017225844811161949
K13n972,13,12,0.0081425218742016831
K13n973,13,11,0.0036536510287328867
K13n974,13,12,0.0035129273129077673
K13n975,13,12,0.00022090040212984822
K13n976,13,12,0.0018049332509331697
K13n977,13,12,0.00030618845739945408
K13n978,13,12,0.001041102828297171
K13n979,13,12,0.0069580938220413953
K13n98,13,12,0.002413763094008467
K13n980,13,12,0.0029578259720157967
K13n981,13,12,0.0020739108655432542
K13n982,13,12,0.0015186566279808251
K13n983,13,12,3.9876739537603542e-05
K13n984,13,12,0.0026111337621812897
K13n985,13,11,0.0036484380443460454
K13n986,13,11,0.00021846034444464915
K13n987,13,12,0.00079623908724068518
K13n988,13,12,0.007021344580200874
K13n989,13,11,6.2010793486474237e-05
K13n99,13,11,0.0038851695884017266
K13n990,13,12,0.0015966785025019795
K13n991,13,11,0.0025543108574610117
K13n992,13,11,0.00042069753098515405
K13n993,13,12,0.00073658955378220884
K13n994,13,12,0.00040551444782771794
K13n995,13,12,0.021015991178534185
K13n996,13,12,0.0067482461716023567
K13n997,13,12,0.00033635522835975519
K13n998,13,12,0.0001755641421646543
K13n999,13,12,0.00035674814326831257
