knot,crossings,s_ub,exact_s,e_ub,e_ub_minus_s_ub,source_sticks,input_status,e_status
3_1,3,6,6,6,0,6,matched,reported_only
4_1,4,7,7,7,0,7,matched,reported_only
5_1,5,8,8,8,0,8,matched,reported_only
5_2,5,8,8,8,0,8,matched,reported_only
6_1,6,8,8,8,0,8,matched,reported_only
6_2,6,8,8,8,0,8,matched,reported_only
6_3,6,8,8,8,0,8,matched,reported_only
7_1,7,9,9,9,0,9,matched,reported_only
7_2,7,9,9,9,0,9,matched,reported_only
7_3,7,9,9,9,0,9,matched,reported_only
7_4,7,9,9,9,0,9,matched,reported_only
7_5,7,9,9,9,0,9,matched,reported_only
7_6,7,9,9,9,0,9,matched,reported_only
7_7,7,9,9,9,0,9,matched,reported_only
8_1,8,10,,10,0,10,matched,reported_only
8_10,8,10,,10,0,10,matched,reported_only
8_11,8,10,,10,0,10,matched,reported_only
8_12,8,10,,10,0,10,matched,reported_only
8_13,8,10,,10,0,10,matched,reported_only
8_14,8,10,,10,0,10,matched,reported_only
8_15,8,10,,10,0,10,matched,reported_only
8_16,8,9,9,9,0,9,matched,reported_only
8_17,8,9,9,9,0,9,matched,reported_only
8_18,8,9,9,9,0,9,matched,reported_only
8_19,8,8,8,8,0,8,matched,reported_only
8_2,8,10,,10,0,10,matched,reported_only
8_20,8,8,8,8,0,8,matched,reported_only
8_21,8,9,9,9,0,9,matched,reported_only
8_3,8,10,,10,0,10,matched,reported_only
8_4,8,10,,10,0,10,matched,reported_only
8_5,8,10,,10,0,10,matched,reported_only
8_6,8,10,,10,0,10,matched,reported_only
8_7,8,10,,10,0,10,matched,reported_only
8_8,8,10,,10,0,10,matched,reported_only
8_9,8,10,,10,0,10,matched,reported_only
9_1,9,10,,10,0,10,matched,reported_only
9_10,9,10,,10,0,10,matched,reported_only
9_11,9,10,,10,0,10,matched,reported_only
9_12,9,10,,10,0,10,matched,reported_only
9_13,9,10,,10,0,10,matched,reported_only
9_14,9,10,,10,0,10,matched,reported_only
9_15,9,10,,10,0,10,matched,reported_only
9_16,9,10,,10,0,10,matched,reported_only
9_17,9,10,,10,0,10,matched,reported_only
9_18,9,10,,10,0,10,matched,reported_only
9_19,9,10,,10,0,10,matched,reported_only
9_2,9,10,,10,0,10,matched,reported_only
9_20,9,10,,10,0,10,matched,reported_only
9_21,9,10,,10,0,10,matched,reported_only
9_22,9,10,,10,0,10,matched,reported_only
9_23,9,10,,11,1,10,matched,reported_only
9_24,9,10,,10,0,10,matched,reported_only
9_25,9,10,,10,0,10,matched,reported_only
9_26,9,10,,10,0,10,matched,reported_only
9_27,9,10,,10,0,10,matched,reported_only
9_28,9,10,,10,0,10,matched,reported_only
9_29,9,9,9,9,0,9,matched,checked
9_3,9,10,,10,0,10,matched,reported_only
9_30,9,10,,10,0,10,matched,reported_only
9_31,9,10,,10,0,10,matched,reported_only
9_32,9,10,,10,0,10,matched,reported_only
9_33,9,10,,10,0,10,matched,reported_only
9_34,9,9,9,9,0,9,matched,reported_only
9_35,9,9,9,9,0,9,matched,reported_only
9_36,9,10,,11,1,10,matched,reported_only
9_37,9,10,,10,0,10,matched,reported_only
9_38,9,10,,10,0,10,matched,reported_only
9_39,9,9,9,9,0,9,matched,reported_only
9_4,9,10,,10,0,10,matched,reported_only
9_40,9,9,9,9,0,9,matched,reported_only
9_41,9,9,9,9,0,9,matched,reported_only
9_42,9,9,9,9,0,9,matched,reported_only
9_43,9,9,9,9,0,9,matched,reported_only
9_44,9,9,9,9,0,9,matched,reported_only
9_45,9,9,9,9,0,9,matched,reported_only
9_46,9,9,9,9,0,9,matched,reported_only
9_47,9,9,9,9,0,9,matched,reported_only
9_48,9,9,9,9,0,9,matched,reported_only
9_49,9,9,9,9,0,9,matched,reported_only
9_5,9,10,,10,0,10,matched,reported_only
9_6,9,10,,11,1,10,matched,reported_only
9_7,9,10,,10,0,10,matched,reported_only
9_8,9,10,,10,0,10,matched,reported_only
9_9,9,10,,10,0,10,matched,reported_only
10_1,10,11,,11,0,11,unchecked,reported_only
10_10,10,10,,11,1,10,matched,reported_only
10_100,10,10,,10,0,10,matched,reported_only
10_101,10,10,,11,1,10,unchecked,reported_only
10_102,10,10,,10,0,10,unchecked,reported_only
10_103,10,10,,10,0,10,unchecked,reported_only
10_104,10,10,,10,0,10,matched,reported_only
10_105,10,10,,10,0,10,matched,reported_only
10_106,10,10,,10,0,10,matched,reported_only
10_107,10,10,,10,0,10,unchecked,reported_only
10_108,10,10,,10,0,10,matched,reported_only
10_109,10,10,,10,0,10,unchecked,reported_only
10_11,10,11,,11,0,11,unchecked,reported_only
10_110,10,10,,10,0,10,unchecked,reported_only
10_111,10,10,,10,0,10,unchecked,reported_only
10_112,10,10,,10,0,10,matched,reported_only
10_113,10,10,,10,0,10,matched,reported_only
10_114,10,10,,10,0,10,unchecked,reported_only
10_115,10,10,,10,0,10,unchecked,reported_only
10_116,10,10,,10,0,10,unchecked,reported_only
10_117,10,10,,10,0,10,unchecked,reported_only
10_118,10,10,,10,0,10,matched,reported_only
10_119,10,10,,10,0,10,matched,reported_only
10_12,10,11,,11,0,11,unchecked,reported_only
10_120,10,10,,10,0,10,unchecked,reported_only
10_121,10,10,,10,0,10,unchecked,reported_only
10_122,10,10,,10,0,10,unchecked,reported_only
10_123,10,10,,11,1,10,unchecked,reported_only
10_124,10,10,10,10,0,10,matched,reported_only
10_125,10,10,,10,0,10,unchecked,reported_only
10_126,10,10,,10,0,10,unchecked,reported_only
10_127,10,10,,10,0,10,unchecked,reported_only
10_128,10,10,,10,0,10,matched,reported_only
10_129,10,10,,10,0,10,matched,reported_only
10_13,10,11,,11,0,11,matched,reported_only
10_130,10,10,,10,0,10,unchecked,reported_only
10_131,10,10,,10,0,10,unchecked,reported_only
10_132,10,10,,10,0,10,unchecked,reported_only
10_133,10,10,,10,0,10,matched,reported_only
10_134,10,10,,10,0,10,unchecked,reported_only
10_135,10,10,,10,0,10,unchecked,reported_only
10_136,10,10,,10,0,10,matched,reported_only
10_137,10,10,,10,0,10,unchecked,reported_only
10_138,10,10,,10,0,10,matched,reported_only
10_139,10,10,,10,0,10,unchecked,reported_only
10_14,10,11,,11,0,11,unchecked,reported_only
10_140,10,10,,10,0,10,unchecked,reported_only
10_141,10,10,,10,0,10,unchecked,reported_only
10_142,10,10,,10,0,10,matched,reported_only
10_143,10,10,,10,0,10,unchecked,reported_only
10_144,10,10,,10,0,10,unchecked,reported_only
10_145,10,10,,10,0,10,unchecked,reported_only
10_146,10,10,,10,0,10,unchecked,reported_only
10_147,10,10,,10,0,10,unchecked,reported_only
10_148,10,10,,10,0,10,unchecked,reported_only
10_149,10,10,,10,0,10,matched,reported_only
10_15,10,11,,11,0,11,unchecked,reported_only
10_150,10,10,,10,0,10,unchecked,reported_only
10_151,10,10,,10,0,10,matched,reported_only
10_152,10,10,,10,0,10,unchecked,reported_only
10_153,10,10,,10,0,10,matched,reported_only
10_154,10,10,,11,1,10,unchecked,reported_only
10_155,10,10,,10,0,10,unchecked,reported_only
10_156,10,10,,10,0,10,unchecked,reported_only
10_157,10,10,,10,0,10,unchecked,reported_only
10_158,10,10,,10,0,10,unchecked,reported_only
10_159,10,10,,10,0,10,matched,reported_only
10_16,10,10,,10,0,10,unchecked,reported_only
10_160,10,10,,10,0,10,unchecked,reported_only
10_161,10,10,,10,0,10,unchecked,reported_only
10_162,10,,,10,,10,mismatch,reported_only
10_163,10,10,,10,0,10,unchecked,reported_only
10_164,10,10,,10,0,10,unchecked,reported_only
10_165,10,10,,10,0,10,unchecked,reported_only
10_17,10,10,,10,0,10,unchecked,reported_only
10_18,10,10,,10,0,10,unchecked,reported_only
10_19,10,10,,11,1,10,unchecked,reported_only
10_2,10,11,,11,0,11,unchecked,reported_only
10_20,10,11,,11,0,11,unchecked,reported_only
10_21,10,11,,11,0,11,unchecked,reported_only
10_22,10,11,,11,0,11,unchecked,reported_only
10_23,10,11,,11,0,11,unchecked,reported_only
10_24,10,11,,11,0,11,matched,reported_only
10_25,10,11,,11,0,11,matched,reported_only
10_26,10,11,,11,0,11,matched,reported_only
10_27,10,11,,11,0,11,unchecked,reported_only
10_28,10,11,,11,0,11,unchecked,reported_only
10_29,10,11,,11,0,11,unchecked,reported_only
10_3,10,11,,11,0,11,matched,reported_only
10_30,10,11,,11,0,11,unchecked,reported_only
10_31,10,10,,11,1,10,unchecked,reported_only
10_32,10,11,,11,0,11,unchecked,reported_only
10_33,10,10,,11,1,10,unchecked,reported_only
10_34,10,11,,11,0,11,unchecked,reported_only
10_35,10,11,,11,0,11,unchecked,reported_only
10_36,10,11,,11,0,11,unchecked,reported_only
10_37,10,11,,12,1,11,unchecked,reported_only
10_38,10,11,,11,0,11,matched,reported_only
10_39,10,11,,11,0,11,matched,reported_only
10_4,10,11,,11,0,11,unchecked,reported_only
10_40,10,11,,11,0,11,unchecked,reported_only
10_41,10,11,,11,0,11,unchecked,reported_only
10_42,10,11,,11,0,11,matched,reported_only
10_43,10,11,,11,0,11,unchecked,reported_only
10_44,10,11,,11,0,11,unchecked,reported_only
10_45,10,11,,11,0,11,matched,reported_only
10_46,10,11,,11,0,11,unchecked,reported_only
10_47,10,11,,11,0,11,matched,reported_only
10_48,10,10,,10,0,10,unchecked,reported_only
10_49,10,11,,11,0,11,unchecked,reported_only
10_5,10,11,,11,0,11,matched,reported_only
10_50,10,11,,11,0,11,unchecked,reported_only
10_51,10,11,,11,0,11,unchecked,reported_only
10_52,10,10,,11,1,10,matched,reported_only
10_53,10,11,,11,0,11,matched,reported_only
10_54,10,11,,11,0,11,unchecked,reported_only
10_55,10,11,,11,0,11,unchecked,reported_only
10_56,10,10,,10,0,10,matched,reported_only
10_57,10,11,,11,0,11,unchecked,reported_only
10_58,10,11,,11,0,11,matched,reported_only
10_59,10,11,,11,0,11,unchecked,reported_only
10_6,10,11,,11,0,11,unchecked,reported_only
10_60,10,10,,11,1,10,unchecked,reported_only
10_61,10,10,,11,1,10,matched,reported_only
10_62,10,11,,11,0,11,unchecked,reported_only
10_63,10,11,,11,0,11,matched,reported_only
10_64,10,11,,11,0,11,matched,reported_only
10_65,10,11,,11,0,11,matched,reported_only
10_66,10,11,,11,0,11,unchecked,reported_only
10_67,10,11,,11,0,11,matched,reported_only
10_68,10,10,,10,0,10,unchecked,reported_only
10_69,10,11,,11,0,11,unchecked,reported_only
10_7,10,11,,11,0,11,matched,reported_only
10_70,10,11,,11,0,11,unchecked,reported_only
10_71,10,11,,11,0,11,matched,reported_only
10_72,10,11,,11,0,11,matched,reported_only
10_73,10,11,,11,0,11,matched,reported_only
10_74,10,11,,11,0,11,unchecked,reported_only
10_75,10,11,,11,0,11,unchecked,reported_only
10_76,10,11,,12,1,11,unchecked,reported_only
10_77,10,11,,11,0,11,unchecked,reported_only
10_78,10,11,,11,0,11,unchecked,reported_only
10_79,10,11,,11,0,11,unchecked,reported_only
10_8,10,10,,10,0,10,unchecked,reported_only
10_80,10,11,,11,0,11,matched,reported_only
10_81,10,11,,11,0,11,unchecked,reported_only
10_82,10,10,,10,0,10,matched,reported_only
10_83,10,10,,10,0,10,unchecked,reported_only
10_84,10,10,,10,0,10,unchecked,reported_only
10_85,10,10,,10,0,10,unchecked,reported_only
10_86,10,,,11,,10,mismatch,reported_only
10_87,10,10,,11,1,10,unchecked,reported_only
10_88,10,11,,11,0,11,matched,reported_only
10_89,10,11,,11,0,11,unchecked,reported_only
10_9,10,10,,11,1,10,unchecked,reported_only
10_90,10,10,,10,0,10,unchecked,reported_only
10_91,10,10,,10,0,10,unchecked,reported_only
10_92,10,10,,11,1,10,matched,reported_only
10_93,10,10,,10,0,10,unchecked,reported_only
10_94,10,10,,10,0,10,matched,reported_only
10_95,10,11,,11,0,11,matched,reported_only
10_96,10,10,,11,1,10,unchecked,reported_only
10_97,10,10,,11,1,10,matched,reported_only
10_98,10,11,,11,0,11,unchecked,reported_only
10_99,10,11,,11,0,11,matched,reported_only
K11a1,11,11,,12,1,11,unchecked,reported_only
K11a10,11,11,,,,11,unchecked,none
K11a100,11,11,,,,11,unchecked,none
K11a101,11,11,,12,1,11,matched,reported_only
K11a102,11,11,,,,11,unchecked,none
K11a103,11,11,,12,1,11,unchecked,reported_only
K11a104,11,11,,12,1,11,unchecked,reported_only
K11a105,11,11,,,,11,unchecked,none
K11a106,11,11,,,,11,unchecked,none
K11a107,11,12,,,,12,unchecked,none
K11a108,11,11,,,,11,unchecked,none
K11a109,11,11,,12,1,11,matched,reported_only
K11a11,11,11,,12,1,11,unchecked,reported_only
K11a110,11,11,,12,1,11,unchecked,reported_only
K11a111,11,11,,12,1,11,unchecked,reported_only
K11a112,11,11,,12,1,11,unchecked,reported_only
K11a113,11,11,,12,1,11,unchecked,reported_only
K11a114,11,11,,,,11,unchecked,none
K11a115,11,11,,,,11,unchecked,none
K11a116,11,11,,12,1,11,unchecked,reported_only
K11a117,11,11,,12,1,11,unchecked,reported_only
K11a118,11,11,,,,11,unchecked,none
K11a119,11,11,,,,11,unchecked,none
K11a12,11,11,,12,1,11,matched,reported_only
K11a120,11,11,,,,11,unchecked,none
K11a121,11,11,,,,11,unchecked,none
K11a122,11,11,,,,11,unchecked,none
K11a123,11,11,,,,11,unchecked,none
K11a124,11,11,,,,11,unchecked,none
K11a125,11,11,,11,0,11,unchecked,reported_only
K11a126,11,11,,,,11,unchecked,none
K11a127,11,11,,11,0,11,unchecked,reported_only
K11a128,11,11,,,,11,unchecked,none
K11a129,11,11,,12,1,11,unchecked,reported_only
K11a13,11,12,,,,12,unchecked,none
K11a130,11,11,,12,1,11,unchecked,reported_only
K11a131,11,11,,,,11,unchecked,none
K11a132,11,11,,,,11,unchecked,none
K11a133,11,12,,,,12,unchecked,none
K11a134,11,11,,,,11,unchecked,none
K11a135,11,11,,,,11,unchecked,none
K11a136,11,11,,11,0,11,unchecked,reported_only
K11a137,11,11,,12,1,11,unchecked,reported_only
K11a138,11,11,,12,1,11,unchecked,reported_only
K11a139,11,11,,12,1,11,unchecked,reported_only
K11a14,11,11,,12,1,11,unchecked,reported_only
K11a140,11,12,,12,0,12,unchecked,reported_only
K11a141,11,11,,11,0,11,unchecked,reported_only
K11a142,11,11,,,,11,unchecked,none
K11a143,11,11,,,,11,unchecked,none
K11a144,11,11,,,,11,unchecked,none
K11a145,11,11,,,,11,unchecked,none
K11a146,11,11,,,,11,unchecked,none
K11a147,11,11,,,,11,unchecked,none
K11a148,11,11,,11,0,11,unchecked,reported_only
K11a149,11,11,,11,0,11,unchecked,reported_only
K11a15,11,11,,,,11,unchecked,none
K11a150,11,11,,,,11,matched,none
K11a151,11,11,,12,1,11,unchecked,reported_only
K11a152,11,11,,,,11,unchecked,none
K11a153,11,11,,,,11,unchecked,none
K11a154,11,12,,12,0,12,unchecked,reported_only
K11a155,11,11,,,,11,unchecked,none
K11a156,11,11,,,,11,unchecked,none
K11a157,11,11,,,,11,unchecked,none
K11a158,11,11,,,,11,unchecked,none
K11a159,11,12,,,,12,unchecked,none
K11a16,11,11,,,,11,unchecked,none
K11a160,11,11,,11,0,11,unchecked,reported_only
K11a161,11,11,,,,11,unchecked,none
K11a162,11,10,,11,1,10,unchecked,reported_only
K11a163,11,11,,,,11,unchecked,none
K11a164,11,11,,11,0,11,unchecked,reported_only
K11a165,11,11,,,,11,unchecked,none
K11a166,11,12,,12,0,12,unchecked,reported_only
K11a167,11,11,,12,1,11,unchecked,reported_only
K11a168,11,11,,,,11,unchecked,none
K11a169,11,11,,12,1,11,unchecked,reported_only
K11a17,11,12,,,,12,unchecked,none
K11a170,11,11,,11,0,11,unchecked,reported_only
K11a171,11,11,,12,1,11,unchecked,reported_only
K11a172,11,11,,,,11,matched,none
K11a173,11,11,,,,11,unchecked,none
K11a174,11,11,,12,1,11,unchecked,reported_only
K11a175,11,11,,,,11,unchecked,none
K11a176,11,11,,,,11,matched,none
K11a177,11,11,,12,1,11,unchecked,reported_only
K11a178,11,11,,12,1,11,unchecked,reported_only
K11a179,11,12,,,,12,unchecked,none
K11a18,11,11,,,,11,unchecked,none
K11a180,11,11,,12,1,11,unchecked,reported_only
K11a181,11,11,,12,1,11,unchecked,reported_only
K11a182,11,11,,,,11,matched,none
K11a183,11,11,,,,11,unchecked,none
K11a184,11,11,,,,11,unchecked,none
K11a185,11,11,,,,11,unchecked,none
K11a186,11,11,,,,11,unchecked,none
K11a187,11,11,,12,1,11,unchecked,reported_only
K11a188,11,11,,,,11,unchecked,none
K11a189,11,11,,11,0,11,unchecked,reported_only
K11a19,11,11,,,,11,unchecked,none
K11a190,11,11,,12,1,11,unchecked,reported_only
K11a191,11,11,,11,0,11,unchecked,reported_only
K11a192,11,11,,,,11,unchecked,none
K11a193,11,11,,,,11,matched,none
K11a194,11,11,,,,11,unchecked,none
K11a195,11,11,,,,11,unchecked,none
K11a196,11,11,,11,0,11,unchecked,reported_only
K11a197,11,11,,,,11,unchecked,none
K11a198,11,11,,,,11,unchecked,none
K11a199,11,11,,,,11,unchecked,none
K11a2,11,11,,,,11,unchecked,none
K11a20,11,11,,,,11,unchecked,none
K11a200,11,11,,,,11,unchecked,none
K11a201,11,11,,12,1,11,unchecked,reported_only
K11a202,11,11,,,,11,unchecked,none
K11a203,11,11,,12,1,11,unchecked,reported_only
K11a204,11,11,,,,11,unchecked,none
K11a205,11,11,,,,11,unchecked,none
K11a206,11,11,,,,11,unchecked,none
K11a207,11,11,,,,11,unchecked,none
K11a208,11,11,,,,11,matched,none
K11a209,11,11,,,,11,unchecked,none
K11a21,11,12,,,,12,unchecked,none
K11a210,11,11,,,,11,unchecked,none
K11a211,11,11,,,,11,unchecked,none
K11a212,11,11,,,,11,unchecked,none
K11a213,11,11,,12,1,11,unchecked,reported_only
K11a214,11,11,,,,11,unchecked,none
K11a215,11,11,,11,0,11,unchecked,reported_only
K11a216,11,11,,11,0,11,unchecked,reported_only
K11a217,11,11,,,,11,unchecked,none
K11a218,11,11,,,,11,unchecked,none
K11a219,11,11,,12,1,11,unchecked,reported_only
K11a22,11,11,,12,1,11,unchecked,reported_only
K11a220,11,11,,,,11,unchecked,none
K11a221,11,11,,,,11,unchecked,none
K11a222,11,11,,,,11,unchecked,none
K11a223,11,11,,,,11,matched,none
K11a224,11,11,,12,1,11,unchecked,reported_only
K11a225,11,11,,,,11,unchecked,none
K11a226,11,11,,,,11,unchecked,none
K11a227,11,11,,,,11,unchecked,none
K11a228,11,11,,11,0,11,unchecked,reported_only
K11a229,11,12,,,,12,unchecked,none
K11a23,11,11,,,,11,matched,none
K11a230,11,12,,,,12,unchecked,none
K11a231,11,12,,,,12,unchecked,none
K11a232,11,11,,,,11,matched,none
K11a233,11,10,,11,1,10,unchecked,reported_only
K11a234,11,12,,,,12,unchecked,none
K11a235,11,11,,,,11,unchecked,none
K11a236,11,11,,,,11,unchecked,none
K11a237,11,11,,,,11,unchecked,none
K11a238,11,11,,,,11,unchecked,none
K11a239,11,10,,,,10,unchecked,none
K11a24,11,11,,12,1,11,unchecked,reported_only
K11a240,11,11,,,,11,unchecked,none
K11a241,11,11,,,,11,unchecked,none
K11a242,11,11,,,,11,unchecked,none
K11a243,11,11,,,,11,unchecked,none
K11a244,11,11,,,,11,unchecked,none
K11a245,11,11,,,,11,unchecked,none
K11a246,11,12,,,,12,unchecked,none
K11a247,11,12,,12,0,12,matched,reported_only
K11a248,11,11,,11,0,11,unchecked,reported_only
K11a249,11,11,,11,0,11,unchecked,reported_only
K11a25,11,11,,,,11,unchecked,none
K11a250,11,11,,,,11,unchecked,none
K11a251,11,11,,,,11,unchecked,none
K11a252,11,11,,,,11,unchecked,none
K11a253,11,11,,12,1,11,unchecked,reported_only
K11a254,11,11,,,,11,unchecked,none
K11a255,11,11,,11,0,11,unchecked,reported_only
K11a256,11,11,,11,0,11,unchecked,reported_only
K11a257,11,11,,11,0,11,unchecked,reported_only
K11a258,11,11,,,,11,unchecked,none
K11a259,11,11,,,,11,unchecked,none
K11a26,11,11,,11,0,11,unchecked,reported_only
K11a260,11,11,,,,11,matched,none
K11a261,11,11,,11,0,11,unchecked,reported_only
K11a262,11,11,,11,0,11,unchecked,reported_only
K11a263,11,11,,,,11,unchecked,none
K11a264,11,11,,12,1,11,unchecked,reported_only
K11a265,11,11,,12,1,11,unchecked,reported_only
K11a266,11,10,,12,2,10,unchecked,reported_only
K11a267,11,10,,11,1,10,unchecked,reported_only
K11a268,11,10,,12,2,10,matched,reported_only
K11a269,11,10,,10,0,10,unchecked,reported_only
K11a27,11,11,,12,1,11,unchecked,reported_only
K11a270,11,11,,11,0,11,unchecked,reported_only
K11a271,11,11,,,,11,unchecked,none
K11a272,11,11,,,,11,unchecked,none
K11a273,11,11,,,,11,matched,none
K11a274,11,11,,,,11,unchecked,none
K11a275,11,11,,,,11,unchecked,none
K11a276,11,11,,,,11,unchecked,none
K11a277,11,11,,11,0,11,unchecked,reported_only
K11a278,11,11,,11,0,11,unchecked,reported_only
K11a279,11,11,,11,0,11,unchecked,reported_only
K11a28,11,11,,12,1,11,unchecked,reported_only
K11a280,11,11,,11,0,11,unchecked,reported_only
K11a281,11,11,,11,0,11,unchecked,reported_only
K11a282,11,11,,11,0,11,unchecked,reported_only
K11a283,11,11,,11,0,11,unchecked,reported_only
K11a284,11,10,,10,0,10,unchecked,reported_only
K11a285,11,11,,11,0,11,unchecked,reported_only
K11a286,11,11,,11,0,11,unchecked,reported_only
K11a287,11,10,,10,0,10,unchecked,reported_only
K11a288,11,10,,11,1,10,unchecked,reported_only
K11a289,11,11,,11,0,11,matched,reported_only
K11a29,11,11,,,,11,unchecked,none
K11a290,11,11,,11,0,11,unchecked,reported_only
K11a291,11,11,,,,11,unchecked,none
K11a292,11,11,,,,11,unchecked,none
K11a293,11,11,,12,1,11,unchecked,reported_only
K11a294,11,11,,,,11,unchecked,none
K11a295,11,11,,12,1,11,unchecked,reported_only
K11a296,11,11,,,,11,unchecked,none
K11a297,11,11,,,,11,unchecked,none
K11a298,11,11,,,,11,unchecked,none
K11a299,11,11,,,,11,unchecked,none
K11a3,11,11,,,,11,unchecked,none
K11a30,11,11,,12,1,11,matched,reported_only
K11a300,11,11,,,,11,unchecked,none
K11a301,11,10,,10,0,10,unchecked,reported_only
K11a302,11,10,,11,1,10,unchecked,reported_only
K11a303,11,11,,12,1,11,unchecked,reported_only
K11a304,11,11,,,,11,unchecked,none
K11a305,11,11,,11,0,11,unchecked,reported_only
K11a306,11,11,,,,11,unchecked,none
K11a307,11,11,,,,11,unchecked,none
K11a308,11,11,,,,11,unchecked,none
K11a309,11,11,,,,11,unchecked,none
K11a31,11,11,,,,11,unchecked,none
K11a310,11,11,,,,11,matched,none
K11a311,11,11,,,,11,unchecked,none
K11a312,11,11,,11,0,11,unchecked,reported_only
K11a313,11,11,,11,0,11,unchecked,reported_only
K11a314,11,10,,11,1,10,unchecked,reported_only
K11a315,11,11,,11,0,11,unchecked,reported_only
K11a316,11,11,,11,0,11,unchecked,reported_only
K11a317,11,11,,,,11,unchecked,none
K11a318,11,11,,,,11,unchecked,none
K11a319,11,11,,,,11,unchecked,none
K11a32,11,11,,,,11,unchecked,none
K11a320,11,11,,,,11,unchecked,none
K11a321,11,11,,,,11,unchecked,none
K11a322,11,11,,12,1,11,matched,reported_only
K11a323,11,11,,12,1,11,unchecked,reported_only
K11a324,11,11,,11,0,11,unchecked,reported_only
K11a325,11,11,,,,11,unchecked,none
K11a326,11,10,,10,0,10,unchecked,reported_only
K11a327,11,11,,11,0,11,unchecked,reported_only
K11a328,11,11,,,,11,unchecked,none
K11a329,11,11,,,,11,unchecked,none
K11a33,11,11,,,,11,matched,none
K11a330,11,11,,12,1,11,unchecked,reported_only
K11a331,11,11,,,,11,unchecked,none
K11a332,11,10,,12,2,10,unchecked,reported_only
K11a333,11,11,,,,11,unchecked,none
K11a334,11,11,,,,11,unchecked,none
K11a335,11,11,,,,11,unchecked,none
K11a336,11,11,,,,11,unchecked,none
K11a337,11,11,,,,11,unchecked,none
K11a338,11,11,,,,11,unchecked,none
K11a339,11,11,,,,11,unchecked,none
K11a34,11,11,,12,1,11,unchecked,reported_only
K11a340,11,11,,,,11,unchecked,none
K11a341,11,11,,,,11,unchecked,none
K11a342,11,12,,,,12,unchecked,none
K11a343,11,12,,,,12,unchecked,none
K11a344,11,11,,11,0,11,matched,reported_only
K11a345,11,11,,11,0,11,unchecked,reported_only
K11a346,11,11,,12,1,11,unchecked,reported_only
K11a347,11,11,,12,1,11,matched,reported_only
K11a348,11,11,,11,0,11,unchecked,reported_only
K11a349,11,11,,11,0,11,unchecked,reported_only
K11a35,11,11,,12,1,11,unchecked,reported_only
K11a350,11,10,,11,1,10,unchecked,reported_only
K11a351,11,10,,11,1,10,unchecked,reported_only
K11a352,11,11,,11,0,11,unchecked,reported_only
K11a353,11,11,,,,11,matched,none
K11a354,11,11,,,,11,unchecked,none
K11a355,11,11,,,,11,unchecked,none
K11a356,11,11,,,,11,matched,none
K11a357,11,11,,,,11,unchecked,none
K11a358,11,12,,,,12,unchecked,none
K11a359,11,11,,,,11,unchecked,none
K11a36,11,11,,,,11,unchecked,none
K11a360,11,11,,,,11,unchecked,none
K11a361,11,11,,,,11,unchecked,none
K11a362,11,11,,12,1,11,unchecked,reported_only
K11a363,11,11,,,,11,unchecked,none
K11a364,11,12,,,,12,unchecked,none
K11a365,11,11,,,,11,matched,none
K11a366,11,11,,,,11,unchecked,none
K11a367,11,12,,,,12,matched,none
K11a37,11,11,,11,0,11,unchecked,reported_only
K11a38,11,11,,,,11,unchecked,none
K11a39,11,11,,,,11,unchecked,none
K11a4,11,11,,,,11,unchecked,none
K11a40,11,11,,,,11,unchecked,none
K11a41,11,11,,12,1,11,unchecked,reported_only
K11a42,11,12,,,,12,unchecked,none
K11a43,11,12,,,,12,unchecked,none
K11a44,11,12,,,,12,unchecked,none
K11a45,11,12,,,,12,unchecked,none
K11a46,11,12,,,,12,matched,none
K11a47,11,11,,,,11,unchecked,none
K11a48,11,11,,,,11,unchecked,none
K11a49,11,11,,,,11,unchecked,none
K11a5,11,11,,,,11,unchecked,none
K11a50,11,12,,,,12,unchecked,none
K11a51,11,12,,,,12,unchecked,none
K11a52,11,11,,,,11,unchecked,none
K11a53,11,11,,12,1,11,unchecked,reported_only
K11a54,11,11,,12,1,11,unchecked,reported_only
K11a55,11,11,,,,11,unchecked,none
K11a56,11,11,,,,11,unchecked,none
K11a57,11,11,,,,11,unchecked,none
K11a58,11,11,,,,11,matched,none
K11a59,11,12,,,,12,unchecked,none
K11a6,11,11,,,,11,unchecked,none
K11a60,11,11,,,,11,unchecked,none
K11a61,11,11,,,,11,matched,none
K11a62,11,11,,,,11,unchecked,none
K11a63,11,11,,,,11,unchecked,none
K11a64,11,11,,,,11,unchecked,none
K11a65,11,12,,,,12,unchecked,none
K11a66,11,11,,11,0,11,matched,reported_only
K11a67,11,11,,,,11,unchecked,none
K11a68,11,11,,,,11,unchecked,none
K11a69,11,11,,,,11,unchecked,none
K11a7,11,11,,,,11,unchecked,none
K11a70,11,11,,12,1,11,matched,reported_only
K11a71,11,11,,11,0,11,unchecked,reported_only
K11a72,11,11,,11,0,11,matched,reported_only
K11a73,11,10,,12,2,10,unchecked,reported_only
K11a74,11,11,,12,1,11,unchecked,reported_only
K11a75,11,11,,,,11,unchecked,none
K11a76,11,11,,11,0,11,unchecked,reported_only
K11a77,11,11,,12,1,11,matched,reported_only
K11a78,11,11,,,,11,unchecked,none
K11a79,11,10,,11,1,10,unchecked,reported_only
K11a8,11,11,,12,1,11,unchecked,reported_only
K11a80,11,11,,11,0,11,unchecked,reported_only
K11a81,11,11,,11,0,11,unchecked,reported_only
K11a82,11,11,,,,11,unchecked,none
K11a83,11,11,,,,11,unchecked,none
K11a84,11,11,,,,11,unchecked,none
K11a85,11,11,,,,11,unchecked,none
K11a86,11,11,,,,11,unchecked,none
K11a87,11,11,,,,11,unchecked,none
K11a88,11,11,,,,11,unchecked,none
K11a89,11,11,,12,1,11,unchecked,reported_only
K11a9,11,11,,,,11,matched,none
K11a90,11,11,,12,1,11,unchecked,reported_only
K11a91,11,11,,,,11,unchecked,none
K11a92,11,11,,,,11,unchecked,none
K11a93,11,11,,,,11,unchecked,none
K11a94,11,11,,,,11,unchecked,none
K11a95,11,11,,,,11,unchecked,none
K11a96,11,11,,,,11,unchecked,none
K11a97,11,11,,,,11,unchecked,none
K11a98,11,11,,,,11,unchecked,none
K11a99,11,11,,11,0,11,unchecked,reported_only
K11n1,11,10,,11,1,10,unchecked,reported_only
K11n10,11,11,,11,0,11,unchecked,reported_only
K11n100,11,10,,10,0,10,unchecked,reported_only
K11n101,11,10,,10,0,10,unchecked,reported_only
K11n102,11,10,,10,0,10,unchecked,reported_only
K11n103,11,11,,11,0,11,unchecked,reported_only
K11n104,11,10,,10,0,10,unchecked,reported_only
K11n105,11,10,,11,1,10,unchecked,reported_only
K11n106,11,10,,10,0,10,unchecked,reported_only
K11n107,11,10,,10,0,10,matched,reported_only
K11n108,11,10,,11,1,10,unchecked,reported_only
K11n109,11,11,,11,0,11,unchecked,reported_only
K11n11,11,11,,11,0,11,unchecked,reported_only
K11n110,11,10,,10,0,10,unchecked,reported_only
K11n111,11,10,,10,0,10,matched,reported_only
K11n112,11,10,,10,0,10,unchecked,reported_only
K11n113,11,10,,10,0,10,matched,reported_only
K11n114,11,10,,10,0,10,unchecked,reported_only
K11n115,11,10,,11,1,10,unchecked,reported_only
K11n116,11,10,,10,0,10,unchecked,reported_only
K11n117,11,10,,10,0,10,unchecked,reported_only
K11n118,11,10,,10,0,10,unchecked,reported_only
K11n119,11,11,,11,0,11,unchecked,reported_only
K11n12,11,10,,10,0,10,unchecked,reported_only
K11n120,11,10,,10,0,10,unchecked,reported_only
K11n121,11,10,,10,0,10,unchecked,reported_only
K11n122,11,10,,10,0,10,unchecked,reported_only
K11n123,11,10,,10,0,10,unchecked,reported_only
K11n124,11,10,,10,0,10,unchecked,reported_only
K11n125,11,10,,10,0,10,unchecked,reported_only
K11n126,11,11,,11,0,11,unchecked,reported_only
K11n127,11,10,,11,1,10,unchecked,reported_only
K11n128,11,10,,10,0,10,unchecked,reported_only
K11n129,11,11,,11,0,11,unchecked,reported_only
K11n13,11,11,,11,0,11,unchecked,reported_only
K11n130,11,10,,10,0,10,unchecked,reported_only
K11n131,11,10,,10,0,10,unchecked,reported_only
K11n132,11,10,,10,0,10,unchecked,reported_only
K11n133,11,10,,10,0,10,unchecked,reported_only
K11n134,11,10,,10,0,10,unchecked,reported_only
K11n135,11,10,,10,0,10,unchecked,reported_only
K11n136,11,11,,12,1,11,unchecked,reported_only
K11n137,11,10,,11,1,10,matched,reported_only
K11n138,11,10,,10,0,10,unchecked,reported_only
K11n139,11,10,,10,0,10,unchecked,reported_only
K11n14,11,11,,11,0,11,matched,reported_only
K11n140,11,10,,10,0,10,matched,reported_only
K11n141,11,10,,10,0,10,unchecked,reported_only
K11n142,11,10,,11,1,10,unchecked,reported_only
K11n143,11,10,,10,0,10,unchecked,reported_only
K11n144,11,11,,11,0,11,unchecked,reported_only
K11n145,11,10,,10,0,10,unchecked,reported_only
K11n146,11,10,,10,0,10,unchecked,reported_only
K11n147,11,10,,10,0,10,unchecked,reported_only
K11n148,11,10,,11,1,10,matched,reported_only
K11n149,11,10,,10,0,10,unchecked,reported_only
K11n15,11,11,,11,0,11,matched,reported_only
K11n150,11,10,,11,1,10,unchecked,reported_only
K11n151,11,11,,11,0,11,unchecked,reported_only
K11n152,11,10,,10,0,10,unchecked,reported_only
K11n153,11,10,,10,0,10,unchecked,reported_only
K11n154,11,10,,10,0,10,unchecked,reported_only
K11n155,11,11,,11,0,11,unchecked,reported_only
K11n156,11,10,,10,0,10,unchecked,reported_only
K11n157,11,10,,10,0,10,unchecked,reported_only
K11n158,11,10,,10,0,10,unchecked,reported_only
K11n159,11,10,,10,0,10,unchecked,reported_only
K11n16,11,11,,11,0,11,unchecked,reported_only
K11n160,11,10,,10,0,10,unchecked,reported_only
K11n161,11,10,,10,0,10,unchecked,reported_only
K11n162,11,11,,11,0,11,unchecked,reported_only
K11n163,11,10,,11,1,10,unchecked,reported_only
K11n164,11,10,,10,0,10,unchecked,reported_only
K11n165,11,10,,10,0,10,unchecked,reported_only
K11n166,11,10,,10,0,10,unchecked,reported_only
K11n167,11,11,,11,0,11,unchecked,reported_only
K11n168,11,11,,11,0,11,unchecked,reported_only
K11n169,11,10,,10,0,10,unchecked,reported_only
K11n17,11,11,,11,0,11,unchecked,reported_only
K11n170,11,10,,10,0,10,unchecked,reported_only
K11n171,11,10,,10,0,10,unchecked,reported_only
K11n172,11,10,,10,0,10,unchecked,reported_only
K11n173,11,10,,10,0,10,unchecked,reported_only
K11n174,11,10,,10,0,10,unchecked,reported_only
K11n175,11,11,,11,0,11,unchecked,reported_only
K11n176,11,10,,10,0,10,matched,reported_only
K11n177,11,10,,10,0,10,unchecked,reported_only
K11n178,11,10,,10,0,10,unchecked,reported_only
K11n179,11,10,,11,1,10,unchecked,reported_only
K11n18,11,11,,11,0,11,unchecked,reported_only
K11n180,11,11,,11,0,11,matched,reported_only
K11n181,11,10,,10,0,10,unchecked,reported_only
K11n182,11,10,,11,1,10,unchecked,reported_only
K11n183,11,10,,11,1,10,unchecked,reported_only
K11n184,11,10,,10,0,10,unchecked,reported_only
K11n185,11,10,,11,1,10,unchecked,reported_only
K11n19,11,10,,10,0,10,unchecked,reported_only
K11n2,11,11,,11,0,11,unchecked,reported_only
K11n20,11,10,,10,0,10,unchecked,reported_only
K11n21,11,10,,11,1,10,unchecked,reported_only
K11n22,11,10,,10,0,10,unchecked,reported_only
K11n23,11,10,,11,1,10,unchecked,reported_only
K11n24,11,10,,10,0,10,unchecked,reported_only
K11n25,11,10,,10,0,10,unchecked,reported_only
K11n26,11,10,,10,0,10,unchecked,reported_only
K11n27,11,10,,11,1,10,unchecked,reported_only
K11n28,11,10,,10,0,10,unchecked,reported_only
K11n29,11,10,,11,1,10,unchecked,reported_only
K11n3,11,11,,11,0,11,unchecked,reported_only
K11n30,11,10,,11,1,10,unchecked,reported_only
K11n31,11,11,,12,1,11,unchecked,reported_only
K11n32,11,10,,11,1,10,unchecked,reported_only
K11n33,11,10,,10,0,10,unchecked,reported_only
K11n34,11,11,,11,0,11,unchecked,reported_only
K11n35,11,11,,11,0,11,unchecked,reported_only
K11n36,11,11,,11,0,11,unchecked,reported_only
K11n37,11,10,,10,0,10,unchecked,reported_only
K11n38,11,10,,10,0,10,unchecked,reported_only
K11n39,11,10,,10,0,10,unchecked,reported_only
K11n4,11,10,,10,0,10,unchecked,reported_only
K11n40,11,10,,11,1,10,unchecked,reported_only
K11n41,11,10,,10,0,10,matched,reported_only
K11n42,11,11,,11,0,11,unchecked,reported_only
K11n43,11,10,,10,0,10,unchecked,reported_only
K11n44,11,10,,10,0,10,matched,reported_only
K11n45,11,10,,11,1,10,matched,reported_only
K11n46,11,10,,11,1,10,unchecked,reported_only
K11n47,11,10,,11,1,10,unchecked,reported_only
K11n48,11,10,,10,0,10,unchecked,reported_only
K11n49,11,10,,10,0,10,unchecked,reported_only
K11n5,11,10,,11,1,10,matched,reported_only
K11n50,11,10,,10,0,10,unchecked,reported_only
K11n51,11,10,,10,0,10,unchecked,reported_only
K11n52,11,10,,11,1,10,unchecked,reported_only
K11n53,11,10,,10,0,10,unchecked,reported_only
K11n54,11,10,,10,0,10,unchecked,reported_only
K11n55,11,11,,11,0,11,unchecked,reported_only
K11n56,11,10,,10,0,10,unchecked,reported_only
K11n57,11,10,,10,0,10,unchecked,reported_only
K11n58,11,10,,10,0,10,unchecked,reported_only
K11n59,11,10,,11,1,10,unchecked,reported_only
K11n6,11,11,,12,1,11,unchecked,reported_only
K11n60,11,10,,10,0,10,unchecked,reported_only
K11n61,11,10,,10,0,10,unchecked,reported_only
K11n62,11,10,,10,0,10,unchecked,reported_only
K11n63,11,10,,11,1,10,unchecked,reported_only
K11n64,11,10,,11,1,10,unchecked,reported_only
K11n65,11,10,,10,0,10,unchecked,reported_only
K11n66,11,11,,11,0,11,unchecked,reported_only
K11n67,11,11,,11,0,11,matched,reported_only
K11n68,11,10,,11,1,10,unchecked,reported_only
K11n69,11,10,,11,1,10,unchecked,reported_only
K11n7,11,11,,11,0,11,matched,reported_only
K11n70,11,10,,10,0,10,unchecked,reported_only
K11n71,11,10,10,10,0,10,matched,checked
K11n72,11,11,,11,0,11,unchecked,reported_only
K11n73,11,11,,11,0,11,unchecked,reported_only
K11n74,11,11,,11,0,11,unchecked,reported_only
K11n75,11,10,10,10,0,10,matched,checked
K11n76,11,10,10,10,0,10,matched,checked
K11n77,11,11,,12,1,11,unchecked,reported_only
K11n78,11,10,10,10,0,10,matched,checked
K11n79,11,10,,10,0,10,unchecked,reported_only
K11n8,11,11,,11,0,11,unchecked,reported_only
K11n80,11,11,,12,1,11,matched,reported_only
K11n81,11,11,,11,0,11,unchecked,reported_only
K11n82,11,10,,10,0,10,unchecked,reported_only
K11n83,11,10,,10,0,10,unchecked,reported_only
K11n84,11,10,,10,0,10,unchecked,reported_only
K11n85,11,10,,10,0,10,unchecked,reported_only
K11n86,11,10,,10,0,10,unchecked,reported_only
K11n87,11,10,,10,0,10,unchecked,reported_only
K11n88,11,10,,10,0,10,unchecked,reported_only
K11n89,11,11,,11,0,11,unchecked,reported_only
K11n9,11,11,,12,1,11,unchecked,reported_only
K11n90,11,10,,10,0,10,unchecked,reported_only
K11n91,11,10,,10,0,10,matched,reported_only
K11n92,11,10,,10,0,10,unchecked,reported_only
K11n93,11,10,,11,1,10,unchecked,reported_only
K11n94,11,10,,10,0,10,unchecked,reported_only
K11n95,11,10,,10,0,10,unchecked,reported_only
K11n96,11,10,,10,0,10,unchecked,reported_only
K11n97,11,11,,11,0,11,matched,reported_only
K11n98,11,10,,10,0,10,unchecked,reported_only
K11n99,11,10,,10,0,10,unchecked,reported_only
K12a1,12,12,,,,12,unchecked,none
K12a10,12,12,,,,12,unchecked,none
K12a100,12,11,,,,11,unchecked,none
K12a1000,12,12,,,,12,unchecked,none
K12a1001,12,11,,,,11,unchecked,none
K12a1002,12,11,,,,11,unchecked,none
K12a1003,12,12,,,,12,unchecked,none
K12a1004,12,12,,,,12,unchecked,none
K12a1005,12,11,,,,11,unchecked,none
K12a1006,12,11,,,,11,unchecked,none
K12a1007,12,12,,,,12,unchecked,none
K12a1008,12,12,,,,12,unchecked,none
K12a1009,12,12,,,,12,matched,none
K12a101,12,11,,,,11,unchecked,none
K12a1010,12,12,,,,12,unchecked,none
K12a1011,12,11,,,,11,unchecked,none
K12a1012,12,11,,,,11,unchecked,none
K12a1013,12,12,,,,12,unchecked,none
K12a1014,12,12,,,,12,unchecked,none
K12a1015,12,12,,,,12,unchecked,none
K12a1016,12,12,,,,12,unchecked,none
K12a1017,12,11,,,,11,unchecked,none
K12a1018,12,11,,,,11,unchecked,none
K12a1019,12,11,,,,11,unchecked,none
K12a102,12,12,,,,12,unchecked,none
K12a1020,12,11,,,,11,unchecked,none
K12a1021,12,11,,,,11,unchecked,none
K12a1022,12,12,,,,12,unchecked,none
K12a1023,12,12,,,,12,unchecked,none
K12a1024,12,12,,,,12,matched,none
K12a1025,12,11,,,,11,unchecked,none
K12a1026,12,11,,,,11,unchecked,none
K12a1027,12,12,,,,12,unchecked,none
K12a1028,12,12,,,,12,unchecked,none
K12a1029,12,12,,,,12,unchecked,none
K12a103,12,12,,,,12,unchecked,none
K12a1030,12,12,,,,12,unchecked,none
K12a1031,12,12,,,,12,unchecked,none
K12a1032,12,12,,,,12,unchecked,none
K12a1033,12,12,,,,12,unchecked,none
K12a1034,12,12,,,,12,unchecked,none
K12a1035,12,11,,,,11,unchecked,none
K12a1036,12,11,,,,11,unchecked,none
K12a1037,12,11,,,,11,unchecked,none
K12a1038,12,11,,,,11,matched,none
K12a1039,12,12,,,,12,unchecked,none
K12a104,12,12,,,,12,unchecked,none
K12a1040,12,12,,,,12,unchecked,none
K12a1041,12,11,,,,11,unchecked,none
K12a1042,12,11,,,,11,unchecked,none
K12a1043,12,12,,,,12,unchecked,none
K12a1044,12,11,,,,11,unchecked,none
K12a1045,12,11,,,,11,unchecked,none
K12a1046,12,11,,,,11,unchecked,none
K12a1047,12,12,,,,12,unchecked,none
K12a1048,12,11,,,,11,unchecked,none
K12a1049,12,12,,,,12,unchecked,none
K12a105,12,12,,,,12,unchecked,none
K12a1050,12,11,,,,11,unchecked,none
K12a1051,12,11,,,,11,unchecked,none
K12a1052,12,11,,,,11,matched,none
K12a1053,12,12,,,,12,unchecked,none
K12a1054,12,11,,,,11,unchecked,none
K12a1055,12,12,,,,12,unchecked,none
K12a1056,12,12,,,,12,unchecked,none
K12a1057,12,11,,,,11,unchecked,none
K12a1058,12,11,,,,11,unchecked,none
K12a1059,12,11,,,,11,unchecked,none
K12a106,12,12,,,,12,unchecked,none
K12a1060,12,11,,,,11,unchecked,none
K12a1061,12,11,,11,0,11,unchecked,reported_only
K12a1062,12,12,,,,12,unchecked,none
K12a1063,12,11,,,,11,unchecked,none
K12a1064,12,12,,,,12,unchecked,none
K12a1065,12,11,,,,11,unchecked,none
K12a1066,12,11,,,,11,unchecked,none
K12a1067,12,11,,,,11,unchecked,none
K12a1068,12,11,,,,11,unchecked,none
K12a1069,12,12,,,,12,unchecked,none
K12a107,12,12,,,,12,unchecked,none
K12a1070,12,11,,,,11,unchecked,none
K12a1071,12,11,,,,11,unchecked,none
K12a1072,12,11,,,,11,unchecked,none
K12a1073,12,11,,,,11,unchecked,none
K12a1074,12,11,,,,11,unchecked,none
K12a1075,12,11,,,,11,unchecked,none
K12a1076,12,11,,,,11,unchecked,none
K12a1077,12,11,,,,11,unchecked,none
K12a1078,12,11,,,,11,unchecked,none
K12a1079,12,11,,,,11,unchecked,none
K12a108,12,12,,,,12,unchecked,none
K12a1080,12,12,,,,12,unchecked,none
K12a1081,12,11,,,,11,unchecked,none
K12a1082,12,11,,,,11,unchecked,none
K12a1083,12,11,,,,11,unchecked,none
K12a1084,12,12,,,,12,unchecked,none
K12a1085,12,12,,,,12,unchecked,none
K12a1086,12,11,,,,11,unchecked,none
K12a1087,12,11,,,,11,unchecked,none
K12a1088,12,12,,,,12,unchecked,none
K12a1089,12,12,,,,12,unchecked,none
K12a109,12,12,,,,12,unchecked,none
K12a1090,12,12,,,,12,unchecked,none
K12a1091,12,11,,,,11,unchecked,none
K12a1092,12,11,,,,11,unchecked,none
K12a1093,12,11,,,,11,unchecked,none
K12a1094,12,12,,,,12,unchecked,none
K12a1095,12,11,,,,11,unchecked,none
K12a1096,12,11,,,,11,unchecked,none
K12a1097,12,11,,,,11,matched,none
K12a1098,12,11,,,,11,unchecked,none
K12a1099,12,11,,,,11,unchecked,none
K12a11,12,12,,,,12,unchecked,none
K12a110,12,12,,,,12,unchecked,none
K12a1100,12,11,,,,11,unchecked,none
K12a1101,12,11,,11,0,11,matched,reported_only
K12a1102,12,11,,,,11,unchecked,none
K12a1103,12,11,,,,11,unchecked,none
K12a1104,12,11,,,,11,unchecked,none
K12a1105,12,12,,,,12,unchecked,none
K12a1106,12,12,,,,12,unchecked,none
K12a1107,12,12,,,,12,unchecked,none
K12a1108,12,12,,,,12,unchecked,none
K12a1109,12,11,,,,11,unchecked,none
K12a111,12,12,,,,12,unchecked,none
K12a1110,12,11,,,,11,unchecked,none
K12a1111,12,11,,,,11,unchecked,none
K12a1112,12,12,,,,12,unchecked,none
K12a1113,12,11,,,,11,unchecked,none
K12a1114,12,11,,,,11,unchecked,none
K12a1115,12,11,,,,11,unchecked,none
K12a1116,12,11,,,,11,unchecked,none
K12a1117,12,11,,,,11,unchecked,none
K12a1118,12,11,,,,11,unchecked,none
K12a1119,12,12,,,,12,unchecked,none
K12a112,12,12,,,,12,unchecked,none
K12a1120,12,11,,,,11,unchecked,none
K12a1121,12,11,,,,11,unchecked,none
K12a1122,12,11,,,,11,unchecked,none
K12a1123,12,12,,,,12,unchecked,none
K12a1124,12,12,,,,12,unchecked,none
K12a1125,12,12,,,,12,unchecked,none
K12a1126,12,11,,,,11,unchecked,none
K12a1127,12,12,,,,12,unchecked,none
K12a1128,12,12,,,,12,unchecked,none
K12a1129,12,11,,,,11,unchecked,none
K12a113,12,12,,,,12,unchecked,none
K12a1130,12,12,,,,12,unchecked,none
K12a1131,12,12,,,,12,unchecked,none
K12a1132,12,12,,,,12,unchecked,none
K12a1133,12,12,,,,12,unchecked,none
K12a1134,12,12,,,,12,unchecked,none
K12a1135,12,12,,,,12,unchecked,none
K12a1136,12,12,,,,12,unchecked,none
K12a1137,12,12,,,,12,unchecked,none
K12a1138,12,12,,,,12,unchecked,none
K12a1139,12,12,,,,12,unchecked,none
K12a114,12,12,,,,12,matched,none
K12a1140,12,12,,,,12,unchecked,none
K12a1141,12,11,,,,11,unchecked,none
K12a1142,12,11,,,,11,unchecked,none
K12a1143,12,11,,,,11,unchecked,none
K12a1144,12,11,,,,11,unchecked,none
K12a1145,12,12,,,,12,matched,none
K12a1146,12,12,,,,12,unchecked,none
K12a1147,12,12,,,,12,unchecked,none
K12a1148,12,12,,,,12,unchecked,none
K12a1149,12,12,,,,12,unchecked,none
K12a115,12,12,,,,12,unchecked,none
K12a1150,12,12,,,,12,unchecked,none
K12a1151,12,12,,,,12,unchecked,none
K12a1152,12,11,,,,11,unchecked,none
K12a1153,12,12,,,,12,unchecked,none
K12a1154,12,11,,,,11,unchecked,none
K12a1155,12,11,,,,11,unchecked,none
K12a1156,12,12,,,,12,unchecked,none
K12a1157,12,12,,,,12,unchecked,none
K12a1158,12,12,,,,12,unchecked,none
K12a1159,12,12,,,,12,unchecked,none
K12a116,12,12,,,,12,unchecked,none
K12a1160,12,12,,,,12,unchecked,none
K12a1161,12,12,,,,12,unchecked,none
K12a1162,12,12,,,,12,unchecked,none
K12a1163,12,12,,,,12,unchecked,none
K12a1164,12,12,,,,12,unchecked,none
K12a1165,12,12,,,,12,unchecked,none
K12a1166,12,12,,,,12,unchecked,none
K12a1167,12,11,,,,11,unchecked,none
K12a1168,12,11,,,,11,unchecked,none
K12a1169,12,11,,,,11,unchecked,none
K12a117,12,12,,,,12,unchecked,none
K12a1170,12,11,,,,11,unchecked,none
K12a1171,12,11,,,,11,unchecked,none
K12a1172,12,11,,,,11,unchecked,none
K12a1173,12,12,,,,12,matched,none
K12a1174,12,12,,,,12,unchecked,none
K12a1175,12,12,,,,12,unchecked,none
K12a1176,12,11,,,,11,unchecked,none
K12a1177,12,11,,,,11,unchecked,none
K12a1178,12,11,,12,1,11,unchecked,reported_only
K12a1179,12,11,,,,11,unchecked,none
K12a118,12,12,,,,12,unchecked,none
K12a1180,12,12,,,,12,unchecked,none
K12a1181,12,12,,,,12,unchecked,none
K12a1182,12,11,,,,11,unchecked,none
K12a1183,12,12,,,,12,unchecked,none
K12a1184,12,11,,,,11,unchecked,none
K12a1185,12,11,,,,11,unchecked,none
K12a1186,12,11,,,,11,unchecked,none
K12a1187,12,11,,,,11,unchecked,none
K12a1188,12,11,,,,11,unchecked,none
K12a1189,12,11,,,,11,unchecked,none
K12a119,12,12,,,,12,unchecked,none
K12a1190,12,11,,,,11,unchecked,none
K12a1191,12,11,,,,11,unchecked,none
K12a1192,12,11,,,,11,unchecked,none
K12a1193,12,11,,,,11,unchecked,none
K12a1194,12,11,,,,11,unchecked,none
K12a1195,12,11,,,,11,unchecked,none
K12a1196,12,11,,,,11,unchecked,none
K12a1197,12,11,,,,11,unchecked,none
K12a1198,12,11,,,,11,unchecked,none
K12a1199,12,11,,,,11,unchecked,none
K12a12,12,12,,,,12,unchecked,none
K12a120,12,12,,,,12,unchecked,none
K12a1200,12,11,,,,11,unchecked,none
K12a1201,12,11,,,,11,unchecked,none
K12a1202,12,12,,,,12,unchecked,none
K12a1203,12,11,,,,11,unchecked,none
K12a1204,12,11,,,,11,unchecked,none
K12a1205,12,12,,,,12,unchecked,none
K12a1206,12,12,,,,12,unchecked,none
K12a1207,12,11,,,,11,unchecked,none
K12a1208,12,11,,,,11,unchecked,none
K12a1209,12,12,,,,12,unchecked,none
K12a121,12,12,,,,12,unchecked,none
K12a1210,12,11,,,,11,unchecked,none
K12a1211,12,11,,,,11,unchecked,none
K12a1212,12,12,,,,12,unchecked,none
K12a1213,12,11,,,,11,unchecked,none
K12a1214,12,12,,,,12,unchecked,none
K12a1215,12,12,,,,12,unchecked,none
K12a1216,12,11,,11,0,11,unchecked,reported_only
K12a1217,12,11,,,,11,unchecked,none
K12a1218,12,12,,,,12,unchecked,none
K12a1219,12,12,,,,12,matched,none
K12a122,12,12,,,,12,unchecked,none
K12a1220,12,12,,,,12,unchecked,none
K12a1221,12,11,,,,11,unchecked,none
K12a1222,12,12,,,,12,unchecked,none
K12a1223,12,12,,,,12,unchecked,none
K12a1224,12,12,,,,12,unchecked,none
K12a1225,12,11,,,,11,unchecked,none
K12a1226,12,12,,,,12,unchecked,none
K12a1227,12,11,,,,11,unchecked,none
K12a1228,12,11,,,,11,unchecked,none
K12a1229,12,11,,,,11,unchecked,none
K12a123,12,12,,,,12,unchecked,none
K12a1230,12,11,,,,11,unchecked,none
K12a1231,12,11,,,,11,unchecked,none
K12a1232,12,11,,,,11,unchecked,none
K12a1233,12,12,,,,12,unchecked,none
K12a1234,12,12,,,,12,unchecked,none
K12a1235,12,12,,,,12,unchecked,none
K12a1236,12,12,,,,12,unchecked,none
K12a1237,12,11,,,,11,unchecked,none
K12a1238,12,12,,,,12,unchecked,none
K12a1239,12,12,,,,12,unchecked,none
K12a124,12,12,,,,12,unchecked,none
K12a1240,12,12,,,,12,unchecked,none
K12a1241,12,12,,,,12,unchecked,none
K12a1242,12,12,,,,12,unchecked,none
K12a1243,12,12,,,,12,unchecked,none
K12a1244,12,12,,,,12,unchecked,none
K12a1245,12,12,,,,12,unchecked,none
K12a1246,12,12,,,,12,unchecked,none
K12a1247,12,11,,,,11,unchecked,none
K12a1248,12,11,,,,11,unchecked,none
K12a1249,12,11,,,,11,unchecked,none
K12a125,12,12,,,,12,unchecked,none
K12a1250,12,11,,,,11,unchecked,none
K12a1251,12,11,,,,11,unchecked,none
K12a1252,12,11,,,,11,unchecked,none
K12a1253,12,11,,,,11,unchecked,none
K12a1254,12,11,,,,11,unchecked,none
K12a1255,12,11,,,,11,unchecked,none
K12a1256,12,11,,,,11,unchecked,none
K12a1257,12,11,,,,11,unchecked,none
K12a1258,12,11,,,,11,unchecked,none
K12a1259,12,12,,,,12,unchecked,none
K12a126,12,12,,,,12,unchecked,none
K12a1260,12,12,,,,12,unchecked,none
K12a1261,12,12,,,,12,unchecked,none
K12a1262,12,11,,,,11,unchecked,none
K12a1263,12,11,,,,11,unchecked,none
K12a1264,12,11,,,,11,unchecked,none
K12a1265,12,12,,,,12,unchecked,none
K12a1266,12,12,,,,12,unchecked,none
K12a1267,12,12,,,,12,unchecked,none
K12a1268,12,11,,,,11,unchecked,none
K12a1269,12,12,,,,12,unchecked,none
K12a127,12,12,,,,12,unchecked,none
K12a1270,12,11,,,,11,unchecked,none
K12a1271,12,11,,,,11,unchecked,none
K12a1272,12,11,,,,11,unchecked,none
K12a1273,12,12,,,,12,unchecked,none
K12a1274,12,12,,,,12,unchecked,none
K12a1275,12,12,,,,12,unchecked,none
K12a1276,12,12,,,,12,unchecked,none
K12a1277,12,12,,,,12,unchecked,none
K12a1278,12,12,,,,12,unchecked,none
K12a1279,12,12,,,,12,unchecked,none
K12a128,12,12,,,,12,unchecked,none
K12a1280,12,12,,,,12,unchecked,none
K12a1281,12,12,,,,12,unchecked,none
K12a1282,12,12,,,,12,unchecked,none
K12a1283,12,11,,,,11,unchecked,none
K12a1284,12,11,,,,11,unchecked,none
K12a1285,12,11,,,,11,unchecked,none
K12a1286,12,12,,,,12,unchecked,none
K12a1287,12,12,,,,12,unchecked,none
K12a1288,12,11,,,,11,unchecked,none
K12a129,12,12,,,,12,unchecked,none
K12a13,12,11,,,,11,unchecked,none
K12a130,12,12,,,,12,unchecked,none
K12a131,12,12,,,,12,unchecked,none
K12a132,12,12,,,,12,unchecked,none
K12a133,12,12,,,,12,unchecked,none
K12a134,12,11,,,,11,unchecked,none
K12a135,12,12,,,,12,unchecked,none
K12a136,12,12,,,,12,unchecked,none
K12a137,12,12,,,,12,unchecked,none
K12a138,12,11,,,,11,unchecked,none
K12a139,12,12,,,,12,unchecked,none
K12a14,12,11,,,,11,unchecked,none
K12a140,12,12,,,,12,unchecked,none
K12a141,12,12,,,,12,unchecked,none
K12a142,12,12,,,,12,unchecked,none
K12a143,12,12,,,,12,unchecked,none
K12a144,12,12,,,,12,unchecked,none
K12a145,12,12,,,,12,unchecked,none
K12a146,12,12,,,,12,unchecked,none
K12a147,12,12,,,,12,unchecked,none
K12a148,12,12,,,,12,unchecked,none
K12a149,12,12,,,,12,unchecked,none
K12a15,12,12,,,,12,unchecked,none
K12a150,12,12,,,,12,unchecked,none
K12a151,12,12,,,,12,unchecked,none
K12a152,12,12,,,,12,unchecked,none
K12a153,12,12,,,,12,unchecked,none
K12a154,12,11,,,,11,unchecked,none
K12a155,12,12,,,,12,unchecked,none
K12a156,12,11,,,,11,unchecked,none
K12a157,12,12,,,,12,unchecked,none
K12a158,12,12,,,,12,unchecked,none
K12a159,12,12,,,,12,unchecked,none
K12a16,12,12,,,,12,unchecked,none
K12a160,12,12,,,,12,unchecked,none
K12a161,12,12,,,,12,unchecked,none
K12a162,12,11,,,,11,unchecked,none
K12a163,12,11,,,,11,unchecked,none
K12a164,12,12,,,,12,unchecked,none
K12a165,12,12,,,,12,unchecked,none
K12a166,12,12,,,,12,unchecked,none
K12a167,12,12,,,,12,unchecked,none
K12a168,12,12,,,,12,unchecked,none
K12a169,12,12,,,,12,unchecked,none
K12a17,12,12,,,,12,unchecked,none
K12a170,12,12,,,,12,unchecked,none
K12a171,12,12,,,,12,unchecked,none
K12a172,12,12,,,,12,unchecked,none
K12a173,12,12,,,,12,unchecked,none
K12a174,12,12,,,,12,unchecked,none
K12a175,12,12,,,,12,unchecked,none
K12a176,12,12,,,,12,unchecked,none
K12a177,12,12,,,,12,unchecked,none
K12a178,12,12,,,,12,unchecked,none
K12a179,12,12,,,,12,unchecked,none
K12a18,12,12,,,,12,unchecked,none
K12a180,12,12,,,,12,unchecked,none
K12a181,12,12,,,,12,unchecked,none
K12a182,12,12,,,,12,unchecked,none
K12a183,12,12,,,,12,unchecked,none
K12a184,12,11,,,,11,unchecked,none
K12a185,12,12,,,,12,unchecked,none
K12a186,12,12,,,,12,unchecked,none
K12a187,12,11,,,,11,unchecked,none
K12a188,12,11,,,,11,unchecked,none
K12a189,12,11,,,,11,unchecked,none
K12a19,12,12,,,,12,unchecked,none
K12a190,12,11,,,,11,unchecked,none
K12a191,12,12,,,,12,unchecked,none
K12a192,12,12,,,,12,unchecked,none
K12a193,12,12,,,,12,unchecked,none
K12a194,12,12,,,,12,unchecked,none
K12a195,12,12,,,,12,unchecked,none
K12a196,12,12,,,,12,unchecked,none
K12a197,12,12,,,,12,unchecked,none
K12a198,12,12,,,,12,unchecked,none
K12a199,12,12,,,,12,unchecked,none
K12a2,12,12,,,,12,unchecked,none
K12a20,12,12,,,,12,unchecked,none
K12a200,12,12,,,,12,unchecked,none
K12a201,12,12,,,,12,unchecked,none
K12a202,12,11,,,,11,unchecked,none
K12a203,12,12,,,,12,unchecked,none
K12a204,12,12,,,,12,unchecked,none
K12a205,12,12,,,,12,unchecked,none
K12a206,12,12,,,,12,unchecked,none
K12a207,12,12,,,,12,unchecked,none
K12a208,12,12,,,,12,unchecked,none
K12a209,12,11,,,,11,unchecked,none
K12a21,12,12,,,,12,unchecked,none
K12a210,12,12,,,,12,unchecked,none
K12a211,12,12,,,,12,unchecked,none
K12a212,12,12,,,,12,unchecked,none
K12a213,12,11,,,,11,unchecked,none
K12a214,12,11,,,,11,unchecked,none
K12a215,12,12,,,,12,unchecked,none
K12a216,12,12,,,,12,unchecked,none
K12a217,12,12,,,,12,unchecked,none
K12a218,12,12,,,,12,unchecked,none
K12a219,12,12,,,,12,unchecked,none
K12a22,12,12,,,,12,unchecked,none
K12a220,12,11,,,,11,unchecked,none
K12a221,12,12,,,,12,unchecked,none
K12a222,12,11,,,,11,unchecked,none
K12a223,12,11,,,,11,unchecked,none
K12a224,12,11,,,,11,unchecked,none
K12a225,12,12,,,,12,unchecked,none
K12a226,12,12,,,,12,unchecked,none
K12a227,12,11,,,,11,unchecked,none
K12a228,12,11,,,,11,unchecked,none
K12a229,12,12,,,,12,unchecked,none
K12a23,12,12,,,,12,unchecked,none
K12a230,12,11,,,,11,unchecked,none
K12a231,12,12,,,,12,unchecked,none
K12a232,12,12,,,,12,unchecked,none
K12a233,12,12,,,,12,unchecked,none
K12a234,12,12,,,,12,unchecked,none
K12a235,12,12,,,,12,unchecked,none
K12a236,12,12,,,,12,unchecked,none
K12a237,12,12,,,,12,unchecked,none
K12a238,12,12,,,,12,unchecked,none
K12a239,12,12,,,,12,unchecked,none
K12a24,12,12,,,,12,unchecked,none
K12a240,12,12,,,,12,unchecked,none
K12a241,12,12,,,,12,unchecked,none
K12a242,12,12,,,,12,unchecked,none
K12a243,12,12,,,,12,unchecked,none
K12a244,12,12,,,,12,unchecked,none
K12a245,12,11,,,,11,unchecked,none
K12a246,12,12,,,,12,unchecked,none
K12a247,12,12,,,,12,unchecked,none
K12a248,12,12,,,,12,unchecked,none
K12a249,12,12,,,,12,unchecked,none
K12a25,12,12,,,,12,unchecked,none
K12a250,12,11,,,,11,unchecked,none
K12a251,12,12,,,,12,unchecked,none
K12a252,12,12,,,,12,unchecked,none
K12a253,12,12,,,,12,unchecked,none
K12a254,12,12,,,,12,unchecked,none
K12a255,12,12,,,,12,unchecked,none
K12a256,12,11,,,,11,matched,none
K12a257,12,12,,,,12,unchecked,none
K12a258,12,12,,,,12,unchecked,none
K12a259,12,12,,,,12,unchecked,none
K12a26,12,12,,,,12,unchecked,none
K12a260,12,11,,,,11,unchecked,none
K12a261,12,12,,,,12,unchecked,none
K12a262,12,11,,,,11,unchecked,none
K12a263,12,12,,,,12,unchecked,none
K12a264,12,11,,,,11,unchecked,none
K12a265,12,11,,,,11,matched,none
K12a266,12,12,,,,12,unchecked,none
K12a267,12,11,,,,11,unchecked,none
K12a268,12,12,,,,12,unchecked,none
K12a269,12,12,,,,12,unchecked,none
K12a27,12,12,,,,12,unchecked,none
K12a270,12,12,,,,12,unchecked,none
K12a271,12,12,,,,12,unchecked,none
K12a272,12,12,,,,12,unchecked,none
K12a273,12,12,,,,12,unchecked,none
K12a274,12,12,,,,12,unchecked,none
K12a275,12,12,,,,12,unchecked,none
K12a276,12,12,,,,12,unchecked,none
K12a277,12,12,,,,12,unchecked,none
K12a278,12,12,,,,12,unchecked,none
K12a279,12,12,,,,12,unchecked,none
K12a28,12,12,,,,12,unchecked,none
K12a280,12,12,,,,12,unchecked,none
K12a281,12,12,,,,12,unchecked,none
K12a282,12,11,,,,11,unchecked,none
K12a283,12,11,,,,11,unchecked,none
K12a284,12,12,,,,12,unchecked,none
K12a285,12,12,,,,12,unchecked,none
K12a286,12,11,,,,11,unchecked,none
K12a287,12,12,,,,12,unchecked,none
K12a288,12,12,,,,12,unchecked,none
K12a289,12,12,,,,12,unchecked,none
K12a29,12,12,,,,12,unchecked,none
K12a290,12,12,,,,12,unchecked,none
K12a291,12,12,,,,12,unchecked,none
K12a292,12,12,,,,12,unchecked,none
K12a293,12,12,,,,12,unchecked,none
K12a294,12,12,,,,12,unchecked,none
K12a295,12,12,,,,12,unchecked,none
K12a296,12,12,,,,12,unchecked,none
K12a297,12,12,,,,12,unchecked,none
K12a298,12,11,,,,11,unchecked,none
K12a299,12,12,,,,12,unchecked,none
K12a3,12,12,,,,12,unchecked,none
K12a30,12,12,,,,12,unchecked,none
K12a300,12,12,,,,12,unchecked,none
K12a301,12,11,,,,11,unchecked,none
K12a302,12,12,,,,12,unchecked,none
K12a303,12,11,,,,11,unchecked,none
K12a304,12,12,,,,12,matched,none
K12a305,12,12,,,,12,unchecked,none
K12a306,12,12,,,,12,unchecked,none
K12a307,12,12,,,,12,unchecked,none
K12a308,12,12,,,,12,unchecked,none
K12a309,12,11,,,,11,unchecked,none
K12a31,12,12,,,,12,unchecked,none
K12a310,12,12,,,,12,unchecked,none
K12a311,12,12,,,,12,unchecked,none
K12a312,12,11,,,,11,unchecked,none
K12a313,12,12,,,,12,unchecked,none
K12a314,12,12,,,,12,unchecked,none
K12a315,12,12,,,,12,unchecked,none
K12a316,12,11,,,,11,unchecked,none
K12a317,12,12,,,,12,unchecked,none
K12a318,12,11,,,,11,unchecked,none
K12a319,12,12,,,,12,unchecked,none
K12a32,12,12,,,,12,unchecked,none
K12a320,12,12,,,,12,unchecked,none
K12a321,12,12,,,,12,unchecked,none
K12a322,12,12,,,,12,unchecked,none
K12a323,12,12,,,,12,unchecked,none
K12a324,12,12,,,,12,unchecked,none
K12a325,12,11,,,,11,unchecked,none
K12a326,12,12,,,,12,unchecked,none
K12a327,12,12,,,,12,unchecked,none
K12a328,12,12,,,,12,unchecked,none
K12a329,12,12,,,,12,unchecked,none
K12a33,12,12,,,,12,unchecked,none
K12a330,12,12,,,,12,unchecked,none
K12a331,12,12,,,,12,unchecked,none
K12a332,12,12,,,,12,unchecked,none
K12a333,12,11,,,,11,unchecked,none
K12a334,12,12,,,,12,unchecked,none
K12a335,12,12,,,,12,unchecked,none
K12a336,12,12,,,,12,unchecked,none
K12a337,12,11,,,,11,unchecked,none
K12a338,12,12,,,,12,unchecked,none
K12a339,12,11,,,,11,unchecked,none
K12a34,12,12,,,,12,unchecked,none
K12a340,12,11,,,,11,unchecked,none
K12a341,12,12,,,,12,unchecked,none
K12a342,12,12,,,,12,unchecked,none
K12a343,12,12,,,,12,unchecked,none
K12a344,12,12,,,,12,unchecked,none
K12a345,12,12,,,,12,unchecked,none
K12a346,12,11,,,,11,unchecked,none
K12a347,12,12,,,,12,unchecked,none
K12a348,12,12,,,,12,unchecked,none
K12a349,12,11,,,,11,unchecked,none
K12a35,12,12,,,,12,unchecked,none
K12a350,12,12,,,,12,unchecked,none
K12a351,12,11,,,,11,unchecked,none
K12a352,12,11,,,,11,unchecked,none
K12a353,12,12,,,,12,unchecked,none
K12a354,12,11,,,,11,unchecked,none
K12a355,12,12,,,,12,matched,none
K12a356,12,12,,,,12,unchecked,none
K12a357,12,12,,,,12,unchecked,none
K12a358,12,11,,,,11,unchecked,none
K12a359,12,11,,,,11,unchecked,none
K12a36,12,12,,,,12,unchecked,none
K12a360,12,12,,,,12,unchecked,none
K12a361,12,11,,,,11,unchecked,none
K12a362,12,11,,,,11,unchecked,none
K12a363,12,12,,,,12,unchecked,none
K12a364,12,11,,,,11,matched,none
K12a365,12,12,,,,12,unchecked,none
K12a366,12,12,,,,12,unchecked,none
K12a367,12,12,,,,12,matched,none
K12a368,12,12,,,,12,unchecked,none
K12a369,12,12,,,,12,unchecked,none
K12a37,12,12,,,,12,unchecked,none
K12a370,12,12,,,,12,unchecked,none
K12a371,12,12,,,,12,unchecked,none
K12a372,12,12,,,,12,unchecked,none
K12a373,12,12,,,,12,unchecked,none
K12a374,12,12,,,,12,unchecked,none
K12a375,12,12,,,,12,unchecked,none
K12a376,12,12,,,,12,unchecked,none
K12a377,12,12,,12,0,12,unchecked,reported_only
K12a378,12,12,,,,12,unchecked,none
K12a379,12,12,,,,12,unchecked,none
K12a38,12,12,,,,12,unchecked,none
K12a380,12,12,,,,12,unchecked,none
K12a381,12,12,,,,12,unchecked,none
K12a382,12,12,,,,12,unchecked,none
K12a383,12,12,,,,12,unchecked,none
K12a384,12,12,,,,12,unchecked,none
K12a385,12,12,,,,12,unchecked,none
K12a386,12,11,,,,11,unchecked,none
K12a387,12,11,,,,11,unchecked,none
K12a388,12,12,,,,12,unchecked,none
K12a389,12,11,,,,11,unchecked,none
K12a39,12,12,,,,12,unchecked,none
K12a390,12,11,,,,11,unchecked,none
K12a391,12,12,,,,12,unchecked,none
K12a392,12,11,,,,11,unchecked,none
K12a393,12,11,,,,11,unchecked,none
K12a394,12,12,,,,12,unchecked,none
K12a395,12,12,,,,12,unchecked,none
K12a396,12,12,,,,12,unchecked,none
K12a397,12,11,,,,11,unchecked,none
K12a398,12,11,,,,11,unchecked,none
K12a399,12,12,,,,12,unchecked,none
K12a4,12,12,,,,12,unchecked,none
K12a40,12,12,,,,12,unchecked,none
K12a400,12,11,,,,11,unchecked,none
K12a401,12,12,,,,12,unchecked,none
K12a402,12,11,,,,11,unchecked,none
K12a403,12,11,,,,11,unchecked,none
K12a404,12,12,,,,12,unchecked,none
K12a405,12,12,,,,12,unchecked,none
K12a406,12,12,,,,12,unchecked,none
K12a407,12,11,,,,11,unchecked,none
K12a408,12,11,,,,11,unchecked,none
K12a409,12,12,,,,12,unchecked,none
K12a41,12,12,,,,12,unchecked,none
K12a410,12,12,,,,12,unchecked,none
K12a411,12,12,,,,12,unchecked,none
K12a412,12,12,,,,12,unchecked,none
K12a413,12,11,,,,11,unchecked,none
K12a414,12,12,,,,12,unchecked,none
K12a415,12,11,,,,11,unchecked,none
K12a416,12,11,,,,11,unchecked,none
K12a417,12,11,,,,11,matched,none
K12a418,12,11,,,,11,unchecked,none
K12a419,12,11,,,,11,unchecked,none
K12a42,12,12,,,,12,unchecked,none
K12a420,12,12,,,,12,matched,none
K12a421,12,12,,,,12,unchecked,none
K12a422,12,12,,,,12,unchecked,none
K12a423,12,12,,,,12,unchecked,none
K12a424,12,12,,,,12,unchecked,none
K12a425,12,12,,,,12,unchecked,none
K12a426,12,11,,,,11,unchecked,none
K12a427,12,12,,,,12,unchecked,none
K12a428,12,12,,,,12,unchecked,none
K12a429,12,12,,,,12,unchecked,none
K12a43,12,12,,,,12,matched,none
K12a430,12,12,,,,12,unchecked,none
K12a431,12,12,,,,12,unchecked,none
K12a432,12,12,,,,12,unchecked,none
K12a433,12,12,,,,12,unchecked,none
K12a434,12,12,,,,12,unchecked,none
K12a435,12,12,,,,12,unchecked,none
K12a436,12,12,,,,12,unchecked,none
K12a437,12,12,,,,12,unchecked,none
K12a438,12,12,,,,12,unchecked,none
K12a439,12,11,,,,11,unchecked,none
K12a44,12,12,,,,12,unchecked,none
K12a440,12,12,,,,12,unchecked,none
K12a441,12,12,,,,12,unchecked,none
K12a442,12,12,,,,12,unchecked,none
K12a443,12,12,,,,12,unchecked,none
K12a444,12,12,,,,12,unchecked,none
K12a445,12,12,,,,12,unchecked,none
K12a446,12,12,,,,12,unchecked,none
K12a447,12,12,,,,12,unchecked,none
K12a448,12,12,,,,12,unchecked,none
K12a449,12,12,,,,12,unchecked,none
K12a45,12,12,,,,12,unchecked,none
K12a450,12,12,,,,12,unchecked,none
K12a451,12,12,,,,12,unchecked,none
K12a452,12,12,,,,12,unchecked,none
K12a453,12,12,,,,12,unchecked,none
K12a454,12,12,,,,12,unchecked,none
K12a455,12,12,,,,12,unchecked,none
K12a456,12,12,,,,12,unchecked,none
K12a457,12,11,,,,11,unchecked,none
K12a458,12,11,,,,11,unchecked,none
K12a459,12,11,,,,11,unchecked,none
K12a46,12,12,,,,12,unchecked,none
K12a460,12,12,,,,12,unchecked,none
K12a461,12,12,,,,12,unchecked,none
K12a462,12,12,,,,12,unchecked,none
K12a463,12,12,,,,12,unchecked,none
K12a464,12,11,,,,11,unchecked,none
K12a465,12,12,,,,12,unchecked,none
K12a466,12,12,,,,12,unchecked,none
K12a467,12,11,,,,11,unchecked,none
K12a468,12,12,,,,12,unchecked,none
K12a469,12,11,,,,11,unchecked,none
K12a47,12,12,,,,12,unchecked,none
K12a470,12,12,,,,12,unchecked,none
K12a471,12,12,,,,12,unchecked,none
K12a472,12,12,,,,12,unchecked,none
K12a473,12,11,,,,11,unchecked,none
K12a474,12,11,,,,11,unchecked,none
K12a475,12,12,,,,12,unchecked,none
K12a476,12,12,,,,12,unchecked,none
K12a477,12,12,,,,12,unchecked,none
K12a478,12,11,,,,11,unchecked,none
K12a479,12,11,,,,11,unchecked,none
K12a48,12,12,,,,12,unchecked,none
K12a480,12,11,,,,11,unchecked,none
K12a481,12,12,,,,12,unchecked,none
K12a482,12,12,,,,12,unchecked,none
K12a483,12,11,,11,0,11,unchecked,reported_only
K12a484,12,12,,,,12,unchecked,none
K12a485,12,11,,,,11,unchecked,none
K12a486,12,11,,,,11,unchecked,none
K12a487,12,11,,,,11,unchecked,none
K12a488,12,12,,,,12,unchecked,none
K12a489,12,12,,,,12,unchecked,none
K12a49,12,11,,,,11,unchecked,none
K12a490,12,12,,,,12,unchecked,none
K12a491,12,11,,,,11,matched,none
K12a492,12,11,,,,11,unchecked,none
K12a493,12,12,,,,12,unchecked,none
K12a494,12,12,,,,12,unchecked,none
K12a495,12,12,,,,12,unchecked,none
K12a496,12,11,,,,11,unchecked,none
K12a497,12,12,,,,12,unchecked,none
K12a498,12,12,,,,12,unchecked,none
K12a499,12,12,,,,12,unchecked,none
K12a5,12,12,,,,12,unchecked,none
K12a50,12,12,,,,12,unchecked,none
K12a500,12,12,,,,12,unchecked,none
K12a501,12,12,,,,12,unchecked,none
K12a502,12,12,,,,12,unchecked,none
K12a503,12,12,,,,12,unchecked,none
K12a504,12,12,,,,12,unchecked,none
K12a505,12,12,,,,12,unchecked,none
K12a506,12,12,,,,12,unchecked,none
K12a507,12,12,,,,12,unchecked,none
K12a508,12,12,,,,12,unchecked,none
K12a509,12,12,,,,12,unchecked,none
K12a51,12,12,,,,12,unchecked,none
K12a510,12,12,,,,12,unchecked,none
K12a511,12,12,,,,12,unchecked,none
K12a512,12,12,,,,12,unchecked,none
K12a513,12,12,,,,12,unchecked,none
K12a514,12,12,,,,12,unchecked,none
K12a515,12,12,,,,12,unchecked,none
K12a516,12,12,,,,12,unchecked,none
K12a517,12,12,,,,12,unchecked,none
K12a518,12,12,,,,12,unchecked,none
K12a519,12,12,,,,12,unchecked,none
K12a52,12,12,,,,12,unchecked,none
K12a520,12,12,,,,12,unchecked,none
K12a521,12,12,,,,12,unchecked,none
K12a522,12,12,,,,12,unchecked,none
K12a523,12,11,,,,11,unchecked,none
K12a524,12,12,,,,12,unchecked,none
K12a525,12,12,,,,12,unchecked,none
K12a526,12,11,,,,11,unchecked,none
K12a527,12,11,,,,11,unchecked,none
K12a528,12,12,,,,12,unchecked,none
K12a529,12,11,,,,11,unchecked,none
K12a53,12,12,,,,12,unchecked,none
K12a530,12,11,,,,11,unchecked,none
K12a531,12,12,,,,12,unchecked,none
K12a532,12,12,,,,12,unchecked,none
K12a533,12,12,,,,12,unchecked,none
K12a534,12,12,,,,12,unchecked,none
K12a535,12,12,,,,12,unchecked,none
K12a536,12,12,,,,12,unchecked,none
K12a537,12,12,,12,0,12,unchecked,reported_only
K12a538,12,12,,,,12,unchecked,none
K12a539,12,12,,,,12,unchecked,none
K12a54,12,12,,,,12,unchecked,none
K12a540,12,12,,,,12,unchecked,none
K12a541,12,12,,,,12,matched,none
K12a542,12,11,,,,11,unchecked,none
K12a543,12,11,,,,11,unchecked,none
K12a544,12,12,,,,12,unchecked,none
K12a545,12,12,,,,12,matched,none
K12a546,12,11,,,,11,unchecked,none
K12a547,12,12,,,,12,unchecked,none
K12a548,12,12,,,,12,unchecked,none
K12a549,12,12,,,,12,unchecked,none
K12a55,12,12,,,,12,unchecked,none
K12a550,12,12,,,,12,unchecked,none
K12a551,12,12,,,,12,unchecked,none
K12a552,12,12,,,,12,unchecked,none
K12a553,12,11,,,,11,unchecked,none
K12a554,12,12,,,,12,unchecked,none
K12a555,12,12,,,,12,unchecked,none
K12a556,12,12,,,,12,unchecked,none
K12a557,12,12,,,,12,unchecked,none
K12a558,12,11,,,,11,unchecked,none
K12a559,12,11,,,,11,unchecked,none
K12a56,12,12,,,,12,unchecked,none
K12a560,12,12,,,,12,unchecked,none
K12a561,12,12,,,,12,unchecked,none
K12a562,12,12,,,,12,unchecked,none
K12a563,12,12,,,,12,unchecked,none
K12a564,12,12,,,,12,unchecked,none
K12a565,12,12,,,,12,unchecked,none
K12a566,12,12,,,,12,matched,none
K12a567,12,11,,,,11,unchecked,none
K12a568,12,12,,,,12,unchecked,none
K12a569,12,12,,,,12,unchecked,none
K12a57,12,12,,,,12,unchecked,none
K12a570,12,12,,,,12,unchecked,none
K12a571,12,11,,,,11,unchecked,none
K12a572,12,11,,,,11,unchecked,none
K12a573,12,12,,,,12,unchecked,none
K12a574,12,12,,,,12,unchecked,none
K12a575,12,12,,,,12,unchecked,none
K12a576,12,12,,,,12,unchecked,none
K12a577,12,12,,,,12,unchecked,none
K12a578,12,12,,,,12,unchecked,none
K12a579,12,12,,,,12,unchecked,none
K12a58,12,12,,,,12,unchecked,none
K12a580,12,12,,,,12,unchecked,none
K12a581,12,12,,,,12,matched,none
K12a582,12,12,,,,12,unchecked,none
K12a583,12,12,,,,12,unchecked,none
K12a584,12,12,,,,12,unchecked,none
K12a585,12,12,,,,12,unchecked,none
K12a586,12,12,,,,12,unchecked,none
K12a587,12,11,,,,11,unchecked,none
K12a588,12,11,,,,11,unchecked,none
K12a589,12,12,,,,12,unchecked,none
K12a59,12,12,,,,12,unchecked,none
K12a590,12,12,,,,12,unchecked,none
K12a591,12,12,,,,12,unchecked,none
K12a592,12,12,,,,12,unchecked,none
K12a593,12,12,,,,12,unchecked,none
K12a594,12,12,,,,12,unchecked,none
K12a595,12,12,,,,12,unchecked,none
K12a596,12,12,,,,12,unchecked,none
K12a597,12,12,,,,12,unchecked,none
K12a598,12,12,,,,12,unchecked,none
K12a599,12,11,,,,11,unchecked,none
K12a6,12,12,,,,12,unchecked,none
K12a60,12,12,,,,12,unchecked,none
K12a600,12,12,,,,12,unchecked,none
K12a601,12,12,,,,12,unchecked,none
K12a602,12,11,,,,11,unchecked,none
K12a603,12,12,,,,12,unchecked,none
K12a604,12,12,,,,12,unchecked,none
K12a605,12,11,,,,11,unchecked,none
K12a606,12,12,,,,12,unchecked,none
K12a607,12,12,,,,12,matched,none
K12a608,12,12,,,,12,unchecked,none
K12a609,12,12,,,,12,unchecked,none
K12a61,12,12,,,,12,unchecked,none
K12a610,12,11,,,,11,unchecked,none
K12a611,12,12,,,,12,unchecked,none
K12a612,12,12,,,,12,unchecked,none
K12a613,12,11,,,,11,unchecked,none
K12a614,12,12,,,,12,unchecked,none
K12a615,12,12,,,,12,unchecked,none
K12a616,12,12,,,,12,unchecked,none
K12a617,12,12,,,,12,unchecked,none
K12a618,12,11,,,,11,unchecked,none
K12a619,12,12,,,,12,unchecked,none
K12a62,12,12,,,,12,unchecked,none
K12a620,12,11,,,,11,unchecked,none
K12a621,12,12,,,,12,unchecked,none
K12a622,12,11,,,,11,unchecked,none
K12a623,12,12,,,,12,unchecked,none
K12a624,12,11,,,,11,unchecked,none
K12a625,12,11,,,,11,unchecked,none
K12a626,12,11,,,,11,unchecked,none
K12a627,12,12,,,,12,unchecked,none
K12a628,12,11,,,,11,unchecked,none
K12a629,12,11,,,,11,unchecked,none
K12a63,12,12,,,,12,unchecked,none
K12a630,12,11,,,,11,unchecked,none
K12a631,12,11,,,,11,unchecked,none
K12a632,12,11,,,,11,unchecked,none
K12a633,12,11,,,,11,unchecked,none
K12a634,12,11,,,,11,unchecked,none
K12a635,12,11,,,,11,unchecked,none
K12a636,12,11,,,,11,unchecked,none
K12a637,12,11,,,,11,unchecked,none
K12a638,12,11,,,,11,unchecked,none
K12a639,12,12,,,,12,unchecked,none
K12a64,12,12,,,,12,unchecked,none
K12a640,12,12,,,,12,unchecked,none
K12a641,12,12,,,,12,unchecked,none
K12a642,12,12,,,,12,unchecked,none
K12a643,12,12,,,,12,unchecked,none
K12a644,12,12,,,,12,unchecked,none
K12a645,12,11,,,,11,unchecked,none
K12a646,12,12,,,,12,unchecked,none
K12a647,12,12,,,,12,unchecked,none
K12a648,12,12,,,,12,unchecked,none
K12a649,12,12,,,,12,matched,none
K12a65,12,12,,,,12,unchecked,none
K12a650,12,12,,,,12,unchecked,none
K12a651,12,12,,,,12,unchecked,none
K12a652,12,12,,,,12,unchecked,none
K12a653,12,11,,,,11,unchecked,none
K12a654,12,11,,,,11,unchecked,none
K12a655,12,12,,,,12,unchecked,none
K12a656,12,12,,,,12,unchecked,none
K12a657,12,12,,,,12,unchecked,none
K12a658,12,11,,,,11,unchecked,none
K12a659,12,11,,,,11,unchecked,none
K12a66,12,11,,,,11,unchecked,none
K12a660,12,12,,,,12,unchecked,none
K12a661,12,12,,,,12,unchecked,none
K12a662,12,11,,,,11,unchecked,none
K12a663,12,11,,,,11,unchecked,none
K12a664,12,12,,,,12,unchecked,none
K12a665,12,12,,,,12,unchecked,none
K12a666,12,12,,,,12,unchecked,none
K12a667,12,12,,,,12,unchecked,none
K12a668,12,12,,,,12,unchecked,none
K12a669,12,12,,,,12,unchecked,none
K12a67,12,11,,,,11,unchecked,none
K12a670,12,11,,,,11,unchecked,none
K12a671,12,12,,,,12,unchecked,none
K12a672,12,11,,,,11,unchecked,none
K12a673,12,11,,,,11,unchecked,none
K12a674,12,11,,,,11,unchecked,none
K12a675,12,12,,,,12,unchecked,none
K12a676,12,12,,,,12,unchecked,none
K12a677,12,12,,,,12,unchecked,none
K12a678,12,12,,,,12,unchecked,none
K12a679,12,12,,,,12,unchecked,none
K12a68,12,12,,,,12,unchecked,none
K12a680,12,12,,,,12,unchecked,none
K12a681,12,12,,,,12,unchecked,none
K12a682,12,12,,,,12,unchecked,none
K12a683,12,12,,,,12,unchecked,none
K12a684,12,12,,,,12,unchecked,none
K12a685,12,12,,,,12,unchecked,none
K12a686,12,12,,,,12,unchecked,none
K12a687,12,12,,,,12,unchecked,none
K12a688,12,12,,,,12,unchecked,none
K12a689,12,12,,,,12,unchecked,none
K12a69,12,12,,,,12,unchecked,none
K12a690,12,12,,,,12,unchecked,none
K12a691,12,12,,,,12,unchecked,none
K12a692,12,12,,,,12,unchecked,none
K12a693,12,12,,,,12,unchecked,none
K12a694,12,12,,,,12,unchecked,none
K12a695,12,11,,,,11,unchecked,none
K12a696,12,11,,,,11,unchecked,none
K12a697,12,11,,,,11,unchecked,none
K12a698,12,11,,,,11,unchecked,none
K12a699,12,11,,,,11,unchecked,none
K12a7,12,12,,,,12,unchecked,none
K12a70,12,12,,,,12,unchecked,none
K12a700,12,11,,,,11,unchecked,none
K12a701,12,12,,,,12,unchecked,none
K12a702,12,12,,,,12,unchecked,none
K12a703,12,11,,,,11,unchecked,none
K12a704,12,12,,,,12,unchecked,none
K12a705,12,11,,,,11,unchecked,none
K12a706,12,11,,,,11,unchecked,none
K12a707,12,11,,12,1,11,unchecked,reported_only
K12a708,12,11,,,,11,unchecked,none
K12a709,12,11,,,,11,unchecked,none
K12a71,12,11,,,,11,unchecked,none
K12a710,12,11,,,,11,unchecked,none
K12a711,12,11,,,,11,unchecked,none
K12a712,12,11,,,,11,unchecked,none
K12a713,12,12,,,,12,unchecked,none
K12a714,12,12,,,,12,unchecked,none
K12a715,12,12,,,,12,unchecked,none
K12a716,12,12,,,,12,matched,none
K12a717,12,12,,,,12,unchecked,none
K12a718,12,12,,,,12,unchecked,none
K12a719,12,12,,,,12,unchecked,none
K12a72,12,12,,,,12,unchecked,none
K12a720,12,12,,,,12,unchecked,none
K12a721,12,12,,,,12,unchecked,none
K12a722,12,12,,,,12,unchecked,none
K12a723,12,12,,,,12,unchecked,none
K12a724,12,12,,,,12,unchecked,none
K12a725,12,12,,,,12,unchecked,none
K12a726,12,12,,,,12,unchecked,none
K12a727,12,12,,,,12,unchecked,none
K12a728,12,12,,,,12,unchecked,none
K12a729,12,12,,,,12,unchecked,none
K12a73,12,12,,,,12,unchecked,none
K12a730,12,12,,,,12,unchecked,none
K12a731,12,12,,,,12,unchecked,none
K12a732,12,12,,,,12,unchecked,none
K12a733,12,12,,,,12,unchecked,none
K12a734,12,11,,,,11,unchecked,none
K12a735,12,12,,,,12,unchecked,none
K12a736,12,12,,,,12,unchecked,none
K12a737,12,12,,,,12,unchecked,none
K12a738,12,12,,,,12,unchecked,none
K12a739,12,12,,,,12,unchecked,none
K12a74,12,12,,,,12,unchecked,none
K12a740,12,12,,,,12,unchecked,none
K12a741,12,11,,,,11,unchecked,none
K12a742,12,11,,,,11,unchecked,none
K12a743,12,12,,,,12,unchecked,none
K12a744,12,12,,,,12,matched,none
K12a745,12,12,,,,12,unchecked,none
K12a746,12,11,,,,11,unchecked,none
K12a747,12,12,,,,12,unchecked,none
K12a748,12,12,,,,12,unchecked,none
K12a749,12,12,,,,12,unchecked,none
K12a75,12,11,,,,11,unchecked,none
K12a750,12,11,,,,11,matched,none
K12a751,12,12,,,,12,unchecked,none
K12a752,12,12,,,,12,unchecked,none
K12a753,12,12,,,,12,unchecked,none
K12a754,12,11,,,,11,unchecked,none
K12a755,12,12,,,,12,unchecked,none
K12a756,12,12,,,,12,unchecked,none
K12a757,12,12,,,,12,unchecked,none
K12a758,12,12,,,,12,unchecked,none
K12a759,12,12,,,,12,unchecked,none
K12a76,12,12,,,,12,unchecked,none
K12a760,12,12,,,,12,unchecked,none
K12a761,12,12,,,,12,unchecked,none
K12a762,12,12,,,,12,unchecked,none
K12a763,12,12,,,,12,unchecked,none
K12a764,12,12,,,,12,unchecked,none
K12a765,12,11,,,,11,unchecked,none
K12a766,12,12,,,,12,unchecked,none
K12a767,12,12,,,,12,unchecked,none
K12a768,12,12,,,,12,unchecked,none
K12a769,12,12,,,,12,unchecked,none
K12a77,12,12,,,,12,unchecked,none
K12a770,12,12,,,,12,unchecked,none
K12a771,12,11,,,,11,unchecked,none
K12a772,12,12,,,,12,unchecked,none
K12a773,12,12,,,,12,unchecked,none
K12a774,12,12,,,,12,unchecked,none
K12a775,12,12,,,,12,unchecked,none
K12a776,12,12,,,,12,unchecked,none
K12a777,12,11,,,,11,unchecked,none
K12a778,12,11,,,,11,unchecked,none
K12a779,12,11,,,,11,unchecked,none
K12a78,12,12,,,,12,unchecked,none
K12a780,12,12,,,,12,unchecked,none
K12a781,12,11,,,,11,unchecked,none
K12a782,12,12,,,,12,unchecked,none
K12a783,12,11,,,,11,unchecked,none
K12a784,12,12,,,,12,unchecked,none
K12a785,12,11,,,,11,unchecked,none
K12a786,12,11,,,,11,matched,none
K12a787,12,11,,,,11,unchecked,none
K12a788,12,11,,,,11,unchecked,none
K12a789,12,12,,,,12,unchecked,none
K12a79,12,12,,,,12,matched,none
K12a790,12,12,,,,12,unchecked,none
K12a791,12,12,,,,12,unchecked,none
K12a792,12,12,,,,12,unchecked,none
K12a793,12,11,,,,11,unchecked,none
K12a794,12,12,,,,12,unchecked,none
K12a795,12,12,,,,12,unchecked,none
K12a796,12,12,,,,12,unchecked,none
K12a797,12,12,,,,12,unchecked,none
K12a798,12,12,,,,12,unchecked,none
K12a799,12,11,,,,11,unchecked,none
K12a8,12,12,,,,12,unchecked,none
K12a80,12,12,,,,12,unchecked,none
K12a800,12,12,,,,12,unchecked,none
K12a801,12,12,,,,12,unchecked,none
K12a802,12,12,,,,12,unchecked,none
K12a803,12,12,,,,12,unchecked,none
K12a804,12,11,,,,11,unchecked,none
K12a805,12,11,,,,11,unchecked,none
K12a806,12,11,,,,11,unchecked,none
K12a807,12,11,,,,11,unchecked,none
K12a808,12,11,,,,11,unchecked,none
K12a809,12,11,,,,11,unchecked,none
K12a81,12,12,,,,12,unchecked,none
K12a810,12,11,,,,11,unchecked,none
K12a811,12,12,,,,12,matched,none
K12a812,12,12,,,,12,unchecked,none
K12a813,12,12,,,,12,unchecked,none
K12a814,12,12,,,,12,unchecked,none
K12a815,12,12,,,,12,unchecked,none
K12a816,12,12,,,,12,unchecked,none
K12a817,12,12,,,,12,unchecked,none
K12a818,12,12,,,,12,unchecked,none
K12a819,12,12,,,,12,unchecked,none
K12a82,12,12,,,,12,unchecked,none
K12a820,12,11,,,,11,unchecked,none
K12a821,12,11,,,,11,unchecked,none
K12a822,12,12,,,,12,unchecked,none
K12a823,12,12,,,,12,unchecked,none
K12a824,12,12,,,,12,unchecked,none
K12a825,12,12,,,,12,unchecked,none
K12a826,12,12,,,,12,unchecked,none
K12a827,12,12,,,,12,unchecked,none
K12a828,12,12,,,,12,unchecked,none
K12a829,12,12,,,,12,unchecked,none
K12a83,12,12,,,,12,unchecked,none
K12a830,12,12,,,,12,unchecked,none
K12a831,12,12,,,,12,unchecked,none
K12a832,12,12,,,,12,unchecked,none
K12a833,12,11,,,,11,unchecked,none
K12a834,12,11,,,,11,unchecked,none
K12a835,12,12,,,,12,unchecked,none
K12a836,12,12,,,,12,unchecked,none
K12a837,12,12,,,,12,unchecked,none
K12a838,12,12,,,,12,unchecked,none
K12a839,12,12,,,,12,unchecked,none
K12a84,12,12,,,,12,unchecked,none
K12a840,12,12,,,,12,unchecked,none
K12a841,12,12,,,,12,unchecked,none
K12a842,12,12,,,,12,unchecked,none
K12a843,12,12,,,,12,unchecked,none
K12a844,12,11,,,,11,unchecked,none
K12a845,12,11,,,,11,unchecked,none
K12a846,12,11,,,,11,unchecked,none
K12a847,12,11,,,,11,unchecked,none
K12a848,12,11,,,,11,unchecked,none
K12a849,12,11,,,,11,unchecked,none
K12a85,12,12,,,,12,unchecked,none
K12a850,12,12,,,,12,unchecked,none
K12a851,12,12,,,,12,unchecked,none
K12a852,12,11,,,,11,unchecked,none
K12a853,12,11,,,,11,unchecked,none
K12a854,12,11,,,,11,unchecked,none
K12a855,12,11,,,,11,unchecked,none
K12a856,12,11,,,,11,unchecked,none
K12a857,12,11,,,,11,unchecked,none
K12a858,12,11,,,,11,matched,none
K12a859,12,12,,,,12,unchecked,none
K12a86,12,12,,,,12,unchecked,none
K12a860,12,11,,,,11,unchecked,none
K12a861,12,12,,,,12,unchecked,none
K12a862,12,11,,,,11,unchecked,none
K12a863,12,12,,,,12,unchecked,none
K12a864,12,11,,,,11,unchecked,none
K12a865,12,11,,,,11,unchecked,none
K12a866,12,11,,,,11,unchecked,none
K12a867,12,11,,,,11,unchecked,none
K12a868,12,11,,12,1,11,unchecked,reported_only
K12a869,12,11,,,,11,unchecked,none
K12a87,12,12,,,,12,unchecked,none
K12a870,12,11,,,,11,unchecked,none
K12a871,12,11,,,,11,unchecked,none
K12a872,12,11,,,,11,unchecked,none
K12a873,12,11,,,,11,unchecked,none
K12a874,12,11,,,,11,unchecked,none
K12a875,12,11,,,,11,unchecked,none
K12a876,12,12,,,,12,unchecked,none
K12a877,12,12,,,,12,unchecked,none
K12a878,12,12,,,,12,unchecked,none
K12a879,12,12,,,,12,unchecked,none
K12a88,12,11,,,,11,unchecked,none
K12a880,12,12,,,,12,unchecked,none
K12a881,12,12,,12,0,12,unchecked,reported_only
K12a882,12,12,,,,12,unchecked,none
K12a883,12,11,,,,11,unchecked,none
K12a884,12,11,,,,11,unchecked,none
K12a885,12,11,,,,11,unchecked,none
K12a886,12,11,,,,11,unchecked,none
K12a887,12,11,,,,11,unchecked,none
K12a888,12,11,,,,11,unchecked,none
K12a889,12,11,,,,11,unchecked,none
K12a89,12,12,,,,12,unchecked,none
K12a890,12,12,,,,12,unchecked,none
K12a891,12,12,,,,12,unchecked,none
K12a892,12,11,,,,11,unchecked,none
K12a893,12,11,,,,11,unchecked,none
K12a894,12,11,,,,11,unchecked,none
K12a895,12,11,,,,11,unchecked,none
K12a896,12,11,,,,11,unchecked,none
K12a897,12,11,,,,11,unchecked,none
K12a898,12,12,,,,12,unchecked,none
K12a899,12,12,,,,12,unchecked,none
K12a9,12,12,,,,12,unchecked,none
K12a90,12,12,,,,12,unchecked,none
K12a900,12,12,,,,12,unchecked,none
K12a901,12,12,,,,12,unchecked,none
K12a902,12,12,,,,12,unchecked,none
K12a903,12,12,,,,12,unchecked,none
K12a904,12,11,,,,11,unchecked,none
K12a905,12,12,,,,12,unchecked,none
K12a906,12,12,,,,12,unchecked,none
K12a907,12,11,,,,11,unchecked,none
K12a908,12,12,,,,12,unchecked,none
K12a909,12,12,,,,12,unchecked,none
K12a91,12,12,,,,12,unchecked,none
K12a910,12,12,,,,12,unchecked,none
K12a911,12,12,,,,12,unchecked,none
K12a912,12,12,,,,12,unchecked,none
K12a913,12,11,,,,11,unchecked,none
K12a914,12,11,,,,11,unchecked,none
K12a915,12,11,,,,11,unchecked,none
K12a916,12,12,,,,12,unchecked,none
K12a917,12,12,,,,12,unchecked,none
K12a918,12,11,,,,11,unchecked,none
K12a919,12,12,,,,12,unchecked,none
K12a92,12,12,,,,12,unchecked,none
K12a920,12,11,,,,11,unchecked,none
K12a921,12,12,,,,12,unchecked,none
K12a922,12,11,,,,11,unchecked,none
K12a923,12,12,,,,12,unchecked,none
K12a924,12,12,,,,12,unchecked,none
K12a925,12,12,,,,12,unchecked,none
K12a926,12,11,,,,11,unchecked,none
K12a927,12,12,,,,12,unchecked,none
K12a928,12,11,,,,11,unchecked,none
K12a929,12,11,,,,11,unchecked,none
K12a93,12,12,,,,12,unchecked,none
K12a930,12,12,,,,12,unchecked,none
K12a931,12,12,,,,12,unchecked,none
K12a932,12,11,,,,11,matched,none
K12a933,12,12,,,,12,unchecked,none
K12a934,12,12,,,,12,unchecked,none
K12a935,12,11,,,,11,unchecked,none
K12a936,12,12,,,,12,unchecked,none
K12a937,12,12,,,,12,unchecked,none
K12a938,12,12,,,,12,unchecked,none
K12a939,12,12,,,,12,unchecked,none
K12a94,12,12,,,,12,unchecked,none
K12a940,12,11,,,,11,unchecked,none
K12a941,12,12,,,,12,unchecked,none
K12a942,12,12,,,,12,unchecked,none
K12a943,12,12,,,,12,unchecked,none
K12a944,12,12,,,,12,unchecked,none
K12a945,12,11,,,,11,unchecked,none
K12a946,12,12,,,,12,unchecked,none
K12a947,12,12,,,,12,unchecked,none
K12a948,12,12,,,,12,unchecked,none
K12a949,12,12,,,,12,unchecked,none
K12a95,12,12,,,,12,unchecked,none
K12a950,12,11,,11,0,11,unchecked,reported_only
K12a951,12,11,,,,11,unchecked,none
K12a952,12,12,,,,12,matched,none
K12a953,12,12,,,,12,unchecked,none
K12a954,12,11,,,,11,unchecked,none
K12a955,12,11,,,,11,unchecked,none
K12a956,12,11,,,,11,unchecked,none
K12a957,12,11,,,,11,unchecked,none
K12a958,12,12,,,,12,unchecked,none
K12a959,12,11,,,,11,unchecked,none
K12a96,12,12,,,,12,unchecked,none
K12a960,12,11,,,,11,unchecked,none
K12a961,12,11,,,,11,unchecked,none
K12a962,12,12,,,,12,unchecked,none
K12a963,12,11,,,,11,unchecked,none
K12a964,12,11,,,,11,unchecked,none
K12a965,12,11,,,,11,unchecked,none
K12a966,12,11,,,,11,unchecked,none
K12a967,12,11,,,,11,unchecked,none
K12a968,12,11,,,,11,unchecked,none
K12a969,12,12,,,,12,unchecked,none
K12a97,12,12,,,,12,unchecked,none
K12a970,12,12,,,,12,unchecked,none
K12a971,12,12,,,,12,unchecked,none
K12a972,12,11,,,,11,unchecked,none
K12a973,12,11,,,,11,unchecked,none
K12a974,12,12,,,,12,unchecked,none
K12a975,12,12,,,,12,unchecked,none
K12a976,12,11,,,,11,unchecked,none
K12a977,12,11,,,,11,unchecked,none
K12a978,12,12,,,,12,unchecked,none
K12a979,12,12,,,,12,unchecked,none
K12a98,12,12,,,,12,unchecked,none
K12a980,12,11,,,,11,unchecked,none
K12a981,12,12,,,,12,unchecked,none
K12a982,12,12,,,,12,unchecked,none
K12a983,12,12,,,,12,unchecked,none
K12a984,12,11,,,,11,matched,none
K12a985,12,12,,,,12,unchecked,none
K12a986,12,11,,,,11,unchecked,none
K12a987,12,11,,,,11,unchecked,none
K12a988,12,11,,,,11,unchecked,none
K12a989,12,12,,,,12,unchecked,none
K12a99,12,12,,,,12,unchecked,none
K12a990,12,12,,,,12,unchecked,none
K12a991,12,12,,,,12,unchecked,none
K12a992,12,11,,,,11,unchecked,none
K12a993,12,11,,,,11,unchecked,none
K12a994,12,11,,,,11,unchecked,none
K12a995,12,12,,,,12,unchecked,none
K12a996,12,12,,,,12,unchecked,none
K12a997,12,12,,,,12,unchecked,none
K12a998,12,11,,,,11,unchecked,none
K12a999,12,12,,,,12,unchecked,none
K12n1,12,11,,11,0,11,unchecked,reported_only
K12n10,12,11,,11,0,11,unchecked,reported_only
K12n100,12,11,,,,11,unchecked,none
K12n101,12,11,,,,11,unchecked,none
K12n102,12,11,,11,0,11,unchecked,reported_only
K12n103,12,11,,11,0,11,unchecked,reported_only
K12n104,12,11,,,,11,unchecked,none
K12n105,12,12,,,,12,unchecked,none
K12n106,12,11,,12,1,11,unchecked,reported_only
K12n107,12,11,,12,1,11,unchecked,reported_only
K12n108,12,11,,11,0,11,unchecked,reported_only
K12n109,12,11,,11,0,11,unchecked,reported_only
K12n11,12,11,,12,1,11,unchecked,reported_only
K12n110,12,12,,,,12,unchecked,none
K12n111,12,11,,,,11,unchecked,none
K12n112,12,11,,12,1,11,unchecked,reported_only
K12n113,12,11,,11,0,11,unchecked,reported_only
K12n114,12,11,,,,11,unchecked,none
K12n115,12,12,,,,12,unchecked,none
K12n116,12,11,,12,1,11,unchecked,reported_only
K12n117,12,11,,11,0,11,matched,reported_only
K12n118,12,12,,,,12,unchecked,none
K12n119,12,11,,11,0,11,unchecked,reported_only
K12n12,12,11,,12,1,11,unchecked,reported_only
K12n120,12,11,,11,0,11,unchecked,reported_only
K12n121,12,10,,10,0,10,unchecked,reported_only
K12n122,12,11,,,,11,unchecked,none
K12n123,12,11,,,,11,unchecked,none
K12n124,12,11,,,,11,matched,none
K12n125,12,11,,12,1,11,unchecked,reported_only
K12n126,12,11,,,,11,unchecked,none
K12n127,12,11,,,,11,matched,none
K12n128,12,11,,,,11,unchecked,none
K12n129,12,11,,12,1,11,unchecked,reported_only
K12n13,12,11,,12,1,11,matched,reported_only
K12n130,12,11,,,,11,unchecked,none
K12n131,12,11,,12,1,11,unchecked,reported_only
K12n132,12,12,,,,12,unchecked,none
K12n133,12,12,,,,12,unchecked,none
K12n134,12,11,,,,11,unchecked,none
K12n135,12,11,,,,11,unchecked,none
K12n136,12,12,,,,12,unchecked,none
K12n137,12,11,,,,11,unchecked,none
K12n138,12,12,,,,12,unchecked,none
K12n139,12,11,,,,11,unchecked,none
K12n14,12,11,,11,0,11,unchecked,reported_only
K12n140,12,11,,,,11,unchecked,none
K12n141,12,11,,,,11,unchecked,none
K12n142,12,11,,11,0,11,unchecked,reported_only
K12n143,12,11,,11,0,11,unchecked,reported_only
K12n144,12,11,,11,0,11,unchecked,reported_only
K12n145,12,10,,11,1,10,unchecked,reported_only
K12n146,12,11,,11,0,11,unchecked,reported_only
K12n147,12,11,,12,1,11,unchecked,reported_only
K12n148,12,11,,11,0,11,unchecked,reported_only
K12n149,12,11,,11,0,11,unchecked,reported_only
K12n15,12,11,,12,1,11,unchecked,reported_only
K12n150,12,11,,12,1,11,unchecked,reported_only
K12n151,12,11,,12,1,11,unchecked,reported_only
K12n152,12,11,,11,0,11,unchecked,reported_only
K12n153,12,11,,11,0,11,unchecked,reported_only
K12n154,12,11,,12,1,11,unchecked,reported_only
K12n155,12,11,,,,11,unchecked,none
K12n156,12,11,,11,0,11,unchecked,reported_only
K12n157,12,11,,12,1,11,unchecked,reported_only
K12n158,12,11,,11,0,11,unchecked,reported_only
K12n159,12,11,,12,1,11,unchecked,reported_only
K12n16,12,11,,,,11,unchecked,none
K12n160,12,11,,11,0,11,unchecked,reported_only
K12n161,12,11,,12,1,11,matched,reported_only
K12n162,12,11,,11,0,11,matched,reported_only
K12n163,12,11,,12,1,11,unchecked,reported_only
K12n164,12,11,,,,11,unchecked,none
K12n165,12,11,,12,1,11,unchecked,reported_only
K12n166,12,11,,,,11,unchecked,none
K12n167,12,11,,,,11,unchecked,none
K12n168,12,11,,11,0,11,unchecked,reported_only
K12n169,12,11,,,,11,unchecked,none
K12n17,12,11,,12,1,11,unchecked,reported_only
K12n170,12,11,,12,1,11,unchecked,reported_only
K12n171,12,11,,11,0,11,unchecked,reported_only
K12n172,12,11,,11,0,11,unchecked,reported_only
K12n173,12,11,,,,11,unchecked,none
K12n174,12,11,,,,11,unchecked,none
K12n175,12,11,,12,1,11,unchecked,reported_only
K12n176,12,11,,11,0,11,unchecked,reported_only
K12n177,12,11,,12,1,11,unchecked,reported_only
K12n178,12,11,,,,11,unchecked,none
K12n179,12,11,,,,11,unchecked,none
K12n18,12,11,,,,11,unchecked,none
K12n180,12,11,,11,0,11,unchecked,reported_only
K12n181,12,11,,11,0,11,unchecked,reported_only
K12n182,12,11,,12,1,11,matched,reported_only
K12n183,12,11,,,,11,unchecked,none
K12n184,12,11,,,,11,unchecked,none
K12n185,12,11,,12,1,11,unchecked,reported_only
K12n186,12,11,,,,11,unchecked,none
K12n187,12,11,,12,1,11,unchecked,reported_only
K12n188,12,10,,10,0,10,unchecked,reported_only
K12n189,12,10,,11,1,10,unchecked,reported_only
K12n19,12,11,,,,11,unchecked,none
K12n190,12,11,,11,0,11,unchecked,reported_only
K12n191,12,11,,,,11,unchecked,none
K12n192,12,11,,,,11,unchecked,none
K12n193,12,11,,12,1,11,unchecked,reported_only
K12n194,12,11,,12,1,11,unchecked,reported_only
K12n195,12,11,,,,11,unchecked,none
K12n196,12,11,,11,0,11,unchecked,reported_only
K12n197,12,11,,,,11,unchecked,none
K12n198,12,11,,11,0,11,unchecked,reported_only
K12n199,12,11,,11,0,11,unchecked,reported_only
K12n2,12,11,,,,11,unchecked,none
K12n20,12,11,,11,0,11,unchecked,reported_only
K12n200,12,11,,11,0,11,matched,reported_only
K12n201,12,11,,12,1,11,unchecked,reported_only
K12n202,12,11,,,,11,unchecked,none
K12n203,12,11,,,,11,unchecked,none
K12n204,12,11,,12,1,11,unchecked,reported_only
K12n205,12,11,,,,11,unchecked,none
K12n206,12,11,,,,11,unchecked,none
K12n207,12,11,,,,11,unchecked,none
K12n208,12,11,,,,11,unchecked,none
K12n209,12,11,,,,11,unchecked,none
K12n21,12,11,,12,1,11,unchecked,reported_only
K12n210,12,12,,,,12,unchecked,none
K12n211,12,11,,,,11,unchecked,none
K12n212,12,11,,12,1,11,unchecked,reported_only
K12n213,12,11,,,,11,unchecked,none
K12n214,12,11,,,,11,unchecked,none
K12n215,12,11,,,,11,unchecked,none
K12n216,12,11,,11,0,11,unchecked,reported_only
K12n217,12,11,,12,1,11,unchecked,reported_only
K12n218,12,11,,11,0,11,unchecked,reported_only
K12n219,12,11,,12,1,11,unchecked,reported_only
K12n22,12,11,,,,11,unchecked,none
K12n220,12,11,,,,11,unchecked,none
K12n221,12,11,,,,11,unchecked,none
K12n222,12,11,,,,11,unchecked,none
K12n223,12,11,,,,11,unchecked,none
K12n224,12,11,,,,11,unchecked,none
K12n225,12,11,,13,2,11,unchecked,reported_only
K12n226,12,11,,,,11,unchecked,none
K12n227,12,11,,,,11,unchecked,none
K12n228,12,11,,,,11,unchecked,none
K12n229,12,12,,,,12,unchecked,none
K12n23,12,12,,,,12,unchecked,none
K12n230,12,11,,,,11,unchecked,none
K12n231,12,12,,,,12,unchecked,none
K12n232,12,11,,,,11,unchecked,none
K12n233,12,11,,,,11,unchecked,none
K12n234,12,11,,12,1,11,unchecked,reported_only
K12n235,12,11,,11,0,11,unchecked,reported_only
K12n236,12,11,,12,1,11,unchecked,reported_only
K12n237,12,11,,12,1,11,unchecked,reported_only
K12n238,12,11,,11,0,11,unchecked,reported_only
K12n239,12,11,,,,11,unchecked,none
K12n24,12,10,,10,0,10,unchecked,reported_only
K12n240,12,11,,12,1,11,unchecked,reported_only
K12n241,12,11,,12,1,11,unchecked,reported_only
K12n242,12,10,,10,0,10,unchecked,reported_only
K12n243,12,11,,11,0,11,unchecked,reported_only
K12n244,12,11,,12,1,11,unchecked,reported_only
K12n245,12,11,,11,0,11,unchecked,reported_only
K12n246,12,11,,12,1,11,unchecked,reported_only
K12n247,12,11,,11,0,11,unchecked,reported_only
K12n248,12,11,,,,11,unchecked,none
K12n249,12,11,,12,1,11,unchecked,reported_only
K12n25,12,10,,,,10,unchecked,none
K12n250,12,11,,11,0,11,unchecked,reported_only
K12n251,12,11,,,,11,unchecked,none
K12n252,12,11,,12,1,11,unchecked,reported_only
K12n253,12,10,,10,0,10,unchecked,reported_only
K12n254,12,11,,11,0,11,unchecked,reported_only
K12n255,12,11,,,,11,unchecked,none
K12n256,12,11,,,,11,unchecked,none
K12n257,12,11,,11,0,11,unchecked,reported_only
K12n258,12,11,,11,0,11,unchecked,reported_only
K12n259,12,11,,12,1,11,unchecked,reported_only
K12n26,12,11,,,,11,unchecked,none
K12n260,12,11,,,,11,unchecked,none
K12n261,12,11,,,,11,unchecked,none
K12n262,12,11,,,,11,unchecked,none
K12n263,12,11,,,,11,unchecked,none
K12n264,12,11,,,,11,unchecked,none
K12n265,12,11,,11,0,11,unchecked,reported_only
K12n266,12,11,,,,11,unchecked,none
K12n267,12,11,,,,11,unchecked,none
K12n268,12,11,,,,11,unchecked,none
K12n269,12,11,,12,1,11,unchecked,reported_only
K12n27,12,11,,,,11,matched,none
K12n270,12,11,,,,11,unchecked,none
K12n271,12,10,,11,1,10,unchecked,reported_only
K12n272,12,11,,11,0,11,unchecked,reported_only
K12n273,12,11,,11,0,11,unchecked,reported_only
K12n274,12,10,,10,0,10,unchecked,reported_only
K12n275,12,10,,10,0,10,unchecked,reported_only
K12n276,12,11,,,,11,unchecked,none
K12n277,12,11,,12,1,11,unchecked,reported_only
K12n278,12,10,,11,1,10,unchecked,reported_only
K12n279,12,11,,11,0,11,unchecked,reported_only
K12n28,12,11,,,,11,unchecked,none
K12n280,12,11,,11,0,11,unchecked,reported_only
K12n281,12,11,,12,1,11,unchecked,reported_only
K12n282,12,10,,11,1,10,unchecked,reported_only
K12n283,12,11,,12,1,11,unchecked,reported_only
K12n284,12,11,,11,0,11,unchecked,reported_only
K12n285,12,10,,11,1,10,unchecked,reported_only
K12n286,12,11,,11,0,11,unchecked,reported_only
K12n287,12,11,,11,0,11,unchecked,reported_only
K12n288,12,11,,12,1,11,unchecked,reported_only
K12n289,12,12,,,,12,unchecked,none
K12n29,12,11,,,,11,unchecked,none
K12n290,12,11,,12,1,11,unchecked,reported_only
K12n291,12,11,,12,1,11,unchecked,reported_only
K12n292,12,12,,,,12,unchecked,none
K12n293,12,10,,11,1,10,unchecked,reported_only
K12n294,12,11,,12,1,11,unchecked,reported_only
K12n295,12,11,,,,11,unchecked,none
K12n296,12,11,,11,0,11,unchecked,reported_only
K12n297,12,11,,,,11,unchecked,none
K12n298,12,11,,11,0,11,matched,reported_only
K12n299,12,11,,11,0,11,unchecked,reported_only
K12n3,12,11,,11,0,11,unchecked,reported_only
K12n30,12,11,,12,1,11,unchecked,reported_only
K12n300,12,11,,11,0,11,unchecked,reported_only
K12n301,12,11,,12,1,11,unchecked,reported_only
K12n302,12,11,,12,1,11,unchecked,reported_only
K12n303,12,11,,,,11,unchecked,none
K12n304,12,12,,,,12,unchecked,none
K12n305,12,12,,,,12,unchecked,none
K12n306,12,11,,,,11,unchecked,none
K12n307,12,12,,,,12,unchecked,none
K12n308,12,12,,,,12,unchecked,none
K12n309,12,10,,10,0,10,unchecked,reported_only
K12n31,12,11,,12,1,11,unchecked,reported_only
K12n310,12,11,,11,0,11,unchecked,reported_only
K12n311,12,10,,11,1,10,unchecked,reported_only
K12n312,12,10,,11,1,10,unchecked,reported_only
K12n313,12,11,,11,0,11,unchecked,reported_only
K12n314,12,11,,11,0,11,unchecked,reported_only
K12n315,12,11,,11,0,11,unchecked,reported_only
K12n316,12,11,,11,0,11,unchecked,reported_only
K12n317,12,11,,11,0,11,unchecked,reported_only
K12n318,12,10,,10,0,10,unchecked,reported_only
K12n319,12,10,,10,0,10,unchecked,reported_only
K12n32,12,11,,,,11,unchecked,none
K12n320,12,11,,11,0,11,unchecked,reported_only
K12n321,12,10,,11,1,10,unchecked,reported_only
K12n322,12,10,,11,1,10,unchecked,reported_only
K12n323,12,10,,10,0,10,unchecked,reported_only
K12n324,12,11,,,,11,unchecked,none
K12n325,12,11,,11,0,11,unchecked,reported_only
K12n326,12,11,,11,0,11,unchecked,reported_only
K12n327,12,11,,11,0,11,unchecked,reported_only
K12n328,12,10,,11,1,10,unchecked,reported_only
K12n329,12,11,,12,1,11,unchecked,reported_only
K12n33,12,11,,,,11,unchecked,none
K12n330,12,10,,12,2,10,unchecked,reported_only
K12n331,12,11,,,,11,unchecked,none
K12n332,12,11,,11,0,11,unchecked,reported_only
K12n333,12,10,,10,0,10,unchecked,reported_only
K12n334,12,11,,11,0,11,unchecked,reported_only
K12n335,12,10,,11,1,10,unchecked,reported_only
K12n336,12,11,,,,11,unchecked,none
K12n337,12,11,,,,11,unchecked,none
K12n338,12,11,,11,0,11,unchecked,reported_only
K12n339,12,11,,12,1,11,unchecked,reported_only
K12n34,12,11,,12,1,11,unchecked,reported_only
K12n340,12,10,,,,10,unchecked,none
K12n341,12,11,,12,1,11,unchecked,reported_only
K12n342,12,11,,11,0,11,unchecked,reported_only
K12n343,12,10,,10,0,10,unchecked,reported_only
K12n344,12,10,,11,1,10,unchecked,reported_only
K12n345,12,10,,11,1,10,unchecked,reported_only
K12n346,12,11,,,,11,unchecked,none
K12n347,12,11,,11,0,11,unchecked,reported_only
K12n348,12,11,,12,1,11,unchecked,reported_only
K12n349,12,11,,11,0,11,unchecked,reported_only
K12n35,12,11,,11,0,11,unchecked,reported_only
K12n350,12,11,,11,0,11,unchecked,reported_only
K12n351,12,11,,11,0,11,unchecked,reported_only
K12n352,12,11,,11,0,11,unchecked,reported_only
K12n353,12,11,,,,11,unchecked,none
K12n354,12,11,,11,0,11,unchecked,reported_only
K12n355,12,11,,11,0,11,unchecked,reported_only
K12n356,12,10,,11,1,10,unchecked,reported_only
K12n357,12,11,,12,1,11,unchecked,reported_only
K12n358,12,10,,10,0,10,unchecked,reported_only
K12n359,12,11,,12,1,11,unchecked,reported_only
K12n36,12,11,,12,1,11,unchecked,reported_only
K12n360,12,10,,11,1,10,unchecked,reported_only
K12n361,12,11,,12,1,11,unchecked,reported_only
K12n362,12,10,,11,1,10,unchecked,reported_only
K12n363,12,11,,11,0,11,unchecked,reported_only
K12n364,12,11,,12,1,11,unchecked,reported_only
K12n365,12,11,,11,0,11,unchecked,reported_only
K12n366,12,11,,12,1,11,unchecked,reported_only
K12n367,12,11,,12,1,11,unchecked,reported_only
K12n368,12,11,,11,0,11,unchecked,reported_only
K12n369,12,11,,12,1,11,unchecked,reported_only
K12n37,12,11,,11,0,11,unchecked,reported_only
K12n370,12,10,,11,1,10,unchecked,reported_only
K12n371,12,10,,10,0,10,unchecked,reported_only
K12n372,12,11,,11,0,11,unchecked,reported_only
K12n373,12,11,,11,0,11,unchecked,reported_only
K12n374,12,11,,11,0,11,unchecked,reported_only
K12n375,12,11,,11,0,11,unchecked,reported_only
K12n376,12,11,,11,0,11,unchecked,reported_only
K12n377,12,10,,11,1,10,unchecked,reported_only
K12n378,12,11,,,,11,unchecked,none
K12n379,12,11,,11,0,11,unchecked,reported_only
K12n38,12,11,,12,1,11,unchecked,reported_only
K12n380,12,11,,11,0,11,unchecked,reported_only
K12n381,12,11,,11,0,11,unchecked,reported_only
K12n382,12,11,,11,0,11,unchecked,reported_only
K12n383,12,11,,11,0,11,unchecked,reported_only
K12n384,12,11,,,,11,unchecked,none
K12n385,12,10,,11,1,10,unchecked,reported_only
K12n386,12,11,,12,1,11,unchecked,reported_only
K12n387,12,11,,11,0,11,unchecked,reported_only
K12n388,12,11,,11,0,11,unchecked,reported_only
K12n389,12,11,,12,1,11,unchecked,reported_only
K12n39,12,11,,,,11,unchecked,none
K12n390,12,11,,11,0,11,unchecked,reported_only
K12n391,12,11,,,,11,unchecked,none
K12n392,12,11,,,,11,unchecked,none
K12n393,12,11,,11,0,11,unchecked,reported_only
K12n394,12,11,,11,0,11,unchecked,reported_only
K12n395,12,10,,11,1,10,unchecked,reported_only
K12n396,12,11,,11,0,11,unchecked,reported_only
K12n397,12,11,,11,0,11,unchecked,reported_only
K12n398,12,11,,11,0,11,unchecked,reported_only
K12n399,12,11,,12,1,11,unchecked,reported_only
K12n4,12,11,,11,0,11,unchecked,reported_only
K12n40,12,11,,11,0,11,unchecked,reported_only
K12n400,12,11,,11,0,11,unchecked,reported_only
K12n401,12,11,,11,0,11,unchecked,reported_only
K12n402,12,11,,,,11,unchecked,none
K12n403,12,10,,11,1,10,unchecked,reported_only
K12n404,12,11,,11,0,11,unchecked,reported_only
K12n405,12,11,,,,11,unchecked,none
K12n406,12,11,,11,0,11,unchecked,reported_only
K12n407,12,10,,10,0,10,unchecked,reported_only
K12n408,12,11,,,,11,unchecked,none
K12n409,12,11,,11,0,11,unchecked,reported_only
K12n41,12,10,,11,1,10,unchecked,reported_only
K12n410,12,11,,12,1,11,unchecked,reported_only
K12n411,12,11,,11,0,11,unchecked,reported_only
K12n412,12,10,,10,0,10,unchecked,reported_only
K12n413,12,10,,11,1,10,unchecked,reported_only
K12n414,12,10,,11,1,10,unchecked,reported_only
K12n415,12,11,,11,0,11,unchecked,reported_only
K12n416,12,11,,12,1,11,unchecked,reported_only
K12n417,12,11,,12,1,11,unchecked,reported_only
K12n418,12,11,,11,0,11,unchecked,reported_only
K12n419,12,11,,11,0,11,unchecked,reported_only
K12n42,12,11,,12,1,11,unchecked,reported_only
K12n420,12,11,,11,0,11,unchecked,reported_only
K12n421,12,11,,12,1,11,unchecked,reported_only
K12n422,12,11,,,,11,unchecked,none
K12n423,12,11,,11,0,11,unchecked,reported_only
K12n424,12,10,,11,1,10,unchecked,reported_only
K12n425,12,10,,10,0,10,unchecked,reported_only
K12n426,12,10,,11,1,10,unchecked,reported_only
K12n427,12,11,,12,1,11,unchecked,reported_only
K12n428,12,11,,11,0,11,unchecked,reported_only
K12n429,12,11,,11,0,11,unchecked,reported_only
K12n43,12,11,,,,11,unchecked,none
K12n430,12,11,,11,0,11,unchecked,reported_only
K12n431,12,11,,11,0,11,unchecked,reported_only
K12n432,12,11,,11,0,11,unchecked,reported_only
K12n433,12,11,,11,0,11,unchecked,reported_only
K12n434,12,11,,11,0,11,unchecked,reported_only
K12n435,12,11,,11,0,11,unchecked,reported_only
K12n436,12,11,,11,0,11,unchecked,reported_only
K12n437,12,12,,,,12,unchecked,none
K12n438,12,10,,10,0,10,unchecked,reported_only
K12n439,12,10,,11,1,10,unchecked,reported_only
K12n44,12,11,,12,1,11,unchecked,reported_only
K12n440,12,11,,12,1,11,unchecked,reported_only
K12n441,12,11,,11,0,11,unchecked,reported_only
K12n442,12,11,,11,0,11,unchecked,reported_only
K12n443,12,10,,10,0,10,unchecked,reported_only
K12n444,12,11,,11,0,11,unchecked,reported_only
K12n445,12,11,,12,1,11,unchecked,reported_only
K12n446,12,11,,11,0,11,unchecked,reported_only
K12n447,12,11,,,,11,unchecked,none
K12n448,12,11,,11,0,11,unchecked,reported_only
K12n449,12,11,,11,0,11,unchecked,reported_only
K12n45,12,11,,11,0,11,unchecked,reported_only
K12n450,12,11,,11,0,11,unchecked,reported_only
K12n451,12,10,,10,0,10,unchecked,reported_only
K12n452,12,10,,11,1,10,matched,reported_only
K12n453,12,11,,12,1,11,unchecked,reported_only
K12n454,12,11,,11,0,11,unchecked,reported_only
K12n455,12,11,,12,1,11,unchecked,reported_only
K12n456,12,11,,,,11,unchecked,none
K12n457,12,11,,11,0,11,unchecked,reported_only
K12n458,12,11,,11,0,11,unchecked,reported_only
K12n459,12,11,,12,1,11,unchecked,reported_only
K12n46,12,11,,,,11,unchecked,none
K12n460,12,11,,11,0,11,unchecked,reported_only
K12n461,12,11,,11,0,11,unchecked,reported_only
K12n462,12,10,,,,10,unchecked,none
K12n463,12,11,,,,11,unchecked,none
K12n464,12,11,,11,0,11,unchecked,reported_only
K12n465,12,11,,11,0,11,unchecked,reported_only
K12n466,12,11,,11,0,11,unchecked,reported_only
K12n467,12,11,,11,0,11,unchecked,reported_only
K12n468,12,10,,10,0,10,unchecked,reported_only
K12n469,12,11,,11,0,11,unchecked,reported_only
K12n47,12,11,,,,11,unchecked,none
K12n470,12,11,,12,1,11,unchecked,reported_only
K12n471,12,10,,11,1,10,unchecked,reported_only
K12n472,12,11,,12,1,11,unchecked,reported_only
K12n473,12,11,,11,0,11,unchecked,reported_only
K12n474,12,10,,11,1,10,unchecked,reported_only
K12n475,12,10,,10,0,10,unchecked,reported_only
K12n476,12,11,,,,11,unchecked,none
K12n477,12,10,,11,1,10,unchecked,reported_only
K12n478,12,10,,11,1,10,unchecked,reported_only
K12n479,12,11,,12,1,11,unchecked,reported_only
K12n48,12,11,,12,1,11,unchecked,reported_only
K12n480,12,11,,,,11,unchecked,none
K12n481,12,10,,11,1,10,unchecked,reported_only
K12n482,12,11,,11,0,11,unchecked,reported_only
K12n483,12,11,,11,0,11,unchecked,reported_only
K12n484,12,10,,10,0,10,unchecked,reported_only
K12n485,12,10,,10,0,10,unchecked,reported_only
K12n486,12,10,,11,1,10,unchecked,reported_only
K12n487,12,11,,11,0,11,unchecked,reported_only
K12n488,12,10,,10,0,10,unchecked,reported_only
K12n489,12,11,,12,1,11,unchecked,reported_only
K12n49,12,11,,,,11,unchecked,none
K12n490,12,11,,11,0,11,unchecked,reported_only
K12n491,12,11,,11,0,11,unchecked,reported_only
K12n492,12,10,,11,1,10,unchecked,reported_only
K12n493,12,11,,11,0,11,unchecked,reported_only
K12n494,12,11,,11,0,11,unchecked,reported_only
K12n495,12,11,,,,11,unchecked,none
K12n496,12,11,,,,11,unchecked,none
K12n497,12,11,,,,11,unchecked,none
K12n498,12,11,,11,0,11,unchecked,reported_only
K12n499,12,11,,11,0,11,unchecked,reported_only
K12n5,12,11,,,,11,unchecked,none
K12n50,12,11,,12,1,11,unchecked,reported_only
K12n500,12,12,,,,12,unchecked,none
K12n501,12,12,,,,12,unchecked,none
K12n502,12,11,,11,0,11,unchecked,reported_only
K12n503,12,11,,12,1,11,unchecked,reported_only
K12n504,12,11,,12,1,11,unchecked,reported_only
K12n505,12,11,,,,11,unchecked,none
K12n506,12,11,,11,0,11,unchecked,reported_only
K12n507,12,11,,12,1,11,unchecked,reported_only
K12n508,12,11,,12,1,11,unchecked,reported_only
K12n509,12,11,,12,1,11,unchecked,reported_only
K12n51,12,11,,,,11,unchecked,none
K12n510,12,11,,,,11,unchecked,none
K12n511,12,11,,,,11,unchecked,none
K12n512,12,11,,11,0,11,unchecked,reported_only
K12n513,12,11,,,,11,unchecked,none
K12n514,12,11,,11,0,11,unchecked,reported_only
K12n515,12,11,,12,1,11,unchecked,reported_only
K12n516,12,11,,11,0,11,unchecked,reported_only
K12n517,12,11,,12,1,11,unchecked,reported_only
K12n518,12,11,,,,11,unchecked,none
K12n519,12,11,,11,0,11,unchecked,reported_only
K12n52,12,11,,12,1,11,unchecked,reported_only
K12n520,12,11,,12,1,11,unchecked,reported_only
K12n521,12,11,,11,0,11,unchecked,reported_only
K12n522,12,11,,12,1,11,unchecked,reported_only
K12n523,12,11,,,,11,unchecked,none
K12n524,12,11,,,,11,unchecked,none
K12n525,12,11,,,,11,unchecked,none
K12n526,12,11,,11,0,11,unchecked,reported_only
K12n527,12,11,,12,1,11,unchecked,reported_only
K12n528,12,11,,11,0,11,unchecked,reported_only
K12n529,12,11,,,,11,unchecked,none
K12n53,12,11,,11,0,11,unchecked,reported_only
K12n530,12,11,,11,0,11,unchecked,reported_only
K12n531,12,11,,12,1,11,unchecked,reported_only
K12n532,12,11,,,,11,unchecked,none
K12n533,12,11,,11,0,11,matched,reported_only
K12n534,12,10,,10,0,10,unchecked,reported_only
K12n535,12,11,,11,0,11,unchecked,reported_only
K12n536,12,11,,11,0,11,unchecked,reported_only
K12n537,12,11,,12,1,11,unchecked,reported_only
K12n538,12,11,,11,0,11,unchecked,reported_only
K12n539,12,11,,12,1,11,unchecked,reported_only
K12n54,12,11,,11,0,11,unchecked,reported_only
K12n540,12,11,,11,0,11,unchecked,reported_only
K12n541,12,11,,11,0,11,unchecked,reported_only
K12n542,12,11,,11,0,11,unchecked,reported_only
K12n543,12,11,,11,0,11,unchecked,reported_only
K12n544,12,11,,11,0,11,unchecked,reported_only
K12n545,12,11,,12,1,11,unchecked,reported_only
K12n546,12,11,,12,1,11,unchecked,reported_only
K12n547,12,11,,12,1,11,unchecked,reported_only
K12n548,12,10,,10,0,10,unchecked,reported_only
K12n549,12,11,,11,0,11,unchecked,reported_only
K12n55,12,11,,,,11,unchecked,none
K12n550,12,11,,11,0,11,unchecked,reported_only
K12n551,12,11,,12,1,11,unchecked,reported_only
K12n552,12,11,,11,0,11,unchecked,reported_only
K12n553,12,11,,11,0,11,unchecked,reported_only
K12n554,12,11,,,,11,unchecked,none
K12n555,12,11,,,,11,unchecked,none
K12n556,12,11,,,,11,unchecked,none
K12n557,12,11,,,,11,unchecked,none
K12n558,12,11,,,,11,unchecked,none
K12n559,12,11,,12,1,11,unchecked,reported_only
K12n56,12,12,,,,12,unchecked,none
K12n560,12,11,,12,1,11,unchecked,reported_only
K12n561,12,11,,11,0,11,unchecked,reported_only
K12n562,12,10,,10,0,10,unchecked,reported_only
K12n563,12,10,,11,1,10,unchecked,reported_only
K12n564,12,11,,11,0,11,unchecked,reported_only
K12n565,12,11,,11,0,11,unchecked,reported_only
K12n566,12,11,,11,0,11,unchecked,reported_only
K12n567,12,11,,11,0,11,unchecked,reported_only
K12n568,12,11,,,,11,unchecked,none
K12n569,12,11,,12,1,11,unchecked,reported_only
K12n57,12,11,,,,11,unchecked,none
K12n570,12,11,,11,0,11,unchecked,reported_only
K12n571,12,10,,11,1,10,unchecked,reported_only
K12n572,12,11,,12,1,11,unchecked,reported_only
K12n573,12,10,,11,1,10,unchecked,reported_only
K12n574,12,11,,11,0,11,unchecked,reported_only
K12n575,12,11,,12,1,11,unchecked,reported_only
K12n576,12,11,,,,11,unchecked,none
K12n577,12,11,,11,0,11,unchecked,reported_only
K12n578,12,11,,12,1,11,unchecked,reported_only
K12n579,12,11,,11,0,11,unchecked,reported_only
K12n58,12,12,,,,12,unchecked,none
K12n580,12,11,,11,0,11,unchecked,reported_only
K12n581,12,11,,12,1,11,unchecked,reported_only
K12n582,12,10,,11,1,10,unchecked,reported_only
K12n583,12,10,,,,10,unchecked,none
K12n584,12,11,,12,1,11,unchecked,reported_only
K12n585,12,11,,11,0,11,unchecked,reported_only
K12n586,12,10,,11,1,10,unchecked,reported_only
K12n587,12,11,,,,11,unchecked,none
K12n588,12,11,,11,0,11,unchecked,reported_only
K12n589,12,11,,12,1,11,unchecked,reported_only
K12n59,12,12,,,,12,unchecked,none
K12n590,12,11,,11,0,11,unchecked,reported_only
K12n591,12,10,,10,0,10,unchecked,reported_only
K12n592,12,11,,11,0,11,unchecked,reported_only
K12n593,12,11,,11,0,11,unchecked,reported_only
K12n594,12,11,,12,1,11,unchecked,reported_only
K12n595,12,11,,11,0,11,unchecked,reported_only
K12n596,12,11,,,,11,unchecked,none
K12n597,12,11,,11,0,11,unchecked,reported_only
K12n598,12,11,,12,1,11,unchecked,reported_only
K12n599,12,10,,10,0,10,unchecked,reported_only
K12n6,12,11,,,,11,unchecked,none
K12n60,12,11,,12,1,11,unchecked,reported_only
K12n600,12,10,,12,2,10,unchecked,reported_only
K12n601,12,11,,,,11,unchecked,none
K12n602,12,11,,,,11,unchecked,none
K12n603,12,10,,10,0,10,unchecked,reported_only
K12n604,12,11,,12,1,11,unchecked,reported_only
K12n605,12,11,,,,11,unchecked,none
K12n606,12,11,,11,0,11,unchecked,reported_only
K12n607,12,11,,11,0,11,unchecked,reported_only
K12n608,12,11,,11,0,11,unchecked,reported_only
K12n609,12,10,,10,0,10,unchecked,reported_only
K12n61,12,11,,,,11,unchecked,none
K12n610,12,11,,12,1,11,unchecked,reported_only
K12n611,12,11,,11,0,11,unchecked,reported_only
K12n612,12,11,,,,11,unchecked,none
K12n613,12,11,,12,1,11,unchecked,reported_only
K12n614,12,11,,11,0,11,unchecked,reported_only
K12n615,12,11,,12,1,11,unchecked,reported_only
K12n616,12,11,,11,0,11,unchecked,reported_only
K12n617,12,11,,11,0,11,unchecked,reported_only
K12n618,12,11,,11,0,11,unchecked,reported_only
K12n619,12,11,,12,1,11,unchecked,reported_only
K12n62,12,11,,,,11,unchecked,none
K12n620,12,11,,12,1,11,unchecked,reported_only
K12n621,12,11,,12,1,11,unchecked,reported_only
K12n622,12,11,,,,11,unchecked,none
K12n623,12,11,,11,0,11,unchecked,reported_only
K12n624,12,11,,11,0,11,unchecked,reported_only
K12n625,12,11,,,,11,unchecked,none
K12n626,12,11,,,,11,unchecked,none
K12n627,12,11,,11,0,11,unchecked,reported_only
K12n628,12,11,,,,11,unchecked,none
K12n629,12,11,,11,0,11,unchecked,reported_only
K12n63,12,12,,,,12,unchecked,none
K12n630,12,11,,11,0,11,unchecked,reported_only
K12n631,12,11,,11,0,11,unchecked,reported_only
K12n632,12,11,,,,11,unchecked,none
K12n633,12,11,,11,0,11,unchecked,reported_only
K12n634,12,11,,11,0,11,unchecked,reported_only
K12n635,12,11,,12,1,11,unchecked,reported_only
K12n636,12,11,,11,0,11,unchecked,reported_only
K12n637,12,11,,,,11,unchecked,none
K12n638,12,11,,11,0,11,unchecked,reported_only
K12n639,12,11,,11,0,11,unchecked,reported_only
K12n64,12,11,,,,11,unchecked,none
K12n640,12,11,,11,0,11,unchecked,reported_only
K12n641,12,11,,11,0,11,unchecked,reported_only
K12n642,12,11,,,,11,unchecked,none
K12n643,12,11,,12,1,11,unchecked,reported_only
K12n644,12,11,,11,0,11,unchecked,reported_only
K12n645,12,10,,11,1,10,unchecked,reported_only
K12n646,12,10,,10,0,10,unchecked,reported_only
K12n647,12,11,,12,1,11,unchecked,reported_only
K12n648,12,11,,11,0,11,unchecked,reported_only
K12n649,12,11,,11,0,11,unchecked,reported_only
K12n65,12,11,,11,0,11,unchecked,reported_only
K12n650,12,11,,11,0,11,unchecked,reported_only
K12n651,12,11,,,,11,unchecked,none
K12n652,12,11,,11,0,11,unchecked,reported_only
K12n653,12,11,,11,0,11,unchecked,reported_only
K12n654,12,11,,12,1,11,unchecked,reported_only
K12n655,12,11,,11,0,11,unchecked,reported_only
K12n656,12,11,,11,0,11,unchecked,reported_only
K12n657,12,10,,11,1,10,unchecked,reported_only
K12n658,12,11,,11,0,11,unchecked,reported_only
K12n659,12,10,,11,1,10,unchecked,reported_only
K12n66,12,11,,13,2,11,unchecked,reported_only
K12n660,12,11,,11,0,11,unchecked,reported_only
K12n661,12,10,,10,0,10,unchecked,reported_only
K12n662,12,10,,10,0,10,unchecked,reported_only
K12n663,12,11,,,,11,unchecked,none
K12n664,12,11,,,,11,unchecked,none
K12n665,12,11,,,,11,unchecked,none
K12n666,12,11,,,,11,unchecked,none
K12n667,12,11,,,,11,unchecked,none
K12n668,12,11,,,,11,unchecked,none
K12n669,12,11,,,,11,unchecked,none
K12n67,12,11,,,,11,unchecked,none
K12n670,12,12,,,,12,unchecked,none
K12n671,12,12,,,,12,unchecked,none
K12n672,12,11,,,,11,unchecked,none
K12n673,12,12,,,,12,unchecked,none
K12n674,12,11,,,,11,unchecked,none
K12n675,12,11,,11,0,11,unchecked,reported_only
K12n676,12,12,,,,12,unchecked,none
K12n677,12,11,,,,11,unchecked,none
K12n678,12,11,,12,1,11,unchecked,reported_only
K12n679,12,12,,,,12,unchecked,none
K12n68,12,11,,12,1,11,unchecked,reported_only
K12n680,12,12,,,,12,unchecked,none
K12n681,12,12,,,,12,unchecked,none
K12n682,12,12,,,,12,unchecked,none
K12n683,12,11,,12,1,11,unchecked,reported_only
K12n684,12,11,,12,1,11,unchecked,reported_only
K12n685,12,11,,12,1,11,unchecked,reported_only
K12n686,12,11,,11,0,11,unchecked,reported_only
K12n687,12,11,,11,0,11,unchecked,reported_only
K12n688,12,11,,,,11,unchecked,none
K12n689,12,11,,12,1,11,unchecked,reported_only
K12n69,12,11,,,,11,unchecked,none
K12n690,12,11,,,,11,unchecked,none
K12n691,12,12,,,,12,unchecked,none
K12n692,12,11,,,,11,unchecked,none
K12n693,12,12,,,,12,unchecked,none
K12n694,12,11,,11,0,11,unchecked,reported_only
K12n695,12,10,,10,0,10,unchecked,reported_only
K12n696,12,11,,,,11,unchecked,none
K12n697,12,11,,,,11,unchecked,none
K12n698,12,11,,,,11,unchecked,none
K12n699,12,11,,11,0,11,unchecked,reported_only
K12n7,12,11,,11,0,11,unchecked,reported_only
K12n70,12,11,,11,0,11,unchecked,reported_only
K12n700,12,11,,,,11,unchecked,none
K12n701,12,11,,12,1,11,unchecked,reported_only
K12n702,12,10,,10,0,10,unchecked,reported_only
K12n703,12,10,,10,0,10,unchecked,reported_only
K12n704,12,10,,10,0,10,unchecked,reported_only
K12n705,12,11,,11,0,11,unchecked,reported_only
K12n706,12,11,,11,0,11,unchecked,reported_only
K12n707,12,11,,11,0,11,matched,reported_only
K12n708,12,10,,10,0,10,unchecked,reported_only
K12n709,12,10,,10,0,10,unchecked,reported_only
K12n71,12,11,,12,1,11,unchecked,reported_only
K12n710,12,11,,12,1,11,unchecked,reported_only
K12n711,12,10,,11,1,10,unchecked,reported_only
K12n712,12,11,,12,1,11,matched,reported_only
K12n713,12,11,,11,0,11,matched,reported_only
K12n714,12,10,,11,1,10,unchecked,reported_only
K12n715,12,11,,11,0,11,unchecked,reported_only
K12n716,12,10,,11,1,10,unchecked,reported_only
K12n717,12,11,,11,0,11,matched,reported_only
K12n718,12,11,,11,0,11,unchecked,reported_only
K12n719,12,11,,11,0,11,unchecked,reported_only
K12n72,12,11,,,,11,unchecked,none
K12n720,12,11,,11,0,11,unchecked,reported_only
K12n721,12,12,,12,0,12,unchecked,reported_only
K12n722,12,12,,,,12,unchecked,none
K12n723,12,12,,,,12,unchecked,none
K12n724,12,12,,,,12,unchecked,none
K12n725,12,10,,11,1,10,unchecked,reported_only
K12n726,12,12,,,,12,unchecked,none
K12n727,12,11,,11,0,11,unchecked,reported_only
K12n728,12,11,,11,0,11,unchecked,reported_only
K12n729,12,11,,11,0,11,unchecked,reported_only
K12n73,12,11,,11,0,11,unchecked,reported_only
K12n730,12,10,,10,0,10,unchecked,reported_only
K12n731,12,11,,11,0,11,unchecked,reported_only
K12n732,12,11,,11,0,11,unchecked,reported_only
K12n733,12,11,,12,1,11,unchecked,reported_only
K12n734,12,11,,,,11,unchecked,none
K12n735,12,11,,,,11,unchecked,none
K12n736,12,11,,12,1,11,unchecked,reported_only
K12n737,12,11,,11,0,11,unchecked,reported_only
K12n738,12,11,,11,0,11,unchecked,reported_only
K12n739,12,11,,11,0,11,unchecked,reported_only
K12n74,12,11,,,,11,unchecked,none
K12n740,12,11,,11,0,11,unchecked,reported_only
K12n741,12,11,,,,11,unchecked,none
K12n742,12,11,,11,0,11,unchecked,reported_only
K12n743,12,11,,12,1,11,unchecked,reported_only
K12n744,12,11,,12,1,11,unchecked,reported_only
K12n745,12,11,,12,1,11,unchecked,reported_only
K12n746,12,11,,11,0,11,unchecked,reported_only
K12n747,12,10,,11,1,10,unchecked,reported_only
K12n748,12,10,,11,1,10,unchecked,reported_only
K12n749,12,10,,,,10,unchecked,none
K12n75,12,11,,,,11,unchecked,none
K12n750,12,11,,11,0,11,unchecked,reported_only
K12n751,12,10,,10,0,10,unchecked,reported_only
K12n752,12,11,,12,1,11,unchecked,reported_only
K12n753,12,11,,12,1,11,unchecked,reported_only
K12n754,12,10,,11,1,10,unchecked,reported_only
K12n755,12,11,,,,11,unchecked,none
K12n756,12,11,,,,11,unchecked,none
K12n757,12,11,,12,1,11,unchecked,reported_only
K12n758,12,11,,11,0,11,unchecked,reported_only
K12n759,12,11,,,,11,unchecked,none
K12n76,12,11,,12,1,11,unchecked,reported_only
K12n760,12,11,,11,0,11,unchecked,reported_only
K12n761,12,11,,,,11,unchecked,none
K12n762,12,11,,11,0,11,unchecked,reported_only
K12n763,12,11,,,,11,unchecked,none
K12n764,12,11,,11,0,11,unchecked,reported_only
K12n765,12,11,,11,0,11,matched,reported_only
K12n766,12,11,,12,1,11,unchecked,reported_only
K12n767,12,10,,11,1,10,unchecked,reported_only
K12n768,12,11,,11,0,11,unchecked,reported_only
K12n769,12,11,,12,1,11,unchecked,reported_only
K12n77,12,11,,,,11,unchecked,none
K12n770,12,11,,,,11,unchecked,none
K12n771,12,11,,,,11,unchecked,none
K12n772,12,10,,11,1,10,unchecked,reported_only
K12n773,12,11,,12,1,11,unchecked,reported_only
K12n774,12,11,,11,0,11,unchecked,reported_only
K12n775,12,11,,11,0,11,unchecked,reported_only
K12n776,12,11,,12,1,11,unchecked,reported_only
K12n777,12,11,,,,11,unchecked,none
K12n778,12,10,,10,0,10,unchecked,reported_only
K12n779,12,11,,11,0,11,unchecked,reported_only
K12n78,12,11,,,,11,unchecked,none
K12n780,12,11,,12,1,11,matched,reported_only
K12n781,12,11,,11,0,11,unchecked,reported_only
K12n782,12,10,,10,0,10,unchecked,reported_only
K12n783,12,11,,12,1,11,unchecked,reported_only
K12n784,12,11,,,,11,unchecked,none
K12n785,12,11,,12,1,11,unchecked,reported_only
K12n786,12,11,,,,11,unchecked,none
K12n787,12,10,,10,0,10,unchecked,reported_only
K12n788,12,11,,11,0,11,unchecked,reported_only
K12n789,12,11,,12,1,11,unchecked,reported_only
K12n79,12,11,,11,0,11,unchecked,reported_only
K12n790,12,10,,11,1,10,unchecked,reported_only
K12n791,12,11,,11,0,11,unchecked,reported_only
K12n792,12,10,,12,2,10,unchecked,reported_only
K12n793,12,11,,12,1,11,unchecked,reported_only
K12n794,12,11,,12,1,11,unchecked,reported_only
K12n795,12,11,,,,11,unchecked,none
K12n796,12,11,,,,11,unchecked,none
K12n797,12,11,,11,0,11,unchecked,reported_only
K12n798,12,10,,11,1,10,unchecked,reported_only
K12n799,12,11,,12,1,11,unchecked,reported_only
K12n8,12,11,,,,11,unchecked,none
K12n80,12,11,,11,0,11,unchecked,reported_only
K12n800,12,11,,11,0,11,unchecked,reported_only
K12n801,12,11,,11,0,11,unchecked,reported_only
K12n802,12,10,,11,1,10,unchecked,reported_only
K12n803,12,11,,,,11,unchecked,none
K12n804,12,11,,12,1,11,unchecked,reported_only
K12n805,12,11,,11,0,11,unchecked,reported_only
K12n806,12,11,,12,1,11,unchecked,reported_only
K12n807,12,10,,11,1,10,unchecked,reported_only
K12n808,12,11,,11,0,11,unchecked,reported_only
K12n809,12,10,,12,2,10,unchecked,reported_only
K12n81,12,11,,,,11,unchecked,none
K12n810,12,11,,,,11,unchecked,none
K12n811,12,10,,11,1,10,unchecked,reported_only
K12n812,12,11,,12,1,11,unchecked,reported_only
K12n813,12,11,,,,11,unchecked,none
K12n814,12,11,,,,11,unchecked,none
K12n815,12,11,,11,0,11,unchecked,reported_only
K12n816,12,11,,12,1,11,unchecked,reported_only
K12n817,12,11,,11,0,11,unchecked,reported_only
K12n818,12,11,,11,0,11,unchecked,reported_only
K12n819,12,10,,11,1,10,unchecked,reported_only
K12n82,12,12,,,,12,unchecked,none
K12n820,12,11,,,,11,unchecked,none
K12n821,12,10,,10,0,10,unchecked,reported_only
K12n822,12,11,,11,0,11,unchecked,reported_only
K12n823,12,11,,,,11,unchecked,none
K12n824,12,11,,11,0,11,unchecked,reported_only
K12n825,12,11,,12,1,11,unchecked,reported_only
K12n826,12,11,,11,0,11,unchecked,reported_only
K12n827,12,11,,11,0,11,unchecked,reported_only
K12n828,12,11,,12,1,11,unchecked,reported_only
K12n829,12,10,,10,0,10,unchecked,reported_only
K12n83,12,11,,,,11,unchecked,none
K12n830,12,11,,11,0,11,unchecked,reported_only
K12n831,12,10,,11,1,10,unchecked,reported_only
K12n832,12,11,,12,1,11,unchecked,reported_only
K12n833,12,11,,,,11,unchecked,none
K12n834,12,11,,12,1,11,unchecked,reported_only
K12n835,12,11,,12,1,11,unchecked,reported_only
K12n836,12,11,,12,1,11,unchecked,reported_only
K12n837,12,11,,,,11,unchecked,none
K12n838,12,11,,11,0,11,unchecked,reported_only
K12n839,12,11,,,,11,unchecked,none
K12n84,12,11,,11,0,11,unchecked,reported_only
K12n840,12,11,,12,1,11,unchecked,reported_only
K12n841,12,11,,11,0,11,unchecked,reported_only
K12n842,12,11,,12,1,11,unchecked,reported_only
K12n843,12,11,,11,0,11,unchecked,reported_only
K12n844,12,11,,,,11,unchecked,none
K12n845,12,11,,12,1,11,unchecked,reported_only
K12n846,12,11,,12,1,11,unchecked,reported_only
K12n847,12,11,,12,1,11,unchecked,reported_only
K12n848,12,11,,,,11,unchecked,none
K12n849,12,11,,,,11,unchecked,none
K12n85,12,11,,12,1,11,unchecked,reported_only
K12n850,12,11,,11,0,11,unchecked,reported_only
K12n851,12,11,,11,0,11,unchecked,reported_only
K12n852,12,10,,12,2,10,unchecked,reported_only
K12n853,12,11,,,,11,unchecked,none
K12n854,12,11,,,,11,unchecked,none
K12n855,12,11,,,,11,unchecked,none
K12n856,12,11,,,,11,unchecked,none
K12n857,12,11,,,,11,unchecked,none
K12n858,12,11,,,,11,unchecked,none
K12n859,12,11,,11,0,11,unchecked,reported_only
K12n86,12,11,,,,11,unchecked,none
K12n860,12,11,,11,0,11,unchecked,reported_only
K12n861,12,11,,12,1,11,unchecked,reported_only
K12n862,12,11,,11,0,11,unchecked,reported_only
K12n863,12,11,,,,11,unchecked,none
K12n864,12,11,,12,1,11,unchecked,reported_only
K12n865,12,10,,10,0,10,unchecked,reported_only
K12n866,12,10,,10,0,10,unchecked,reported_only
K12n867,12,11,,11,0,11,unchecked,reported_only
K12n868,12,11,,11,0,11,unchecked,reported_only
K12n869,12,11,,,,11,unchecked,none
K12n87,12,12,,,,12,unchecked,none
K12n870,12,11,,11,0,11,unchecked,reported_only
K12n871,12,11,,,,11,unchecked,none
K12n872,12,11,,,,11,unchecked,none
K12n873,12,11,,12,1,11,unchecked,reported_only
K12n874,12,11,,11,0,11,unchecked,reported_only
K12n875,12,11,,,,11,unchecked,none
K12n876,12,11,,12,1,11,unchecked,reported_only
K12n877,12,11,,,,11,unchecked,none
K12n878,12,11,,12,1,11,unchecked,reported_only
K12n879,12,11,,11,0,11,unchecked,reported_only
K12n88,12,12,,12,0,12,unchecked,reported_only
K12n880,12,11,,11,0,11,unchecked,reported_only
K12n881,12,11,,,,11,unchecked,none
K12n882,12,11,,12,1,11,unchecked,reported_only
K12n883,12,11,,11,0,11,unchecked,reported_only
K12n884,12,11,,11,0,11,unchecked,reported_only
K12n885,12,11,,11,0,11,unchecked,reported_only
K12n886,12,11,,,,11,unchecked,none
K12n887,12,11,,11,0,11,unchecked,reported_only
K12n888,12,11,,,,11,unchecked,none
K12n89,12,11,,,,11,unchecked,none
K12n9,12,11,,,,11,unchecked,none
K12n90,12,11,,,,11,unchecked,none
K12n91,12,12,,,,12,unchecked,none
K12n92,12,12,,,,12,unchecked,none
K12n93,12,12,,,,12,unchecked,none
K12n94,12,11,,11,0,11,unchecked,reported_only
K12n95,12,11,,12,1,11,unchecked,reported_only
K12n96,12,12,,,,12,unchecked,none
K12n97,12,11,,11,0,11,unchecked,reported_only
K12n98,12,11,,,,11,unchecked,none
K12n99,12,11,,,,11,unchecked,none
K13a1,13,12,,,,12,unchecked,none
K13a10,13,13,,,,13,unchecked,none
K13a100,13,13,,,,13,unchecked,none
K13a1000,13,12,,,,12,unchecked,none
K13a1001,13,13,,,,13,unchecked,none
K13a1002,13,12,,,,12,unchecked,none
K13a1003,13,13,,,,13,unchecked,none
K13a1004,13,12,,,,12,unchecked,none
K13a1005,13,13,,,,13,unchecked,none
K13a1006,13,13,,,,13,unchecked,none
K13a1007,13,12,,,,12,unchecked,none
K13a1008,13,13,,,,13,unchecked,none
K13a1009,13,12,,,,12,unchecked,none
K13a101,13,13,,,,13,unchecked,none
K13a1010,13,12,,,,12,unchecked,none
K13a1011,13,12,,,,12,unchecked,none
K13a1012,13,12,,,,12,unchecked,none
K13a1013,13,12,,,,12,unchecked,none
K13a1014,13,12,,,,12,unchecked,none
K13a1015,13,12,,,,12,unchecked,none
K13a1016,13,12,,,,12,unchecked,none
K13a1017,13,12,,,,12,unchecked,none
K13a1018,13,12,,,,12,unchecked,none
K13a1019,13,12,,,,12,unchecked,none
K13a102,13,12,,,,12,unchecked,none
K13a1020,13,12,,,,12,unchecked,none
K13a1021,13,13,,,,13,unchecked,none
K13a1022,13,12,,,,12,unchecked,none
K13a1023,13,12,,,,12,unchecked,none
K13a1024,13,13,,,,13,unchecked,none
K13a1025,13,12,,,,12,unchecked,none
K13a1026,13,12,,,,12,unchecked,none
K13a1027,13,12,,,,12,unchecked,none
K13a1028,13,12,,,,12,unchecked,none
K13a1029,13,12,,,,12,unchecked,none
K13a103,13,12,,,,12,unchecked,none
K13a1030,13,12,,,,12,unchecked,none
K13a1031,13,12,,,,12,unchecked,none
K13a1032,13,13,,,,13,unchecked,none
K13a1033,13,12,,,,12,unchecked,none
K13a1034,13,12,,,,12,unchecked,none
K13a1035,13,12,,,,12,unchecked,none
K13a1036,13,12,,,,12,unchecked,none
K13a1037,13,13,,,,13,unchecked,none
K13a1038,13,12,,,,12,unchecked,none
K13a1039,13,12,,,,12,unchecked,none
K13a104,13,13,,,,13,unchecked,none
K13a1040,13,12,,,,12,unchecked,none
K13a1041,13,12,,,,12,unchecked,none
K13a1042,13,12,,,,12,unchecked,none
K13a1043,13,13,,,,13,unchecked,none
K13a1044,13,13,,,,13,unchecked,none
K13a1045,13,13,,,,13,unchecked,none
K13a1046,13,13,,,,13,unchecked,none
K13a1047,13,13,,,,13,unchecked,none
K13a1048,13,13,,,,13,unchecked,none
K13a1049,13,12,,,,12,unchecked,none
K13a105,13,13,,,,13,unchecked,none
K13a1050,13,12,,,,12,unchecked,none
K13a1051,13,12,,,,12,unchecked,none
K13a1052,13,12,,,,12,unchecked,none
K13a1053,13,12,,,,12,unchecked,none
K13a1054,13,12,,,,12,unchecked,none
K13a1055,13,12,,,,12,unchecked,none
K13a1056,13,12,,,,12,unchecked,none
K13a1057,13,12,,,,12,unchecked,none
K13a1058,13,12,,,,12,unchecked,none
K13a1059,13,12,,,,12,unchecked,none
K13a106,13,13,,,,13,unchecked,none
K13a1060,13,13,,,,13,unchecked,none
K13a1061,13,12,,,,12,unchecked,none
K13a1062,13,12,,,,12,unchecked,none
K13a1063,13,12,,,,12,unchecked,none
K13a1064,13,12,,,,12,unchecked,none
K13a1065,13,12,,,,12,unchecked,none
K13a1066,13,12,,,,12,unchecked,none
K13a1067,13,12,,,,12,unchecked,none
K13a1068,13,12,,,,12,unchecked,none
K13a1069,13,12,,,,12,unchecked,none
K13a107,13,12,,,,12,unchecked,none
K13a1070,13,12,,,,12,unchecked,none
K13a1071,13,12,,,,12,unchecked,none
K13a1072,13,12,,,,12,unchecked,none
K13a1073,13,12,,,,12,unchecked,none
K13a1074,13,13,,,,13,unchecked,none
K13a1075,13,13,,,,13,unchecked,none
K13a1076,13,12,,,,12,unchecked,none
K13a1077,13,12,,,,12,unchecked,none
K13a1078,13,12,,,,12,unchecked,none
K13a1079,13,12,,,,12,unchecked,none
K13a108,13,12,,,,12,unchecked,none
K13a1080,13,12,,,,12,unchecked,none
K13a1081,13,12,,,,12,unchecked,none
K13a1082,13,12,,,,12,unchecked,none
K13a1083,13,12,,,,12,unchecked,none
K13a1084,13,12,,,,12,unchecked,none
K13a1085,13,12,,,,12,unchecked,none
K13a1086,13,12,,,,12,unchecked,none
K13a1087,13,12,,,,12,unchecked,none
K13a1088,13,12,,,,12,unchecked,none
K13a1089,13,12,,,,12,unchecked,none
K13a109,13,13,,,,13,unchecked,none
K13a1090,13,12,,,,12,unchecked,none
K13a1091,13,12,,,,12,unchecked,none
K13a1092,13,12,,,,12,unchecked,none
K13a1093,13,12,,,,12,unchecked,none
K13a1094,13,12,,,,12,unchecked,none
K13a1095,13,12,,,,12,unchecked,none
K13a1096,13,13,,,,13,unchecked,none
K13a1097,13,12,,,,12,unchecked,none
K13a1098,13,12,,,,12,unchecked,none
K13a1099,13,12,,,,12,unchecked,none
K13a11,13,12,,,,12,unchecked,none
K13a110,13,13,,,,13,unchecked,none
K13a1100,13,13,,,,13,unchecked,none
K13a1101,13,12,,,,12,unchecked,none
K13a1102,13,12,,,,12,unchecked,none
K13a1103,13,13,,,,13,unchecked,none
K13a1104,13,13,,,,13,unchecked,none
K13a1105,13,12,,,,12,unchecked,none
K13a1106,13,12,,,,12,unchecked,none
K13a1107,13,12,,,,12,unchecked,none
K13a1108,13,12,,,,12,matched,none
K13a1109,13,12,,,,12,unchecked,none
K13a111,13,12,,,,12,unchecked,none
K13a1110,13,12,,,,12,unchecked,none
K13a1111,13,12,,,,12,unchecked,none
K13a1112,13,12,,,,12,unchecked,none
K13a1113,13,12,,,,12,unchecked,none
K13a1114,13,12,,,,12,unchecked,none
K13a1115,13,12,,,,12,unchecked,none
K13a1116,13,12,,,,12,unchecked,none
K13a1117,13,12,,,,12,unchecked,none
K13a1118,13,12,,,,12,unchecked,none
K13a1119,13,12,,,,12,unchecked,none
K13a112,13,13,,,,13,unchecked,none
K13a1120,13,13,,,,13,unchecked,none
K13a1121,13,12,,,,12,unchecked,none
K13a1122,13,12,,,,12,unchecked,none
K13a1123,13,12,,,,12,unchecked,none
K13a1124,13,12,,,,12,unchecked,none
K13a1125,13,12,,,,12,unchecked,none
K13a1126,13,12,,,,12,unchecked,none
K13a1127,13,12,,,,12,unchecked,none
K13a1128,13,12,,,,12,unchecked,none
K13a1129,13,12,,,,12,unchecked,none
K13a113,13,13,,,,13,unchecked,none
K13a1130,13,12,,,,12,unchecked,none
K13a1131,13,12,,,,12,unchecked,none
K13a1132,13,12,,,,12,unchecked,none
K13a1133,13,12,,,,12,unchecked,none
K13a1134,13,12,,,,12,unchecked,none
K13a1135,13,12,,,,12,unchecked,none
K13a1136,13,12,,,,12,unchecked,none
K13a1137,13,12,,,,12,unchecked,none
K13a1138,13,12,,,,12,unchecked,none
K13a1139,13,12,,,,12,unchecked,none
K13a114,13,13,,,,13,unchecked,none
K13a1140,13,12,,,,12,unchecked,none
K13a1141,13,12,,,,12,unchecked,none
K13a1142,13,12,,,,12,unchecked,none
K13a1143,13,12,,,,12,unchecked,none
K13a1144,13,12,,,,12,unchecked,none
K13a1145,13,12,,,,12,unchecked,none
K13a1146,13,12,,,,12,unchecked,none
K13a1147,13,12,,,,12,unchecked,none
K13a1148,13,12,,,,12,unchecked,none
K13a1149,13,12,,,,12,unchecked,none
K13a115,13,13,,,,13,unchecked,none
K13a1150,13,12,,,,12,unchecked,none
K13a1151,13,12,,,,12,unchecked,none
K13a1152,13,12,,,,12,unchecked,none
K13a1153,13,13,,,,13,unchecked,none
K13a1154,13,12,,,,12,unchecked,none
K13a1155,13,12,,,,12,unchecked,none
K13a1156,13,13,,,,13,unchecked,none
K13a1157,13,13,,,,13,unchecked,none
K13a1158,13,13,,,,13,unchecked,none
K13a1159,13,13,,,,13,unchecked,none
K13a116,13,12,,,,12,unchecked,none
K13a1160,13,12,,,,12,unchecked,none
K13a1161,13,12,,,,12,unchecked,none
K13a1162,13,12,,,,12,unchecked,none
K13a1163,13,12,,,,12,unchecked,none
K13a1164,13,12,,,,12,unchecked,none
K13a1165,13,12,,,,12,unchecked,none
K13a1166,13,13,,,,13,unchecked,none
K13a1167,13,12,,,,12,unchecked,none
K13a1168,13,12,,,,12,unchecked,none
K13a1169,13,12,,,,12,unchecked,none
K13a117,13,13,,,,13,unchecked,none
K13a1170,13,12,,,,12,unchecked,none
K13a1171,13,12,,,,12,unchecked,none
K13a1172,13,13,,,,13,unchecked,none
K13a1173,13,13,,,,13,unchecked,none
K13a1174,13,12,,,,12,unchecked,none
K13a1175,13,12,,,,12,unchecked,none
K13a1176,13,12,,,,12,unchecked,none
K13a1177,13,12,,,,12,unchecked,none
K13a1178,13,12,,,,12,unchecked,none
K13a1179,13,12,,,,12,unchecked,none
K13a118,13,13,,,,13,unchecked,none
K13a1180,13,12,,,,12,unchecked,none
K13a1181,13,12,,,,12,unchecked,none
K13a1182,13,13,,,,13,unchecked,none
K13a1183,13,13,,,,13,unchecked,none
K13a1184,13,12,,,,12,unchecked,none
K13a1185,13,13,,,,13,unchecked,none
K13a1186,13,12,,,,12,unchecked,none
K13a1187,13,12,,,,12,unchecked,none
K13a1188,13,12,,,,12,unchecked,none
K13a1189,13,12,,,,12,unchecked,none
K13a119,13,13,,,,13,unchecked,none
K13a1190,13,12,,,,12,unchecked,none
K13a1191,13,12,,,,12,unchecked,none
K13a1192,13,12,,,,12,unchecked,none
K13a1193,13,12,,,,12,unchecked,none
K13a1194,13,12,,,,12,unchecked,none
K13a1195,13,12,,,,12,unchecked,none
K13a1196,13,12,,,,12,unchecked,none
K13a1197,13,12,,,,12,unchecked,none
K13a1198,13,12,,,,12,unchecked,none
K13a1199,13,12,,,,12,unchecked,none
K13a12,13,12,,,,12,unchecked,none
K13a120,13,13,,,,13,unchecked,none
K13a1200,13,12,,,,12,unchecked,none
K13a1201,13,12,,,,12,unchecked,none
K13a1202,13,12,,,,12,unchecked,none
K13a1203,13,12,,,,12,unchecked,none
K13a1204,13,13,,,,13,unchecked,none
K13a1205,13,13,,,,13,unchecked,none
K13a1206,13,13,,,,13,unchecked,none
K13a1207,13,12,,,,12,unchecked,none
K13a1208,13,13,,,,13,unchecked,none
K13a1209,13,12,,,,12,unchecked,none
K13a121,13,12,,,,12,unchecked,none
K13a1210,13,12,,,,12,unchecked,none
K13a1211,13,13,,,,13,unchecked,none
K13a1212,13,13,,,,13,unchecked,none
K13a1213,13,12,,,,12,unchecked,none
K13a1214,13,12,,,,12,unchecked,none
K13a1215,13,13,,,,13,unchecked,none
K13a1216,13,12,,,,12,unchecked,none
K13a1217,13,13,,,,13,unchecked,none
K13a1218,13,12,,,,12,unchecked,none
K13a1219,13,12,,,,12,unchecked,none
K13a122,13,13,,,,13,unchecked,none
K13a1220,13,12,,,,12,unchecked,none
K13a1221,13,12,,,,12,unchecked,none
K13a1222,13,12,,,,12,unchecked,none
K13a1223,13,12,,,,12,unchecked,none
K13a1224,13,12,,,,12,unchecked,none
K13a1225,13,12,,,,12,unchecked,none
K13a1226,13,12,,,,12,unchecked,none
K13a1227,13,12,,,,12,unchecked,none
K13a1228,13,12,,,,12,unchecked,none
K13a1229,13,13,,,,13,unchecked,none
K13a123,13,13,,,,13,unchecked,none
K13a1230,13,13,,,,13,unchecked,none
K13a1231,13,13,,,,13,unchecked,none
K13a1232,13,13,,,,13,unchecked,none
K13a1233,13,13,,,,13,unchecked,none
K13a1234,13,13,,,,13,unchecked,none
K13a1235,13,13,,,,13,unchecked,none
K13a1236,13,13,,,,13,unchecked,none
K13a1237,13,12,,,,12,unchecked,none
K13a1238,13,13,,,,13,unchecked,none
K13a1239,13,13,,,,13,unchecked,none
K13a124,13,13,,,,13,unchecked,none
K13a1240,13,13,,,,13,unchecked,none
K13a1241,13,13,,,,13,unchecked,none
K13a1242,13,12,,,,12,unchecked,none
K13a1243,13,13,,,,13,unchecked,none
K13a1244,13,12,,,,12,unchecked,none
K13a1245,13,12,,,,12,unchecked,none
K13a1246,13,13,,,,13,unchecked,none
K13a1247,13,13,,,,13,unchecked,none
K13a1248,13,13,,,,13,unchecked,none
K13a1249,13,12,,,,12,unchecked,none
K13a125,13,12,,,,12,unchecked,none
K13a1250,13,13,,,,13,unchecked,none
K13a1251,13,12,,,,12,unchecked,none
K13a1252,13,12,,,,12,unchecked,none
K13a1253,13,12,,,,12,unchecked,none
K13a1254,13,12,,,,12,unchecked,none
K13a1255,13,12,,,,12,unchecked,none
K13a1256,13,12,,,,12,unchecked,none
K13a1257,13,12,,,,12,unchecked,none
K13a1258,13,12,,,,12,unchecked,none
K13a1259,13,12,,,,12,unchecked,none
K13a126,13,12,,,,12,unchecked,none
K13a1260,13,12,,,,12,unchecked,none
K13a1261,13,12,,,,12,unchecked,none
K13a1262,13,12,,,,12,unchecked,none
K13a1263,13,12,,,,12,unchecked,none
K13a1264,13,12,,,,12,unchecked,none
K13a1265,13,12,,,,12,unchecked,none
K13a1266,13,12,,,,12,unchecked,none
K13a1267,13,12,,,,12,unchecked,none
K13a1268,13,12,,,,12,unchecked,none
K13a1269,13,12,,,,12,unchecked,none
K13a127,13,13,,,,13,unchecked,none
K13a1270,13,12,,,,12,unchecked,none
K13a1271,13,12,,,,12,unchecked,none
K13a1272,13,12,,,,12,matched,none
K13a1273,13,13,,,,13,unchecked,none
K13a1274,13,12,,,,12,unchecked,none
K13a1275,13,12,,,,12,unchecked,none
K13a1276,13,13,,,,13,unchecked,none
K13a1277,13,12,,,,12,unchecked,none
K13a1278,13,12,,,,12,unchecked,none
K13a1279,13,12,,,,12,unchecked,none
K13a128,13,13,,,,13,unchecked,none
K13a1280,13,12,,,,12,unchecked,none
K13a1281,13,12,,,,12,unchecked,none
K13a1282,13,12,,,,12,unchecked,none
K13a1283,13,13,,,,13,unchecked,none
K13a1284,13,12,,,,12,unchecked,none
K13a1285,13,12,,,,12,unchecked,none
K13a1286,13,12,,,,12,unchecked,none
K13a1287,13,12,,,,12,unchecked,none
K13a1288,13,13,,,,13,unchecked,none
K13a1289,13,12,,,,12,unchecked,none
K13a129,13,13,,,,13,unchecked,none
K13a1290,13,13,,,,13,unchecked,none
K13a1291,13,12,,,,12,unchecked,none
K13a1292,13,12,,,,12,unchecked,none
K13a1293,13,12,,,,12,unchecked,none
K13a1294,13,12,,,,12,matched,none
K13a1295,13,13,,,,13,unchecked,none
K13a1296,13,12,,,,12,unchecked,none
K13a1297,13,12,,,,12,unchecked,none
K13a1298,13,12,,,,12,unchecked,none
K13a1299,13,12,,,,12,unchecked,none
K13a13,13,13,,,,13,unchecked,none
K13a130,13,13,,,,13,unchecked,none
K13a1300,13,12,,,,12,unchecked,none
K13a1301,13,12,,,,12,unchecked,none
K13a1302,13,12,,,,12,unchecked,none
K13a1303,13,12,,,,12,unchecked,none
K13a1304,13,12,,,,12,unchecked,none
K13a1305,13,12,,,,12,unchecked,none
K13a1306,13,12,,,,12,unchecked,none
K13a1307,13,12,,,,12,unchecked,none
K13a1308,13,12,,,,12,unchecked,none
K13a1309,13,12,,,,12,unchecked,none
K13a131,13,13,,,,13,unchecked,none
K13a1310,13,12,,,,12,unchecked,none
K13a1311,13,12,,,,12,unchecked,none
K13a1312,13,12,,,,12,unchecked,none
K13a1313,13,12,,,,12,unchecked,none
K13a1314,13,12,,,,12,unchecked,none
K13a1315,13,12,,,,12,unchecked,none
K13a1316,13,12,,,,12,unchecked,none
K13a1317,13,12,,,,12,unchecked,none
K13a1318,13,12,,,,12,unchecked,none
K13a1319,13,12,,,,12,unchecked,none
K13a132,13,13,,,,13,unchecked,none
K13a1320,13,12,,,,12,unchecked,none
K13a1321,13,12,,,,12,unchecked,none
K13a1322,13,12,,,,12,unchecked,none
K13a1323,13,12,,,,12,unchecked,none
K13a1324,13,12,,,,12,unchecked,none
K13a1325,13,12,,,,12,unchecked,none
K13a1326,13,12,,,,12,unchecked,none
K13a1327,13,12,,,,12,unchecked,none
K13a1328,13,12,,,,12,unchecked,none
K13a1329,13,12,,,,12,unchecked,none
K13a133,13,13,,,,13,unchecked,none
K13a1330,13,12,,,,12,unchecked,none
K13a1331,13,12,,,,12,unchecked,none
K13a1332,13,12,,,,12,unchecked,none
K13a1333,13,12,,,,12,unchecked,none
K13a1334,13,12,,,,12,unchecked,none
K13a1335,13,12,,,,12,unchecked,none
K13a1336,13,12,,,,12,unchecked,none
K13a1337,13,12,,,,12,unchecked,none
K13a1338,13,12,,,,12,unchecked,none
K13a1339,13,13,,,,13,unchecked,none
K13a134,13,13,,,,13,unchecked,none
K13a1340,13,12,,,,12,unchecked,none
K13a1341,13,12,,,,12,unchecked,none
K13a1342,13,12,,,,12,unchecked,none
K13a1343,13,12,,,,12,unchecked,none
K13a1344,13,12,,,,12,unchecked,none
K13a1345,13,12,,,,12,unchecked,none
K13a1346,13,12,,,,12,unchecked,none
K13a1347,13,12,,,,12,unchecked,none
K13a1348,13,12,,,,12,unchecked,none
K13a1349,13,12,,,,12,matched,none
K13a135,13,12,,,,12,unchecked,none
K13a1350,13,12,,,,12,unchecked,none
K13a1351,13,12,,,,12,unchecked,none
K13a1352,13,12,,,,12,unchecked,none
K13a1353,13,12,,,,12,unchecked,none
K13a1354,13,12,,,,12,unchecked,none
K13a1355,13,13,,,,13,unchecked,none
K13a1356,13,13,,,,13,unchecked,none
K13a1357,13,12,,,,12,unchecked,none
K13a1358,13,12,,,,12,unchecked,none
K13a1359,13,13,,,,13,unchecked,none
K13a136,13,12,,,,12,unchecked,none
K13a1360,13,13,,,,13,unchecked,none
K13a1361,13,12,,,,12,unchecked,none
K13a1362,13,12,,,,12,unchecked,none
K13a1363,13,12,,,,12,unchecked,none
K13a1364,13,12,,,,12,unchecked,none
K13a1365,13,12,,,,12,unchecked,none
K13a1366,13,12,,,,12,unchecked,none
K13a1367,13,12,,,,12,unchecked,none
K13a1368,13,12,,,,12,unchecked,none
K13a1369,13,12,,,,12,unchecked,none
K13a137,13,12,,,,12,unchecked,none
K13a1370,13,12,,,,12,unchecked,none
K13a1371,13,13,,,,13,unchecked,none
K13a1372,13,12,,,,12,unchecked,none
K13a1373,13,13,,,,13,unchecked,none
K13a1374,13,12,,,,12,unchecked,none
K13a1375,13,12,,,,12,unchecked,none
K13a1376,13,12,,,,12,unchecked,none
K13a1377,13,12,,,,12,unchecked,none
K13a1378,13,12,,,,12,unchecked,none
K13a1379,13,12,,,,12,unchecked,none
K13a138,13,12,,,,12,unchecked,none
K13a1380,13,12,,,,12,unchecked,none
K13a1381,13,12,,,,12,unchecked,none
K13a1382,13,12,,,,12,unchecked,none
K13a1383,13,12,,,,12,unchecked,none
K13a1384,13,12,,,,12,unchecked,none
K13a1385,13,12,,,,12,unchecked,none
K13a1386,13,12,,,,12,unchecked,none
K13a1387,13,12,,,,12,unchecked,none
K13a1388,13,12,,,,12,unchecked,none
K13a1389,13,13,,,,13,unchecked,none
K13a139,13,12,,,,12,unchecked,none
K13a1390,13,13,,,,13,unchecked,none
K13a1391,13,13,,,,13,unchecked,none
K13a1392,13,13,,,,13,unchecked,none
K13a1393,13,13,,,,13,unchecked,none
K13a1394,13,12,,,,12,unchecked,none
K13a1395,13,12,,,,12,unchecked,none
K13a1396,13,13,,,,13,unchecked,none
K13a1397,13,12,,,,12,unchecked,none
K13a1398,13,12,,,,12,unchecked,none
K13a1399,13,12,,,,12,unchecked,none
K13a14,13,13,,,,13,unchecked,none
K13a140,13,12,,,,12,unchecked,none
K13a1400,13,12,,,,12,unchecked,none
K13a1401,13,12,,,,12,unchecked,none
K13a1402,13,13,,,,13,unchecked,none
K13a1403,13,13,,,,13,unchecked,none
K13a1404,13,12,,,,12,unchecked,none
K13a1405,13,12,,,,12,unchecked,none
K13a1406,13,12,,,,12,unchecked,none
K13a1407,13,13,,,,13,unchecked,none
K13a1408,13,13,,,,13,unchecked,none
K13a1409,13,13,,,,13,unchecked,none
K13a141,13,13,,,,13,unchecked,none
K13a1410,13,13,,,,13,unchecked,none
K13a1411,13,13,,,,13,unchecked,none
K13a1412,13,12,,,,12,unchecked,none
K13a1413,13,13,,,,13,unchecked,none
K13a1414,13,12,,,,12,unchecked,none
K13a1415,13,12,,,,12,unchecked,none
K13a1416,13,13,,,,13,unchecked,none
K13a1417,13,12,,,,12,unchecked,none
K13a1418,13,12,,,,12,unchecked,none
K13a1419,13,12,,,,12,unchecked,none
K13a142,13,12,,,,12,unchecked,none
K13a1420,13,12,,,,12,unchecked,none
K13a1421,13,12,,,,12,unchecked,none
K13a1422,13,12,,,,12,unchecked,none
K13a1423,13,12,,,,12,unchecked,none
K13a1424,13,12,,,,12,unchecked,none
K13a1425,13,12,,,,12,unchecked,none
K13a1426,13,12,,,,12,unchecked,none
K13a1427,13,12,,,,12,unchecked,none
K13a1428,13,12,,,,12,unchecked,none
K13a1429,13,12,,,,12,unchecked,none
K13a143,13,13,,,,13,unchecked,none
K13a1430,13,12,,,,12,unchecked,none
K13a1431,13,13,,,,13,unchecked,none
K13a1432,13,13,,,,13,unchecked,none
K13a1433,13,13,,,,13,unchecked,none
K13a1434,13,12,,,,12,unchecked,none
K13a1435,13,13,,,,13,unchecked,none
K13a1436,13,13,,,,13,unchecked,none
K13a1437,13,13,,,,13,unchecked,none
K13a1438,13,13,,,,13,unchecked,none
K13a1439,13,12,,,,12,unchecked,none
K13a144,13,13,,,,13,unchecked,none
K13a1440,13,13,,,,13,unchecked,none
K13a1441,13,13,,,,13,unchecked,none
K13a1442,13,13,,,,13,unchecked,none
K13a1443,13,12,,,,12,unchecked,none
K13a1444,13,12,,,,12,unchecked,none
K13a1445,13,12,,,,12,unchecked,none
K13a1446,13,12,,,,12,unchecked,none
K13a1447,13,12,,,,12,unchecked,none
K13a1448,13,13,,,,13,unchecked,none
K13a1449,13,12,,,,12,unchecked,none
K13a145,13,13,,,,13,unchecked,none
K13a1450,13,12,,,,12,unchecked,none
K13a1451,13,12,,,,12,unchecked,none
K13a1452,13,12,,,,12,unchecked,none
K13a1453,13,12,,,,12,unchecked,none
K13a1454,13,12,,,,12,unchecked,none
K13a1455,13,12,,,,12,unchecked,none
K13a1456,13,12,,,,12,unchecked,none
K13a1457,13,12,,,,12,unchecked,none
K13a1458,13,13,,,,13,unchecked,none
K13a1459,13,12,,,,12,unchecked,none
K13a146,13,12,,,,12,unchecked,none
K13a1460,13,13,,,,13,unchecked,none
K13a1461,13,13,,,,13,unchecked,none
K13a1462,13,12,,,,12,unchecked,none
K13a1463,13,12,,,,12,unchecked,none
K13a1464,13,12,,,,12,unchecked,none
K13a1465,13,13,,,,13,unchecked,none
K13a1466,13,13,,,,13,unchecked,none
K13a1467,13,13,,,,13,unchecked,none
K13a1468,13,12,,,,12,unchecked,none
K13a1469,13,12,,,,12,unchecked,none
K13a147,13,13,,,,13,unchecked,none
K13a1470,13,12,,,,12,unchecked,none
K13a1471,13,13,,,,13,unchecked,none
K13a1472,13,13,,,,13,unchecked,none
K13a1473,13,12,,,,12,unchecked,none
K13a1474,13,12,,,,12,unchecked,none
K13a1475,13,13,,,,13,unchecked,none
K13a1476,13,13,,,,13,unchecked,none
K13a1477,13,12,,,,12,unchecked,none
K13a1478,13,12,,,,12,unchecked,none
K13a1479,13,12,,,,12,unchecked,none
K13a148,13,13,,,,13,unchecked,none
K13a1480,13,12,,,,12,unchecked,none
K13a1481,13,12,,,,12,unchecked,none
K13a1482,13,12,,,,12,unchecked,none
K13a1483,13,12,,,,12,unchecked,none
K13a1484,13,12,,,,12,unchecked,none
K13a1485,13,12,,,,12,unchecked,none
K13a1486,13,12,,,,12,unchecked,none
K13a1487,13,12,,,,12,unchecked,none
K13a1488,13,12,,,,12,unchecked,none
K13a1489,13,12,,,,12,unchecked,none
K13a149,13,12,,,,12,unchecked,none
K13a1490,13,12,,,,12,unchecked,none
K13a1491,13,13,,,,13,unchecked,none
K13a1492,13,12,,,,12,unchecked,none
K13a1493,13,12,,,,12,unchecked,none
K13a1494,13,12,,,,12,unchecked,none
K13a1495,13,12,,,,12,unchecked,none
K13a1496,13,13,,,,13,unchecked,none
K13a1497,13,12,,,,12,unchecked,none
K13a1498,13,12,,,,12,unchecked,none
K13a1499,13,12,,,,12,unchecked,none
K13a15,13,12,,,,12,unchecked,none
K13a150,13,13,,,,13,unchecked,none
K13a1500,13,12,,,,12,unchecked,none
K13a1501,13,13,,,,13,unchecked,none
K13a1502,13,12,,,,12,unchecked,none
K13a1503,13,12,,,,12,unchecked,none
K13a1504,13,12,,,,12,unchecked,none
K13a1505,13,12,,,,12,unchecked,none
K13a1506,13,12,,,,12,unchecked,none
K13a1507,13,12,,,,12,unchecked,none
K13a1508,13,12,,,,12,unchecked,none
K13a1509,13,12,,,,12,unchecked,none
K13a151,13,13,,,,13,unchecked,none
K13a1510,13,12,,,,12,unchecked,none
K13a1511,13,12,,,,12,unchecked,none
K13a1512,13,12,,,,12,unchecked,none
K13a1513,13,12,,,,12,unchecked,none
K13a1514,13,12,,,,12,unchecked,none
K13a1515,13,12,,,,12,unchecked,none
K13a1516,13,12,,,,12,unchecked,none
K13a1517,13,12,,,,12,unchecked,none
K13a1518,13,13,,,,13,unchecked,none
K13a1519,13,12,,,,12,unchecked,none
K13a152,13,13,,,,13,unchecked,none
K13a1520,13,13,,,,13,unchecked,none
K13a1521,13,12,,,,12,unchecked,none
K13a1522,13,12,,,,12,unchecked,none
K13a1523,13,12,,,,12,unchecked,none
K13a1524,13,12,,,,12,unchecked,none
K13a1525,13,12,,,,12,unchecked,none
K13a1526,13,12,,,,12,unchecked,none
K13a1527,13,12,,,,12,unchecked,none
K13a1528,13,12,,,,12,unchecked,none
K13a1529,13,12,,,,12,unchecked,none
K13a153,13,13,,,,13,unchecked,none
K13a1530,13,12,,,,12,unchecked,none
K13a1531,13,12,,,,12,unchecked,none
K13a1532,13,12,,,,12,unchecked,none
K13a1533,13,12,,,,12,unchecked,none
K13a1534,13,12,,,,12,unchecked,none
K13a1535,13,12,,,,12,unchecked,none
K13a1536,13,13,,,,13,unchecked,none
K13a1537,13,13,,,,13,unchecked,none
K13a1538,13,13,,,,13,unchecked,none
K13a1539,13,13,,,,13,unchecked,none
K13a154,13,13,,,,13,unchecked,none
K13a1540,13,13,,,,13,unchecked,none
K13a1541,13,12,,,,12,unchecked,none
K13a1542,13,12,,,,12,unchecked,none
K13a1543,13,12,,,,12,unchecked,none
K13a1544,13,12,,,,12,unchecked,none
K13a1545,13,13,,,,13,unchecked,none
K13a1546,13,12,,,,12,unchecked,none
K13a1547,13,13,,,,13,unchecked,none
K13a1548,13,13,,,,13,unchecked,none
K13a1549,13,13,,,,13,unchecked,none
K13a155,13,13,,,,13,unchecked,none
K13a1550,13,13,,,,13,unchecked,none
K13a1551,13,12,,,,12,unchecked,none
K13a1552,13,13,,,,13,unchecked,none
K13a1553,13,13,,,,13,unchecked,none
K13a1554,13,12,,,,12,unchecked,none
K13a1555,13,12,,,,12,unchecked,none
K13a1556,13,12,,,,12,unchecked,none
K13a1557,13,12,,,,12,unchecked,none
K13a1558,13,12,,,,12,unchecked,none
K13a1559,13,13,,,,13,unchecked,none
K13a156,13,13,,,,13,unchecked,none
K13a1560,13,12,,,,12,unchecked,none
K13a1561,13,12,,,,12,unchecked,none
K13a1562,13,12,,,,12,unchecked,none
K13a1563,13,12,,,,12,unchecked,none
K13a1564,13,12,,,,12,unchecked,none
K13a1565,13,12,,,,12,unchecked,none
K13a1566,13,12,,,,12,unchecked,none
K13a1567,13,12,,,,12,unchecked,none
K13a1568,13,12,,,,12,unchecked,none
K13a1569,13,12,,,,12,unchecked,none
K13a157,13,13,,,,13,unchecked,none
K13a1570,13,13,,,,13,unchecked,none
K13a1571,13,12,,,,12,unchecked,none
K13a1572,13,13,,,,13,unchecked,none
K13a1573,13,13,,,,13,unchecked,none
K13a1574,13,12,,,,12,unchecked,none
K13a1575,13,12,,,,12,unchecked,none
K13a1576,13,12,,,,12,unchecked,none
K13a1577,13,12,,,,12,unchecked,none
K13a1578,13,12,,,,12,unchecked,none
K13a1579,13,12,,,,12,unchecked,none
K13a158,13,13,,,,13,unchecked,none
K13a1580,13,13,,,,13,unchecked,none
K13a1581,13,12,,,,12,unchecked,none
K13a1582,13,13,,,,13,unchecked,none
K13a1583,13,13,,,,13,unchecked,none
K13a1584,13,13,,,,13,unchecked,none
K13a1585,13,13,,,,13,unchecked,none
K13a1586,13,12,,,,12,unchecked,none
K13a1587,13,12,,,,12,unchecked,none
K13a1588,13,12,,,,12,unchecked,none
K13a1589,13,12,,,,12,unchecked,none
K13a159,13,13,,,,13,unchecked,none
K13a1590,13,12,,,,12,unchecked,none
K13a1591,13,12,,,,12,unchecked,none
K13a1592,13,12,,,,12,unchecked,none
K13a1593,13,12,,,,12,unchecked,none
K13a1594,13,12,,,,12,unchecked,none
K13a1595,13,12,,,,12,unchecked,none
K13a1596,13,12,,,,12,unchecked,none
K13a1597,13,12,,,,12,unchecked,none
K13a1598,13,12,,,,12,unchecked,none
K13a1599,13,12,,,,12,unchecked,none
K13a16,13,13,,,,13,unchecked,none
K13a160,13,13,,,,13,unchecked,none
K13a1600,13,12,,,,12,unchecked,none
K13a1601,13,12,,,,12,unchecked,none
K13a1602,13,13,,,,13,unchecked,none
K13a1603,13,13,,,,13,unchecked,none
K13a1604,13,12,,,,12,unchecked,none
K13a1605,13,12,,,,12,unchecked,none
K13a1606,13,12,,,,12,unchecked,none
K13a1607,13,12,,,,12,unchecked,none
K13a1608,13,13,,,,13,unchecked,none
K13a1609,13,13,,,,13,unchecked,none
K13a161,13,12,,,,12,unchecked,none
K13a1610,13,12,,,,12,unchecked,none
K13a1611,13,12,,,,12,unchecked,none
K13a1612,13,12,,,,12,unchecked,none
K13a1613,13,12,,,,12,unchecked,none
K13a1614,13,13,,,,13,unchecked,none
K13a1615,13,12,,,,12,unchecked,none
K13a1616,13,13,,,,13,unchecked,none
K13a1617,13,13,,,,13,unchecked,none
K13a1618,13,13,,,,13,unchecked,none
K13a1619,13,13,,,,13,unchecked,none
K13a162,13,13,,,,13,unchecked,none
K13a1620,13,12,,,,12,unchecked,none
K13a1621,13,12,,,,12,unchecked,none
K13a1622,13,12,,,,12,unchecked,none
K13a1623,13,12,,,,12,unchecked,none
K13a1624,13,12,,,,12,unchecked,none
K13a1625,13,12,,,,12,unchecked,none
K13a1626,13,12,,,,12,unchecked,none
K13a1627,13,12,,,,12,unchecked,none
K13a1628,13,12,,,,12,unchecked,none
K13a1629,13,12,,,,12,unchecked,none
K13a163,13,13,,,,13,unchecked,none
K13a1630,13,12,,,,12,unchecked,none
K13a1631,13,12,,,,12,unchecked,none
K13a1632,13,12,,,,12,unchecked,none
K13a1633,13,12,,,,12,unchecked,none
K13a1634,13,12,,,,12,unchecked,none
K13a1635,13,12,,,,12,unchecked,none
K13a1636,13,12,,,,12,unchecked,none
K13a1637,13,12,,,,12,unchecked,none
K13a1638,13,12,,,,12,unchecked,none
K13a1639,13,13,,,,13,unchecked,none
K13a164,13,13,,,,13,unchecked,none
K13a1640,13,13,,,,13,unchecked,none
K13a1641,13,12,,,,12,unchecked,none
K13a1642,13,12,,,,12,unchecked,none
K13a1643,13,13,,,,13,unchecked,none
K13a1644,13,12,,,,12,unchecked,none
K13a1645,13,13,,,,13,unchecked,none
K13a1646,13,13,,,,13,matched,none
K13a1647,13,13,,,,13,unchecked,none
K13a1648,13,12,,,,12,unchecked,none
K13a1649,13,12,,,,12,unchecked,none
K13a165,13,12,,,,12,unchecked,none
K13a1650,13,12,,,,12,unchecked,none
K13a1651,13,12,,,,12,unchecked,none
K13a1652,13,12,,,,12,unchecked,none
K13a1653,13,12,,,,12,unchecked,none
K13a1654,13,12,,,,12,unchecked,none
K13a1655,13,12,,,,12,unchecked,none
K13a1656,13,12,,,,12,unchecked,none
K13a1657,13,12,,,,12,unchecked,none
K13a1658,13,12,,,,12,unchecked,none
K13a1659,13,12,,,,12,unchecked,none
K13a166,13,12,,,,12,unchecked,none
K13a1660,13,12,,,,12,unchecked,none
K13a1661,13,12,,,,12,unchecked,none
K13a1662,13,12,,,,12,unchecked,none
K13a1663,13,12,,,,12,unchecked,none
K13a1664,13,12,,,,12,unchecked,none
K13a1665,13,12,,,,12,unchecked,none
K13a1666,13,12,,,,12,unchecked,none
K13a1667,13,12,,,,12,unchecked,none
K13a1668,13,12,,,,12,unchecked,none
K13a1669,13,12,,,,12,unchecked,none
K13a167,13,12,,,,12,unchecked,none
K13a1670,13,12,,,,12,unchecked,none
K13a1671,13,12,,,,12,unchecked,none
K13a1672,13,12,,,,12,unchecked,none
K13a1673,13,12,,,,12,unchecked,none
K13a1674,13,12,,,,12,unchecked,none
K13a1675,13,12,,,,12,unchecked,none
K13a1676,13,12,,,,12,unchecked,none
K13a1677,13,12,,,,12,unchecked,none
K13a1678,13,12,,,,12,unchecked,none
K13a1679,13,12,,,,12,unchecked,none
K13a168,13,13,,,,13,unchecked,none
K13a1680,13,12,,,,12,unchecked,none
K13a1681,13,12,,,,12,unchecked,none
K13a1682,13,12,,,,12,unchecked,none
K13a1683,13,12,,,,12,unchecked,none
K13a1684,13,12,,,,12,unchecked,none
K13a1685,13,12,,,,12,unchecked,none
K13a1686,13,12,,,,12,unchecked,none
K13a1687,13,12,,,,12,unchecked,none
K13a1688,13,12,,,,12,unchecked,none
K13a1689,13,13,,,,13,unchecked,none
K13a169,13,13,,,,13,unchecked,none
K13a1690,13,12,,,,12,unchecked,none
K13a1691,13,12,,,,12,unchecked,none
K13a1692,13,13,,,,13,unchecked,none
K13a1693,13,12,,,,12,unchecked,none
K13a1694,13,12,,,,12,unchecked,none
K13a1695,13,12,,,,12,unchecked,none
K13a1696,13,12,,,,12,unchecked,none
K13a1697,13,13,,,,13,unchecked,none
K13a1698,13,13,,,,13,unchecked,none
K13a1699,13,12,,,,12,unchecked,none
K13a17,13,13,,,,13,unchecked,none
K13a170,13,13,,,,13,unchecked,none
K13a1700,13,12,,,,12,unchecked,none
K13a1701,13,12,,,,12,unchecked,none
K13a1702,13,12,,,,12,unchecked,none
K13a1703,13,13,,,,13,unchecked,none
K13a1704,13,12,,,,12,matched,none
K13a1705,13,12,,,,12,unchecked,none
K13a1706,13,12,,,,12,unchecked,none
K13a1707,13,12,,,,12,unchecked,none
K13a1708,13,12,,,,12,unchecked,none
K13a1709,13,12,,,,12,unchecked,none
K13a171,13,13,,,,13,unchecked,none
K13a1710,13,12,,,,12,unchecked,none
K13a1711,13,12,,,,12,unchecked,none
K13a1712,13,12,,,,12,unchecked,none
K13a1713,13,12,,,,12,unchecked,none
K13a1714,13,12,,,,12,unchecked,none
K13a1715,13,12,,,,12,unchecked,none
K13a1716,13,12,,,,12,unchecked,none
K13a1717,13,12,,,,12,unchecked,none
K13a1718,13,13,,,,13,unchecked,none
K13a1719,13,13,,,,13,unchecked,none
K13a172,13,13,,,,13,unchecked,none
K13a1720,13,13,,,,13,unchecked,none
K13a1721,13,13,,,,13,unchecked,none
K13a1722,13,12,,,,12,unchecked,none
K13a1723,13,12,,,,12,unchecked,none
K13a1724,13,12,,,,12,unchecked,none
K13a1725,13,12,,,,12,unchecked,none
K13a1726,13,12,,,,12,unchecked,none
K13a1727,13,12,,,,12,unchecked,none
K13a1728,13,12,,,,12,unchecked,none
K13a1729,13,12,,,,12,unchecked,none
K13a173,13,13,,,,13,unchecked,none
K13a1730,13,12,,,,12,unchecked,none
K13a1731,13,12,,,,12,unchecked,none
K13a1732,13,12,,,,12,unchecked,none
K13a1733,13,12,,,,12,unchecked,none
K13a1734,13,12,,,,12,unchecked,none
K13a1735,13,12,,,,12,unchecked,none
K13a1736,13,12,,,,12,unchecked,none
K13a1737,13,12,,,,12,unchecked,none
K13a1738,13,12,,,,12,unchecked,none
K13a1739,13,13,,,,13,unchecked,none
K13a174,13,12,,,,12,unchecked,none
K13a1740,13,13,,,,13,unchecked,none
K13a1741,13,13,,,,13,unchecked,none
K13a1742,13,12,,,,12,unchecked,none
K13a1743,13,12,,,,12,unchecked,none
K13a1744,13,13,,,,13,unchecked,none
K13a1745,13,13,,,,13,unchecked,none
K13a1746,13,12,,,,12,unchecked,none
K13a1747,13,12,,,,12,unchecked,none
K13a1748,13,12,,,,12,unchecked,none
K13a1749,13,12,,,,12,unchecked,none
K13a175,13,12,,,,12,unchecked,none
K13a1750,13,13,,,,13,unchecked,none
K13a1751,13,13,,,,13,unchecked,none
K13a1752,13,12,,,,12,unchecked,none
K13a1753,13,13,,,,13,unchecked,none
K13a1754,13,12,,,,12,unchecked,none
K13a1755,13,12,,,,12,unchecked,none
K13a1756,13,12,,,,12,unchecked,none
K13a1757,13,12,,,,12,unchecked,none
K13a1758,13,12,,,,12,unchecked,none
K13a1759,13,12,,,,12,unchecked,none
K13a176,13,13,,,,13,unchecked,none
K13a1760,13,12,,,,12,unchecked,none
K13a1761,13,12,,,,12,unchecked,none
K13a1762,13,12,,,,12,unchecked,none
K13a1763,13,12,,,,12,unchecked,none
K13a1764,13,12,,,,12,unchecked,none
K13a1765,13,13,,,,13,unchecked,none
K13a1766,13,13,,,,13,unchecked,none
K13a1767,13,12,,,,12,unchecked,none
K13a1768,13,13,,,,13,unchecked,none
K13a1769,13,12,,,,12,unchecked,none
K13a177,13,13,,,,13,unchecked,none
K13a1770,13,12,,,,12,unchecked,none
K13a1771,13,12,,,,12,unchecked,none
K13a1772,13,12,,,,12,unchecked,none
K13a1773,13,12,,,,12,unchecked,none
K13a1774,13,13,,,,13,unchecked,none
K13a1775,13,12,,,,12,unchecked,none
K13a1776,13,12,,,,12,unchecked,none
K13a1777,13,13,,,,13,unchecked,none
K13a1778,13,13,,,,13,unchecked,none
K13a1779,13,13,,,,13,unchecked,none
K13a178,13,13,,,,13,unchecked,none
K13a1780,13,13,,,,13,unchecked,none
K13a1781,13,12,,,,12,unchecked,none
K13a1782,13,12,,,,12,unchecked,none
K13a1783,13,12,,,,12,unchecked,none
K13a1784,13,13,,,,13,unchecked,none
K13a1785,13,12,,,,12,unchecked,none
K13a1786,13,13,,,,13,unchecked,none
K13a1787,13,13,,,,13,unchecked,none
K13a1788,13,12,,,,12,unchecked,none
K13a1789,13,12,,,,12,unchecked,none
K13a179,13,13,,,,13,unchecked,none
K13a1790,13,12,,,,12,unchecked,none
K13a1791,13,13,,,,13,unchecked,none
K13a1792,13,12,,,,12,unchecked,none
K13a1793,13,12,,,,12,unchecked,none
K13a1794,13,12,,,,12,unchecked,none
K13a1795,13,12,,,,12,unchecked,none
K13a1796,13,12,,,,12,unchecked,none
K13a1797,13,12,,,,12,unchecked,none
K13a1798,13,13,,,,13,unchecked,none
K13a1799,13,13,,,,13,unchecked,none
K13a18,13,13,,,,13,unchecked,none
K13a180,13,13,,,,13,unchecked,none
K13a1800,13,12,,,,12,unchecked,none
K13a1801,13,12,,,,12,unchecked,none
K13a1802,13,12,,,,12,unchecked,none
K13a1803,13,12,,,,12,unchecked,none
K13a1804,13,13,,,,13,unchecked,none
K13a1805,13,12,,,,12,unchecked,none
K13a1806,13,12,,,,12,unchecked,none
K13a1807,13,12,,,,12,unchecked,none
K13a1808,13,12,,,,12,unchecked,none
K13a1809,13,12,,,,12,unchecked,none
K13a181,13,12,,,,12,unchecked,none
K13a1810,13,12,,,,12,unchecked,none
K13a1811,13,12,,,,12,unchecked,none
K13a1812,13,13,,,,13,unchecked,none
K13a1813,13,12,,,,12,unchecked,none
K13a1814,13,13,,,,13,unchecked,none
K13a1815,13,12,,,,12,unchecked,none
K13a1816,13,12,,,,12,unchecked,none
K13a1817,13,13,,,,13,unchecked,none
K13a1818,13,13,,,,13,unchecked,none
K13a1819,13,12,,,,12,unchecked,none
K13a182,13,12,,,,12,unchecked,none
K13a1820,13,13,,,,13,unchecked,none
K13a1821,13,12,,,,12,unchecked,none
K13a1822,13,12,,,,12,unchecked,none
K13a1823,13,12,,,,12,unchecked,none
K13a1824,13,12,,,,12,unchecked,none
K13a1825,13,12,,,,12,unchecked,none
K13a1826,13,12,,,,12,unchecked,none
K13a1827,13,13,,,,13,unchecked,none
K13a1828,13,12,,,,12,unchecked,none
K13a1829,13,12,,,,12,unchecked,none
K13a183,13,12,,,,12,unchecked,none
K13a1830,13,12,,,,12,unchecked,none
K13a1831,13,12,,,,12,unchecked,none
K13a1832,13,12,,,,12,unchecked,none
K13a1833,13,12,,,,12,unchecked,none
K13a1834,13,12,,,,12,matched,none
K13a1835,13,12,,,,12,unchecked,none
K13a1836,13,12,,,,12,unchecked,none
K13a1837,13,12,,,,12,unchecked,none
K13a1838,13,12,,,,12,unchecked,none
K13a1839,13,12,,,,12,unchecked,none
K13a184,13,13,,,,13,unchecked,none
K13a1840,13,12,,,,12,unchecked,none
K13a1841,13,12,,,,12,unchecked,none
K13a1842,13,12,,,,12,unchecked,none
K13a1843,13,12,,,,12,unchecked,none
K13a1844,13,12,,,,12,unchecked,none
K13a1845,13,12,,,,12,unchecked,none
K13a1846,13,12,,,,12,unchecked,none
K13a1847,13,12,,,,12,unchecked,none
K13a1848,13,12,,,,12,unchecked,none
K13a1849,13,12,,,,12,unchecked,none
K13a185,13,12,,,,12,unchecked,none
K13a1850,13,12,,,,12,unchecked,none
K13a1851,13,12,,,,12,unchecked,none
K13a1852,13,12,,,,12,unchecked,none
K13a1853,13,12,,,,12,unchecked,none
K13a1854,13,12,,,,12,unchecked,none
K13a1855,13,12,,,,12,unchecked,none
K13a1856,13,12,,,,12,unchecked,none
K13a1857,13,12,,,,12,unchecked,none
K13a1858,13,12,,,,12,unchecked,none
K13a1859,13,13,,,,13,unchecked,none
K13a186,13,12,,,,12,unchecked,none
K13a1860,13,12,,,,12,unchecked,none
K13a1861,13,13,,,,13,unchecked,none
K13a1862,13,12,,,,12,unchecked,none
K13a1863,13,13,,,,13,unchecked,none
K13a1864,13,12,,,,12,unchecked,none
K13a1865,13,12,,,,12,unchecked,none
K13a1866,13,13,,,,13,unchecked,none
K13a1867,13,13,,,,13,unchecked,none
K13a1868,13,12,,,,12,unchecked,none
K13a1869,13,12,,,,12,unchecked,none
K13a187,13,12,,,,12,unchecked,none
K13a1870,13,12,,,,12,unchecked,none
K13a1871,13,13,,,,13,unchecked,none
K13a1872,13,12,,,,12,unchecked,none
K13a1873,13,12,,,,12,unchecked,none
K13a1874,13,12,,,,12,unchecked,none
K13a1875,13,12,,,,12,unchecked,none
K13a1876,13,13,,,,13,unchecked,none
K13a1877,13,12,,,,12,unchecked,none
K13a1878,13,13,,,,13,unchecked,none
K13a1879,13,12,,,,12,unchecked,none
K13a188,13,12,,,,12,unchecked,none
K13a1880,13,12,,,,12,unchecked,none
K13a1881,13,13,,,,13,unchecked,none
K13a1882,13,13,,,,13,unchecked,none
K13a1883,13,12,,,,12,unchecked,none
K13a1884,13,12,,,,12,unchecked,none
K13a1885,13,12,,,,12,unchecked,none
K13a1886,13,12,,,,12,unchecked,none
K13a1887,13,13,,,,13,unchecked,none
K13a1888,13,12,,,,12,unchecked,none
K13a1889,13,12,,,,12,unchecked,none
K13a189,13,12,,,,12,unchecked,none
K13a1890,13,12,,,,12,unchecked,none
K13a1891,13,12,,,,12,unchecked,none
K13a1892,13,13,,,,13,unchecked,none
K13a1893,13,12,,,,12,unchecked,none
K13a1894,13,12,,,,12,unchecked,none
K13a1895,13,12,,,,12,unchecked,none
K13a1896,13,12,,,,12,unchecked,none
K13a1897,13,12,,,,12,unchecked,none
K13a1898,13,12,,,,12,unchecked,none
K13a1899,13,12,,,,12,unchecked,none
K13a19,13,13,,,,13,unchecked,none
K13a190,13,13,,,,13,unchecked,none
K13a1900,13,13,,,,13,unchecked,none
K13a1901,13,12,,,,12,unchecked,none
K13a1902,13,12,,,,12,unchecked,none
K13a1903,13,12,,,,12,unchecked,none
K13a1904,13,12,,,,12,unchecked,none
K13a1905,13,12,,,,12,unchecked,none
K13a1906,13,12,,,,12,unchecked,none
K13a1907,13,12,,,,12,unchecked,none
K13a1908,13,12,,,,12,unchecked,none
K13a1909,13,13,,,,13,unchecked,none
K13a191,13,13,,,,13,unchecked,none
K13a1910,13,12,,,,12,unchecked,none
K13a1911,13,13,,,,13,unchecked,none
K13a1912,13,13,,,,13,unchecked,none
K13a1913,13,12,,,,12,unchecked,none
K13a1914,13,12,,,,12,unchecked,none
K13a1915,13,12,,,,12,unchecked,none
K13a1916,13,12,,,,12,unchecked,none
K13a1917,13,12,,,,12,unchecked,none
K13a1918,13,12,,,,12,unchecked,none
K13a1919,13,12,,,,12,unchecked,none
K13a192,13,13,,,,13,unchecked,none
K13a1920,13,12,,,,12,unchecked,none
K13a1921,13,13,,,,13,unchecked,none
K13a1922,13,13,,,,13,unchecked,none
K13a1923,13,12,,,,12,unchecked,none
K13a1924,13,12,,,,12,unchecked,none
K13a1925,13,12,,,,12,unchecked,none
K13a1926,13,12,,,,12,unchecked,none
K13a1927,13,13,,,,13,unchecked,none
K13a1928,13,13,,,,13,unchecked,none
K13a1929,13,12,,,,12,unchecked,none
K13a193,13,12,,,,12,unchecked,none
K13a1930,13,13,,,,13,unchecked,none
K13a1931,13,12,,,,12,unchecked,none
K13a1932,13,12,,,,12,unchecked,none
K13a1933,13,12,,,,12,unchecked,none
K13a1934,13,13,,,,13,unchecked,none
K13a1935,13,12,,,,12,unchecked,none
K13a1936,13,12,,,,12,unchecked,none
K13a1937,13,13,,,,13,unchecked,none
K13a1938,13,13,,,,13,unchecked,none
K13a1939,13,12,,,,12,unchecked,none
K13a194,13,12,,,,12,unchecked,none
K13a1940,13,12,,,,12,unchecked,none
K13a1941,13,12,,,,12,unchecked,none
K13a1942,13,13,,,,13,unchecked,none
K13a1943,13,12,,,,12,unchecked,none
K13a1944,13,12,,,,12,unchecked,none
K13a1945,13,12,,,,12,unchecked,none
K13a1946,13,13,,,,13,unchecked,none
K13a1947,13,12,,,,12,unchecked,none
K13a1948,13,12,,,,12,unchecked,none
K13a1949,13,12,,,,12,unchecked,none
K13a195,13,13,,,,13,unchecked,none
K13a1950,13,13,,,,13,unchecked,none
K13a1951,13,13,,,,13,unchecked,none
K13a1952,13,12,,,,12,unchecked,none
K13a1953,13,12,,,,12,unchecked,none
K13a1954,13,12,,,,12,unchecked,none
K13a1955,13,12,,,,12,unchecked,none
K13a1956,13,12,,,,12,unchecked,none
K13a1957,13,13,,,,13,unchecked,none
K13a1958,13,12,,,,12,unchecked,none
K13a1959,13,12,,,,12,unchecked,none
K13a196,13,12,,,,12,unchecked,none
K13a1960,13,12,,,,12,unchecked,none
K13a1961,13,12,,,,12,unchecked,none
K13a1962,13,12,,,,12,unchecked,none
K13a1963,13,12,,,,12,unchecked,none
K13a1964,13,12,,,,12,unchecked,none
K13a1965,13,12,,,,12,unchecked,none
K13a1966,13,12,,,,12,unchecked,none
K13a1967,13,12,,,,12,unchecked,none
K13a1968,13,12,,,,12,unchecked,none
K13a1969,13,13,,,,13,unchecked,none
K13a197,13,12,,,,12,unchecked,none
K13a1970,13,12,,,,12,unchecked,none
K13a1971,13,12,,,,12,unchecked,none
K13a1972,13,12,,,,12,unchecked,none
K13a1973,13,12,,,,12,unchecked,none
K13a1974,13,12,,,,12,unchecked,none
K13a1975,13,12,,,,12,unchecked,none
K13a1976,13,12,,,,12,unchecked,none
K13a1977,13,13,,,,13,unchecked,none
K13a1978,13,12,,,,12,unchecked,none
K13a1979,13,12,,,,12,unchecked,none
K13a198,13,12,,,,12,unchecked,none
K13a1980,13,12,,,,12,unchecked,none
K13a1981,13,12,,,,12,unchecked,none
K13a1982,13,12,,,,12,unchecked,none
K13a1983,13,12,,,,12,unchecked,none
K13a1984,13,12,,,,12,unchecked,none
K13a1985,13,12,,,,12,unchecked,none
K13a1986,13,12,,,,12,unchecked,none
K13a1987,13,12,,,,12,unchecked,none
K13a1988,13,12,,,,12,unchecked,none
K13a1989,13,12,,,,12,unchecked,none
K13a199,13,12,,,,12,unchecked,none
K13a1990,13,12,,,,12,unchecked,none
K13a1991,13,12,,,,12,unchecked,none
K13a1992,13,12,,,,12,unchecked,none
K13a1993,13,12,,,,12,unchecked,none
K13a1994,13,12,,,,12,unchecked,none
K13a1995,13,12,,,,12,unchecked,none
K13a1996,13,12,,,,12,unchecked,none
K13a1997,13,12,,,,12,unchecked,none
K13a1998,13,12,,,,12,unchecked,none
K13a1999,13,12,,,,12,unchecked,none
K13a2,13,13,,,,13,unchecked,none
K13a20,13,13,,,,13,unchecked,none
K13a200,13,12,,,,12,unchecked,none
K13a2000,13,12,,,,12,unchecked,none
K13a2001,13,12,,,,12,unchecked,none
K13a2002,13,12,,,,12,unchecked,none
K13a2003,13,12,,,,12,unchecked,none
K13a2004,13,12,,,,12,unchecked,none
K13a2005,13,12,,,,12,unchecked,none
K13a2006,13,13,,,,13,unchecked,none
K13a2007,13,12,,,,12,unchecked,none
K13a2008,13,13,,,,13,unchecked,none
K13a2009,13,13,,,,13,unchecked,none
K13a201,13,12,,,,12,unchecked,none
K13a2010,13,13,,,,13,unchecked,none
K13a2011,13,12,,,,12,unchecked,none
K13a2012,13,12,,,,12,unchecked,none
K13a2013,13,12,,,,12,unchecked,none
K13a2014,13,12,,,,12,unchecked,none
K13a2015,13,12,,,,12,unchecked,none
K13a2016,13,13,,,,13,unchecked,none
K13a2017,13,13,,,,13,unchecked,none
K13a2018,13,13,,,,13,unchecked,none
K13a2019,13,12,,,,12,unchecked,none
K13a202,13,13,,,,13,unchecked,none
K13a2020,13,12,,,,12,unchecked,none
K13a2021,13,12,,,,12,unchecked,none
K13a2022,13,12,,,,12,unchecked,none
K13a2023,13,12,,,,12,unchecked,none
K13a2024,13,12,,,,12,unchecked,none
K13a2025,13,12,,,,12,unchecked,none
K13a2026,13,12,,,,12,unchecked,none
K13a2027,13,12,,,,12,unchecked,none
K13a2028,13,12,,,,12,unchecked,none
K13a2029,13,12,,,,12,unchecked,none
K13a203,13,13,,,,13,unchecked,none
K13a2030,13,13,,,,13,unchecked,none
K13a2031,13,13,,,,13,unchecked,none
K13a2032,13,12,,,,12,unchecked,none
K13a2033,13,12,,,,12,unchecked,none
K13a2034,13,12,,,,12,unchecked,none
K13a2035,13,12,,,,12,unchecked,none
K13a2036,13,12,,,,12,unchecked,none
K13a2037,13,13,,,,13,unchecked,none
K13a2038,13,13,,,,13,unchecked,none
K13a2039,13,13,,,,13,unchecked,none
K13a204,13,12,,,,12,unchecked,none
K13a2040,13,13,,,,13,unchecked,none
K13a2041,13,13,,,,13,unchecked,none
K13a2042,13,13,,,,13,unchecked,none
K13a2043,13,12,,,,12,unchecked,none
K13a2044,13,12,,,,12,unchecked,none
K13a2045,13,12,,,,12,unchecked,none
K13a2046,13,12,,,,12,unchecked,none
K13a2047,13,13,,,,13,unchecked,none
K13a2048,13,13,,,,13,unchecked,none
K13a2049,13,12,,,,12,unchecked,none
K13a205,13,12,,,,12,unchecked,none
K13a2050,13,12,,,,12,unchecked,none
K13a2051,13,12,,,,12,unchecked,none
K13a2052,13,12,,,,12,unchecked,none
K13a2053,13,12,,,,12,unchecked,none
K13a2054,13,12,,,,12,unchecked,none
K13a2055,13,12,,,,12,unchecked,none
K13a2056,13,12,,,,12,unchecked,none
K13a2057,13,12,,,,12,unchecked,none
K13a2058,13,12,,,,12,unchecked,none
K13a2059,13,12,,,,12,unchecked,none
K13a206,13,12,,,,12,unchecked,none
K13a2060,13,12,,,,12,unchecked,none
K13a2061,13,13,,,,13,unchecked,none
K13a2062,13,12,,,,12,unchecked,none
K13a2063,13,12,,,,12,unchecked,none
K13a2064,13,12,,,,12,unchecked,none
K13a2065,13,12,,,,12,unchecked,none
K13a2066,13,12,,,,12,unchecked,none
K13a2067,13,12,,,,12,unchecked,none
K13a2068,13,13,,,,13,unchecked,none
K13a2069,13,13,,,,13,unchecked,none
K13a207,13,12,,,,12,unchecked,none
K13a2070,13,13,,,,13,unchecked,none
K13a2071,13,12,,,,12,unchecked,none
K13a2072,13,13,,,,13,unchecked,none
K13a2073,13,12,,,,12,unchecked,none
K13a2074,13,12,,,,12,unchecked,none
K13a2075,13,12,,,,12,unchecked,none
K13a2076,13,12,,,,12,unchecked,none
K13a2077,13,12,,,,12,unchecked,none
K13a2078,13,12,,,,12,unchecked,none
K13a2079,13,12,,,,12,unchecked,none
K13a208,13,12,,,,12,unchecked,none
K13a2080,13,12,,,,12,matched,none
K13a2081,13,12,,,,12,unchecked,none
K13a2082,13,12,,,,12,unchecked,none
K13a2083,13,12,,,,12,unchecked,none
K13a2084,13,12,,,,12,unchecked,none
K13a2085,13,12,,,,12,unchecked,none
K13a2086,13,12,,,,12,unchecked,none
K13a2087,13,12,,,,12,unchecked,none
K13a2088,13,12,,,,12,unchecked,none
K13a2089,13,12,,,,12,unchecked,none
K13a209,13,12,,,,12,unchecked,none
K13a2090,13,12,,,,12,unchecked,none
K13a2091,13,12,,,,12,unchecked,none
K13a2092,13,12,,,,12,unchecked,none
K13a2093,13,12,,,,12,unchecked,none
K13a2094,13,12,,,,12,unchecked,none
K13a2095,13,12,,,,12,unchecked,none
K13a2096,13,12,,,,12,unchecked,none
K13a2097,13,13,,,,13,unchecked,none
K13a2098,13,12,,,,12,unchecked,none
K13a2099,13,13,,,,13,unchecked,none
K13a21,13,13,,,,13,unchecked,none
K13a210,13,12,,,,12,unchecked,none
K13a2100,13,12,,,,12,unchecked,none
K13a2101,13,12,,,,12,unchecked,none
K13a2102,13,12,,,,12,unchecked,none
K13a2103,13,13,,,,13,unchecked,none
K13a2104,13,12,,,,12,unchecked,none
K13a2105,13,12,,,,12,unchecked,none
K13a2106,13,12,,,,12,unchecked,none
K13a2107,13,12,,,,12,unchecked,none
K13a2108,13,12,,,,12,unchecked,none
K13a2109,13,12,,,,12,unchecked,none
K13a211,13,12,,,,12,unchecked,none
K13a2110,13,12,,,,12,unchecked,none
K13a2111,13,12,,,,12,unchecked,none
K13a2112,13,12,,,,12,unchecked,none
K13a2113,13,12,,,,12,unchecked,none
K13a2114,13,12,,,,12,unchecked,none
K13a2115,13,12,,,,12,unchecked,none
K13a2116,13,13,,,,13,unchecked,none
K13a2117,13,12,,,,12,unchecked,none
K13a2118,13,12,,,,12,unchecked,none
K13a2119,13,12,,,,12,unchecked,none
K13a212,13,12,,,,12,unchecked,none
K13a2120,13,13,,,,13,unchecked,none
K13a2121,13,12,,,,12,unchecked,none
K13a2122,13,12,,,,12,unchecked,none
K13a2123,13,13,,,,13,unchecked,none
K13a2124,13,13,,,,13,unchecked,none
K13a2125,13,12,,,,12,unchecked,none
K13a2126,13,12,,,,12,unchecked,none
K13a2127,13,12,,,,12,unchecked,none
K13a2128,13,12,,,,12,unchecked,none
K13a2129,13,12,,,,12,unchecked,none
K13a213,13,12,,,,12,unchecked,none
K13a2130,13,12,,,,12,unchecked,none
K13a2131,13,12,,,,12,unchecked,none
K13a2132,13,12,,,,12,unchecked,none
K13a2133,13,12,,,,12,unchecked,none
K13a2134,13,12,,,,12,unchecked,none
K13a2135,13,13,,,,13,unchecked,none
K13a2136,13,13,,,,13,unchecked,none
K13a2137,13,13,,,,13,unchecked,none
K13a2138,13,12,,,,12,unchecked,none
K13a2139,13,12,,,,12,unchecked,none
K13a214,13,12,,,,12,unchecked,none
K13a2140,13,12,,,,12,unchecked,none
K13a2141,13,12,,,,12,unchecked,none
K13a2142,13,12,,,,12,unchecked,none
K13a2143,13,12,,,,12,unchecked,none
K13a2144,13,12,,,,12,unchecked,none
K13a2145,13,12,,,,12,unchecked,none
K13a2146,13,13,,,,13,unchecked,none
K13a2147,13,12,,,,12,unchecked,none
K13a2148,13,12,,,,12,unchecked,none
K13a2149,13,12,,,,12,unchecked,none
K13a215,13,12,,,,12,unchecked,none
K13a2150,13,12,,,,12,unchecked,none
K13a2151,13,12,,,,12,unchecked,none
K13a2152,13,12,,,,12,unchecked,none
K13a2153,13,12,,,,12,unchecked,none
K13a2154,13,12,,,,12,unchecked,none
K13a2155,13,12,,,,12,unchecked,none
K13a2156,13,13,,,,13,unchecked,none
K13a2157,13,12,,,,12,unchecked,none
K13a2158,13,12,,,,12,unchecked,none
K13a2159,13,12,,,,12,unchecked,none
K13a216,13,12,,,,12,unchecked,none
K13a2160,13,12,,,,12,unchecked,none
K13a2161,13,12,,,,12,unchecked,none
K13a2162,13,12,,,,12,unchecked,none
K13a2163,13,12,,,,12,unchecked,none
K13a2164,13,12,,,,12,unchecked,none
K13a2165,13,12,,,,12,unchecked,none
K13a2166,13,12,,,,12,unchecked,none
K13a2167,13,12,,,,12,unchecked,none
K13a2168,13,12,,,,12,unchecked,none
K13a2169,13,12,,,,12,unchecked,none
K13a217,13,12,,,,12,unchecked,none
K13a2170,13,12,,,,12,unchecked,none
K13a2171,13,12,,,,12,unchecked,none
K13a2172,13,12,,,,12,unchecked,none
K13a2173,13,12,,,,12,unchecked,none
K13a2174,13,12,,,,12,unchecked,none
K13a2175,13,12,,,,12,unchecked,none
K13a2176,13,12,,,,12,unchecked,none
K13a2177,13,12,,,,12,unchecked,none
K13a2178,13,12,,,,12,unchecked,none
K13a2179,13,12,,,,12,unchecked,none
K13a218,13,13,,,,13,unchecked,none
K13a2180,13,12,,,,12,unchecked,none
K13a2181,13,12,,,,12,unchecked,none
K13a2182,13,12,,,,12,unchecked,none
K13a2183,13,12,,,,12,unchecked,none
K13a2184,13,12,,,,12,unchecked,none
K13a2185,13,12,,,,12,unchecked,none
K13a2186,13,12,,,,12,unchecked,none
K13a2187,13,12,,,,12,unchecked,none
K13a2188,13,12,,,,12,unchecked,none
K13a2189,13,12,,,,12,unchecked,none
K13a219,13,12,,,,12,unchecked,none
K13a2190,13,12,,,,12,unchecked,none
K13a2191,13,13,,,,13,unchecked,none
K13a2192,13,12,,,,12,unchecked,none
K13a2193,13,12,,,,12,unchecked,none
K13a2194,13,12,,,,12,unchecked,none
K13a2195,13,12,,,,12,unchecked,none
K13a2196,13,12,,,,12,unchecked,none
K13a2197,13,12,,,,12,unchecked,none
K13a2198,13,12,,,,12,unchecked,none
K13a2199,13,13,,,,13,unchecked,none
K13a22,13,13,,,,13,unchecked,none
K13a220,13,12,,,,12,unchecked,none
K13a2200,13,12,,,,12,unchecked,none
K13a2201,13,12,,,,12,unchecked,none
K13a2202,13,12,,,,12,unchecked,none
K13a2203,13,12,,,,12,unchecked,none
K13a2204,13,12,,,,12,unchecked,none
K13a2205,13,12,,,,12,unchecked,none
K13a2206,13,13,,,,13,unchecked,none
K13a2207,13,12,,,,12,unchecked,none
K13a2208,13,12,,,,12,unchecked,none
K13a2209,13,12,,,,12,unchecked,none
K13a221,13,12,,,,12,unchecked,none
K13a2210,13,12,,,,12,unchecked,none
K13a2211,13,12,,,,12,unchecked,none
K13a2212,13,12,,,,12,unchecked,none
K13a2213,13,12,,,,12,unchecked,none
K13a2214,13,12,,,,12,unchecked,none
K13a2215,13,12,,,,12,unchecked,none
K13a2216,13,12,,,,12,unchecked,none
K13a2217,13,12,,,,12,unchecked,none
K13a2218,13,12,,,,12,unchecked,none
K13a2219,13,12,,,,12,unchecked,none
K13a222,13,12,,,,12,unchecked,none
K13a2220,13,12,,,,12,unchecked,none
K13a2221,13,12,,,,12,unchecked,none
K13a2222,13,12,,,,12,unchecked,none
K13a2223,13,12,,,,12,unchecked,none
K13a2224,13,12,,,,12,unchecked,none
K13a2225,13,12,,,,12,unchecked,none
K13a2226,13,12,,,,12,unchecked,none
K13a2227,13,12,,,,12,unchecked,none
K13a2228,13,13,,,,13,unchecked,none
K13a2229,13,13,,,,13,unchecked,none
K13a223,13,12,,,,12,unchecked,none
K13a2230,13,12,,,,12,unchecked,none
K13a2231,13,12,,,,12,unchecked,none
K13a2232,13,12,,,,12,unchecked,none
K13a2233,13,12,,,,12,unchecked,none
K13a2234,13,12,,,,12,unchecked,none
K13a2235,13,12,,,,12,unchecked,none
K13a2236,13,12,,,,12,unchecked,none
K13a2237,13,12,,,,12,unchecked,none
K13a2238,13,12,,,,12,unchecked,none
K13a2239,13,12,,,,12,unchecked,none
K13a224,13,12,,,,12,unchecked,none
K13a2240,13,12,,,,12,unchecked,none
K13a2241,13,12,,,,12,unchecked,none
K13a2242,13,12,,,,12,unchecked,none
K13a2243,13,12,,,,12,unchecked,none
K13a2244,13,12,,,,12,unchecked,none
K13a2245,13,12,,,,12,unchecked,none
K13a2246,13,13,,,,13,unchecked,none
K13a2247,13,13,,,,13,unchecked,none
K13a2248,13,12,,,,12,unchecked,none
K13a2249,13,12,,,,12,unchecked,none
K13a225,13,12,,,,12,unchecked,none
K13a2250,13,12,,,,12,unchecked,none
K13a2251,13,12,,,,12,unchecked,none
K13a2252,13,12,,,,12,unchecked,none
K13a2253,13,12,,,,12,unchecked,none
K13a2254,13,12,,,,12,unchecked,none
K13a2255,13,12,,,,12,unchecked,none
K13a2256,13,12,,,,12,unchecked,none
K13a2257,13,12,,,,12,unchecked,none
K13a2258,13,12,,,,12,unchecked,none
K13a2259,13,12,,,,12,unchecked,none
K13a226,13,12,,,,12,unchecked,none
K13a2260,13,12,,,,12,unchecked,none
K13a2261,13,12,,,,12,unchecked,none
K13a2262,13,12,,,,12,unchecked,none
K13a2263,13,12,,,,12,unchecked,none
K13a2264,13,12,,,,12,unchecked,none
K13a2265,13,12,,,,12,unchecked,none
K13a2266,13,12,,,,12,unchecked,none
K13a2267,13,12,,,,12,unchecked,none
K13a2268,13,12,,,,12,unchecked,none
K13a2269,13,13,,,,13,unchecked,none
K13a227,13,12,,,,12,unchecked,none
K13a2270,13,13,,,,13,unchecked,none
K13a2271,13,13,,,,13,unchecked,none
K13a2272,13,12,,,,12,unchecked,none
K13a2273,13,12,,,,12,unchecked,none
K13a2274,13,12,,,,12,unchecked,none
K13a2275,13,12,,,,12,unchecked,none
K13a2276,13,12,,,,12,unchecked,none
K13a2277,13,12,,,,12,unchecked,none
K13a2278,13,12,,,,12,unchecked,none
K13a2279,13,13,,,,13,unchecked,none
K13a228,13,12,,,,12,unchecked,none
K13a2280,13,12,,,,12,unchecked,none
K13a2281,13,12,,,,12,unchecked,none
K13a2282,13,12,,,,12,unchecked,none
K13a2283,13,12,,,,12,unchecked,none
K13a2284,13,12,,,,12,unchecked,none
K13a2285,13,13,,,,13,unchecked,none
K13a2286,13,12,,,,12,unchecked,none
K13a2287,13,12,,,,12,unchecked,none
K13a2288,13,12,,,,12,unchecked,none
K13a2289,13,13,,,,13,unchecked,none
K13a229,13,12,,,,12,unchecked,none
K13a2290,13,13,,,,13,unchecked,none
K13a2291,13,12,,,,12,unchecked,none
K13a2292,13,12,,,,12,unchecked,none
K13a2293,13,12,,,,12,unchecked,none
K13a2294,13,12,,,,12,unchecked,none
K13a2295,13,12,,,,12,unchecked,none
K13a2296,13,12,,,,12,unchecked,none
K13a2297,13,12,,,,12,unchecked,none
K13a2298,13,12,,,,12,unchecked,none
K13a2299,13,12,,,,12,unchecked,none
K13a23,13,12,,,,12,unchecked,none
K13a230,13,12,,,,12,unchecked,none
K13a2300,13,12,,,,12,unchecked,none
K13a2301,13,12,,,,12,unchecked,none
K13a2302,13,12,,,,12,unchecked,none
K13a2303,13,12,,,,12,unchecked,none
K13a2304,13,12,,,,12,unchecked,none
K13a2305,13,12,,,,12,matched,none
K13a2306,13,12,,,,12,unchecked,none
K13a2307,13,12,,,,12,unchecked,none
K13a2308,13,12,,,,12,unchecked,none
K13a2309,13,12,,,,12,unchecked,none
K13a231,13,12,,,,12,unchecked,none
K13a2310,13,12,,,,12,unchecked,none
K13a2311,13,12,,,,12,unchecked,none
K13a2312,13,12,,,,12,unchecked,none
K13a2313,13,12,,,,12,unchecked,none
K13a2314,13,12,,,,12,unchecked,none
K13a2315,13,12,,,,12,unchecked,none
K13a2316,13,12,,,,12,unchecked,none
K13a2317,13,12,,,,12,unchecked,none
K13a2318,13,12,,,,12,unchecked,none
K13a2319,13,12,,,,12,unchecked,none
K13a232,13,13,,,,13,unchecked,none
K13a2320,13,12,,,,12,unchecked,none
K13a2321,13,12,,,,12,unchecked,none
K13a2322,13,12,,,,12,unchecked,none
K13a2323,13,12,,,,12,unchecked,none
K13a2324,13,12,,,,12,unchecked,none
K13a2325,13,12,,,,12,unchecked,none
K13a2326,13,12,,,,12,unchecked,none
K13a2327,13,12,,,,12,unchecked,none
K13a2328,13,12,,,,12,unchecked,none
K13a2329,13,12,,,,12,unchecked,none
K13a233,13,12,,,,12,unchecked,none
K13a2330,13,12,,,,12,unchecked,none
K13a2331,13,12,,,,12,unchecked,none
K13a2332,13,12,,,,12,unchecked,none
K13a2333,13,12,,,,12,unchecked,none
K13a2334,13,12,,,,12,unchecked,none
K13a2335,13,12,,,,12,unchecked,none
K13a2336,13,12,,,,12,unchecked,none
K13a2337,13,12,,,,12,unchecked,none
K13a2338,13,12,,,,12,unchecked,none
K13a2339,13,12,,,,12,unchecked,none
K13a234,13,12,,,,12,unchecked,none
K13a2340,13,12,,,,12,unchecked,none
K13a2341,13,12,,,,12,unchecked,none
K13a2342,13,12,,,,12,unchecked,none
K13a2343,13,12,,,,12,unchecked,none
K13a2344,13,12,,,,12,unchecked,none
K13a2345,13,12,,,,12,unchecked,none
K13a2346,13,12,,,,12,unchecked,none
K13a2347,13,12,,,,12,unchecked,none
K13a2348,13,12,,,,12,unchecked,none
K13a2349,13,12,,,,12,unchecked,none
K13a235,13,12,,,,12,unchecked,none
K13a2350,13,12,,,,12,unchecked,none
K13a2351,13,12,,,,12,unchecked,none
K13a2352,13,12,,,,12,unchecked,none
K13a2353,13,12,,,,12,unchecked,none
K13a2354,13,12,,,,12,unchecked,none
K13a2355,13,12,,,,12,unchecked,none
K13a2356,13,12,,,,12,unchecked,none
K13a2357,13,12,,,,12,unchecked,none
K13a2358,13,12,,,,12,unchecked,none
K13a2359,13,12,,,,12,unchecked,none
K13a236,13,12,,,,12,unchecked,none
K13a2360,13,12,,,,12,unchecked,none
K13a2361,13,12,,,,12,unchecked,none
K13a2362,13,12,,,,12,unchecked,none
K13a2363,13,12,,,,12,unchecked,none
K13a2364,13,12,,,,12,unchecked,none
K13a2365,13,12,,,,12,unchecked,none
K13a2366,13,12,,,,12,unchecked,none
K13a2367,13,12,,,,12,unchecked,none
K13a2368,13,12,,,,12,unchecked,none
K13a2369,13,12,,,,12,unchecked,none
K13a237,13,13,,,,13,unchecked,none
K13a2370,13,12,,,,12,unchecked,none
K13a2371,13,12,,,,12,unchecked,none
K13a2372,13,12,,,,12,unchecked,none
K13a2373,13,12,,,,12,unchecked,none
K13a2374,13,12,,,,12,unchecked,none
K13a2375,13,12,,,,12,unchecked,none
K13a2376,13,12,,,,12,unchecked,none
K13a2377,13,12,,,,12,unchecked,none
K13a2378,13,12,,,,12,unchecked,none
K13a2379,13,12,,,,12,unchecked,none
K13a238,13,13,,,,13,matched,none
K13a2380,13,12,,,,12,unchecked,none
K13a2381,13,12,,,,12,unchecked,none
K13a2382,13,12,,,,12,unchecked,none
K13a2383,13,12,,,,12,unchecked,none
K13a2384,13,12,,,,12,unchecked,none
K13a2385,13,12,,,,12,unchecked,none
K13a2386,13,12,,,,12,unchecked,none
K13a2387,13,12,,,,12,unchecked,none
K13a2388,13,12,,,,12,unchecked,none
K13a2389,13,12,,,,12,unchecked,none
K13a239,13,12,,,,12,unchecked,none
K13a2390,13,12,,,,12,unchecked,none
K13a2391,13,12,,,,12,unchecked,none
K13a2392,13,12,,,,12,unchecked,none
K13a2393,13,12,,,,12,unchecked,none
K13a2394,13,12,,,,12,unchecked,none
K13a2395,13,12,,,,12,unchecked,none
K13a2396,13,12,,,,12,unchecked,none
K13a2397,13,12,,,,12,unchecked,none
K13a2398,13,12,,,,12,unchecked,none
K13a2399,13,12,,,,12,unchecked,none
K13a24,13,12,,,,12,unchecked,none
K13a240,13,13,,,,13,unchecked,none
K13a2400,13,12,,,,12,unchecked,none
K13a2401,13,12,,,,12,unchecked,none
K13a2402,13,12,,,,12,unchecked,none
K13a2403,13,12,,,,12,unchecked,none
K13a2404,13,12,,,,12,unchecked,none
K13a2405,13,12,,,,12,unchecked,none
K13a2406,13,12,,,,12,unchecked,none
K13a2407,13,12,,,,12,unchecked,none
K13a2408,13,12,,,,12,unchecked,none
K13a2409,13,12,,,,12,unchecked,none
K13a241,13,13,,,,13,unchecked,none
K13a2410,13,12,,,,12,unchecked,none
K13a2411,13,12,,,,12,unchecked,none
K13a2412,13,12,,,,12,unchecked,none
K13a2413,13,12,,,,12,unchecked,none
K13a2414,13,12,,,,12,unchecked,none
K13a2415,13,12,,,,12,unchecked,none
K13a2416,13,12,,,,12,unchecked,none
K13a2417,13,12,,,,12,unchecked,none
K13a2418,13,12,,,,12,unchecked,none
K13a2419,13,12,,,,12,unchecked,none
K13a242,13,12,,,,12,unchecked,none
K13a2420,13,12,,,,12,unchecked,none
K13a2421,13,12,,,,12,unchecked,none
K13a2422,13,12,,,,12,unchecked,none
K13a2423,13,12,,,,12,unchecked,none
K13a2424,13,12,,,,12,unchecked,none
K13a2425,13,12,,,,12,unchecked,none
K13a2426,13,12,,,,12,unchecked,none
K13a2427,13,13,,,,13,unchecked,none
K13a2428,13,12,,,,12,unchecked,none
K13a2429,13,12,,,,12,unchecked,none
K13a243,13,12,,,,12,unchecked,none
K13a2430,13,12,,,,12,unchecked,none
K13a2431,13,12,,,,12,unchecked,none
K13a2432,13,12,,,,12,unchecked,none
K13a2433,13,12,,,,12,unchecked,none
K13a2434,13,12,,,,12,unchecked,none
K13a2435,13,12,,,,12,unchecked,none
K13a2436,13,12,,,,12,unchecked,none
K13a2437,13,12,,,,12,unchecked,none
K13a2438,13,12,,,,12,unchecked,none
K13a2439,13,12,,,,12,unchecked,none
K13a244,13,12,,,,12,unchecked,none
K13a2440,13,12,,,,12,unchecked,none
K13a2441,13,12,,,,12,unchecked,none
K13a2442,13,12,,,,12,unchecked,none
K13a2443,13,12,,,,12,unchecked,none
K13a2444,13,12,,,,12,unchecked,none
K13a2445,13,13,,,,13,unchecked,none
K13a2446,13,12,,,,12,unchecked,none
K13a2447,13,12,,,,12,unchecked,none
K13a2448,13,12,,,,12,unchecked,none
K13a2449,13,13,,,,13,unchecked,none
K13a245,13,13,,,,13,unchecked,none
K13a2450,13,13,,,,13,unchecked,none
K13a2451,13,13,,,,13,unchecked,none
K13a2452,13,13,,,,13,unchecked,none
K13a2453,13,12,,,,12,unchecked,none
K13a2454,13,12,,,,12,unchecked,none
K13a2455,13,12,,,,12,unchecked,none
K13a2456,13,12,,,,12,unchecked,none
K13a2457,13,12,,,,12,unchecked,none
K13a2458,13,13,,,,13,unchecked,none
K13a2459,13,12,,,,12,unchecked,none
K13a246,13,13,,,,13,unchecked,none
K13a2460,13,12,,,,12,unchecked,none
K13a2461,13,12,,,,12,unchecked,none
K13a2462,13,13,,,,13,unchecked,none
K13a2463,13,13,,,,13,unchecked,none
K13a2464,13,13,,,,13,unchecked,none
K13a2465,13,13,,,,13,unchecked,none
K13a2466,13,12,,,,12,unchecked,none
K13a2467,13,12,,,,12,unchecked,none
K13a2468,13,12,,,,12,unchecked,none
K13a2469,13,12,,,,12,unchecked,none
K13a247,13,13,,,,13,unchecked,none
K13a2470,13,12,,,,12,unchecked,none
K13a2471,13,12,,,,12,unchecked,none
K13a2472,13,12,,,,12,unchecked,none
K13a2473,13,13,,,,13,unchecked,none
K13a2474,13,12,,,,12,unchecked,none
K13a2475,13,13,,,,13,unchecked,none
K13a2476,13,12,,,,12,unchecked,none
K13a2477,13,12,,,,12,unchecked,none
K13a2478,13,13,,,,13,unchecked,none
K13a2479,13,12,,,,12,unchecked,none
K13a248,13,13,,,,13,unchecked,none
K13a2480,13,12,,,,12,unchecked,none
K13a2481,13,12,,,,12,unchecked,none
K13a2482,13,12,,,,12,unchecked,none
K13a2483,13,12,,,,12,unchecked,none
K13a2484,13,12,,,,12,unchecked,none
K13a2485,13,12,,,,12,unchecked,none
K13a2486,13,12,,,,12,unchecked,none
K13a2487,13,12,,,,12,unchecked,none
K13a2488,13,12,,,,12,unchecked,none
K13a2489,13,12,,,,12,unchecked,none
K13a249,13,13,,,,13,unchecked,none
K13a2490,13,12,,,,12,unchecked,none
K13a2491,13,12,,,,12,unchecked,none
K13a2492,13,12,,,,12,unchecked,none
K13a2493,13,12,,,,12,unchecked,none
K13a2494,13,12,,,,12,unchecked,none
K13a2495,13,12,,,,12,unchecked,none
K13a2496,13,12,,,,12,unchecked,none
K13a2497,13,12,,,,12,unchecked,none
K13a2498,13,12,,,,12,unchecked,none
K13a2499,13,12,,,,12,unchecked,none
K13a25,13,13,,,,13,unchecked,none
K13a250,13,12,,,,12,unchecked,none
K13a2500,13,12,,,,12,unchecked,none
K13a2501,13,12,,,,12,unchecked,none
K13a2502,13,12,,,,12,unchecked,none
K13a2503,13,12,,,,12,unchecked,none
K13a2504,13,12,,,,12,unchecked,none
K13a2505,13,12,,,,12,unchecked,none
K13a2506,13,12,,,,12,unchecked,none
K13a2507,13,12,,,,12,unchecked,none
K13a2508,13,12,,,,12,unchecked,none
K13a2509,13,13,,,,13,unchecked,none
K13a251,13,13,,,,13,unchecked,none
K13a2510,13,12,,,,12,unchecked,none
K13a2511,13,12,,,,12,unchecked,none
K13a2512,13,12,,,,12,unchecked,none
K13a2513,13,12,,,,12,unchecked,none
K13a2514,13,12,,,,12,unchecked,none
K13a2515,13,12,,,,12,unchecked,none
K13a2516,13,12,,,,12,unchecked,none
K13a2517,13,12,,,,12,unchecked,none
K13a2518,13,12,,,,12,unchecked,none
K13a2519,13,12,,,,12,unchecked,none
K13a252,13,13,,,,13,unchecked,none
K13a2520,13,12,,,,12,unchecked,none
K13a2521,13,12,,,,12,unchecked,none
K13a2522,13,12,,,,12,unchecked,none
K13a2523,13,13,,,,13,unchecked,none
K13a2524,13,12,,,,12,unchecked,none
K13a2525,13,12,,,,12,unchecked,none
K13a2526,13,12,,,,12,unchecked,none
K13a2527,13,12,,,,12,unchecked,none
K13a2528,13,12,,,,12,unchecked,none
K13a2529,13,12,,,,12,unchecked,none
K13a253,13,12,,,,12,unchecked,none
K13a2530,13,12,,,,12,unchecked,none
K13a2531,13,12,,,,12,unchecked,none
K13a2532,13,12,,,,12,unchecked,none
K13a2533,13,12,,,,12,unchecked,none
K13a2534,13,12,,,,12,unchecked,none
K13a2535,13,12,,,,12,unchecked,none
K13a2536,13,13,,,,13,unchecked,none
K13a2537,13,12,,,,12,unchecked,none
K13a2538,13,12,,,,12,unchecked,none
K13a2539,13,13,,,,13,unchecked,none
K13a254,13,12,,,,12,unchecked,none
K13a2540,13,12,,,,12,unchecked,none
K13a2541,13,12,,,,12,unchecked,none
K13a2542,13,12,,,,12,unchecked,none
K13a2543,13,12,,,,12,unchecked,none
K13a2544,13,12,,,,12,unchecked,none
K13a2545,13,12,,,,12,unchecked,none
K13a2546,13,12,,,,12,unchecked,none
K13a2547,13,12,,,,12,unchecked,none
K13a2548,13,13,,,,13,unchecked,none
K13a2549,13,13,,,,13,unchecked,none
K13a255,13,13,,,,13,unchecked,none
K13a2550,13,13,,,,13,unchecked,none
K13a2551,13,13,,,,13,unchecked,none
K13a2552,13,12,,,,12,unchecked,none
K13a2553,13,12,,,,12,unchecked,none
K13a2554,13,12,,,,12,unchecked,none
K13a2555,13,12,,,,12,matched,none
K13a2556,13,11,,,,11,unchecked,none
K13a2557,13,12,,,,12,unchecked,none
K13a2558,13,12,,,,12,unchecked,none
K13a2559,13,13,,,,13,unchecked,none
K13a256,13,12,,,,12,unchecked,none
K13a2560,13,13,,,,13,unchecked,none
K13a2561,13,11,,,,11,unchecked,none
K13a2562,13,11,,,,11,unchecked,none
K13a2563,13,12,,,,12,unchecked,none
K13a2564,13,12,,,,12,unchecked,none
K13a2565,13,12,,,,12,unchecked,none
K13a2566,13,12,,,,12,unchecked,none
K13a2567,13,12,,,,12,unchecked,none
K13a2568,13,13,,,,13,unchecked,none
K13a2569,13,12,,,,12,unchecked,none
K13a257,13,13,,,,13,unchecked,none
K13a2570,13,12,,,,12,unchecked,none
K13a2571,13,12,,,,12,unchecked,none
K13a2572,13,12,,,,12,unchecked,none
K13a2573,13,13,,,,13,unchecked,none
K13a2574,13,13,,,,13,unchecked,none
K13a2575,13,12,,,,12,unchecked,none
K13a2576,13,12,,,,12,unchecked,none
K13a2577,13,13,,,,13,unchecked,none
K13a2578,13,12,,,,12,unchecked,none
K13a2579,13,12,,,,12,unchecked,none
K13a258,13,13,,,,13,unchecked,none
K13a2580,13,12,,,,12,unchecked,none
K13a2581,13,12,,,,12,unchecked,none
K13a2582,13,12,,,,12,unchecked,none
K13a2583,13,13,,,,13,unchecked,none
K13a2584,13,13,,,,13,unchecked,none
K13a2585,13,12,,,,12,unchecked,none
K13a2586,13,12,,,,12,unchecked,none
K13a2587,13,12,,,,12,unchecked,none
K13a2588,13,12,,,,12,unchecked,none
K13a2589,13,12,,,,12,unchecked,none
K13a259,13,13,,,,13,unchecked,none
K13a2590,13,12,,,,12,unchecked,none
K13a2591,13,12,,,,12,unchecked,none
K13a2592,13,12,,,,12,unchecked,none
K13a2593,13,12,,,,12,unchecked,none
K13a2594,13,12,,,,12,unchecked,none
K13a2595,13,12,,,,12,unchecked,none
K13a2596,13,12,,,,12,unchecked,none
K13a2597,13,12,,,,12,unchecked,none
K13a2598,13,12,,,,12,unchecked,none
K13a2599,13,12,,,,12,unchecked,none
K13a26,13,13,,,,13,unchecked,none
K13a260,13,12,,,,12,unchecked,none
K13a2600,13,13,,,,13,unchecked,none
K13a2601,13,12,,,,12,unchecked,none
K13a2602,13,12,,,,12,unchecked,none
K13a2603,13,12,,,,12,unchecked,none
K13a2604,13,12,,,,12,unchecked,none
K13a2605,13,12,,,,12,unchecked,none
K13a2606,13,12,,,,12,unchecked,none
K13a2607,13,12,,,,12,unchecked,none
K13a2608,13,12,,,,12,unchecked,none
K13a2609,13,12,,,,12,unchecked,none
K13a261,13,12,,,,12,unchecked,none
K13a2610,13,12,,,,12,unchecked,none
K13a2611,13,12,,,,12,unchecked,none
K13a2612,13,12,,,,12,unchecked,none
K13a2613,13,13,,,,13,unchecked,none
K13a2614,13,12,,,,12,unchecked,none
K13a2615,13,13,,,,13,unchecked,none
K13a2616,13,13,,,,13,unchecked,none
K13a2617,13,13,,,,13,unchecked,none
K13a2618,13,13,,,,13,unchecked,none
K13a2619,13,13,,,,13,unchecked,none
K13a262,13,12,,,,12,unchecked,none
K13a2620,13,13,,,,13,unchecked,none
K13a2621,13,12,,,,12,unchecked,none
K13a2622,13,12,,,,12,unchecked,none
K13a2623,13,12,,,,12,unchecked,none
K13a2624,13,12,,,,12,unchecked,none
K13a2625,13,12,,,,12,unchecked,none
K13a2626,13,12,,,,12,unchecked,none
K13a2627,13,12,,,,12,unchecked,none
K13a2628,13,12,,,,12,unchecked,none
K13a2629,13,12,,,,12,unchecked,none
K13a263,13,13,,,,13,unchecked,none
K13a2630,13,12,,,,12,unchecked,none
K13a2631,13,12,,,,12,unchecked,none
K13a2632,13,13,,,,13,unchecked,none
K13a2633,13,12,,,,12,unchecked,none
K13a2634,13,12,,,,12,unchecked,none
K13a2635,13,12,,,,12,unchecked,none
K13a2636,13,12,,,,12,unchecked,none
K13a2637,13,12,,,,12,unchecked,none
K13a2638,13,12,,,,12,unchecked,none
K13a2639,13,12,,,,12,unchecked,none
K13a264,13,12,,,,12,unchecked,none
K13a2640,13,12,,,,12,unchecked,none
K13a2641,13,12,,,,12,unchecked,none
K13a2642,13,12,,,,12,unchecked,none
K13a2643,13,12,,,,12,unchecked,none
K13a2644,13,12,,,,12,unchecked,none
K13a2645,13,12,,,,12,unchecked,none
K13a2646,13,12,,,,12,unchecked,none
K13a2647,13,12,,,,12,unchecked,none
K13a2648,13,12,,,,12,unchecked,none
K13a2649,13,12,,,,12,unchecked,none
K13a265,13,12,,,,12,unchecked,none
K13a2650,13,12,,,,12,unchecked,none
K13a2651,13,12,,,,12,unchecked,none
K13a2652,13,12,,,,12,unchecked,none
K13a2653,13,12,,,,12,unchecked,none
K13a2654,13,12,,,,12,unchecked,none
K13a2655,13,12,,,,12,unchecked,none
K13a2656,13,12,,,,12,unchecked,none
K13a2657,13,12,,,,12,unchecked,none
K13a2658,13,12,,,,12,unchecked,none
K13a2659,13,12,,,,12,unchecked,none
K13a266,13,12,,,,12,unchecked,none
K13a2660,13,12,,,,12,unchecked,none
K13a2661,13,12,,,,12,unchecked,none
K13a2662,13,12,,,,12,unchecked,none
K13a2663,13,13,,,,13,unchecked,none
K13a2664,13,12,,,,12,unchecked,none
K13a2665,13,12,,,,12,unchecked,none
K13a2666,13,12,,,,12,unchecked,none
K13a2667,13,12,,,,12,unchecked,none
K13a2668,13,12,,,,12,unchecked,none
K13a2669,13,12,,,,12,unchecked,none
K13a267,13,12,,,,12,unchecked,none
K13a2670,13,12,,,,12,unchecked,none
K13a2671,13,12,,,,12,unchecked,none
K13a2672,13,12,,,,12,unchecked,none
K13a2673,13,12,,,,12,unchecked,none
K13a2674,13,12,,,,12,unchecked,none
K13a2675,13,12,,,,12,unchecked,none
K13a2676,13,13,,,,13,unchecked,none
K13a2677,13,12,,,,12,unchecked,none
K13a2678,13,12,,,,12,unchecked,none
K13a2679,13,12,,,,12,unchecked,none
K13a268,13,12,,,,12,unchecked,none
K13a2680,13,12,,,,12,unchecked,none
K13a2681,13,12,,,,12,unchecked,none
K13a2682,13,12,,,,12,unchecked,none
K13a2683,13,12,,,,12,unchecked,none
K13a2684,13,12,,,,12,unchecked,none
K13a2685,13,13,,,,13,unchecked,none
K13a2686,13,13,,,,13,unchecked,none
K13a2687,13,12,,,,12,unchecked,none
K13a2688,13,12,,,,12,unchecked,none
K13a2689,13,13,,,,13,unchecked,none
K13a269,13,12,,,,12,unchecked,none
K13a2690,13,12,,,,12,unchecked,none
K13a2691,13,13,,,,13,unchecked,none
K13a2692,13,12,,,,12,unchecked,none
K13a2693,13,12,,,,12,unchecked,none
K13a2694,13,12,,,,12,unchecked,none
K13a2695,13,13,,,,13,unchecked,none
K13a2696,13,12,,,,12,unchecked,none
K13a2697,13,13,,,,13,unchecked,none
K13a2698,13,12,,,,12,unchecked,none
K13a2699,13,12,,,,12,unchecked,none
K13a27,13,12,,,,12,unchecked,none
K13a270,13,12,,,,12,unchecked,none
K13a2700,13,12,,,,12,unchecked,none
K13a2701,13,13,,,,13,unchecked,none
K13a2702,13,12,,,,12,unchecked,none
K13a2703,13,13,,,,13,unchecked,none
K13a2704,13,12,,,,12,unchecked,none
K13a2705,13,13,,,,13,unchecked,none
K13a2706,13,13,,,,13,unchecked,none
K13a2707,13,12,,,,12,unchecked,none
K13a2708,13,12,,,,12,unchecked,none
K13a2709,13,12,,,,12,unchecked,none
K13a271,13,12,,,,12,matched,none
K13a2710,13,12,,,,12,unchecked,none
K13a2711,13,12,,,,12,unchecked,none
K13a2712,13,12,,,,12,unchecked,none
K13a2713,13,12,,,,12,unchecked,none
K13a2714,13,12,,,,12,unchecked,none
K13a2715,13,12,,,,12,unchecked,none
K13a2716,13,12,,,,12,unchecked,none
K13a2717,13,12,,,,12,unchecked,none
K13a2718,13,12,,,,12,unchecked,none
K13a2719,13,12,,,,12,unchecked,none
K13a272,13,12,,,,12,unchecked,none
K13a2720,13,12,,,,12,unchecked,none
K13a2721,13,13,,,,13,unchecked,none
K13a2722,13,12,,,,12,unchecked,none
K13a2723,13,12,,,,12,unchecked,none
K13a2724,13,13,,,,13,unchecked,none
K13a2725,13,13,,,,13,unchecked,none
K13a2726,13,12,,,,12,unchecked,none
K13a2727,13,13,,,,13,unchecked,none
K13a2728,13,12,,,,12,unchecked,none
K13a2729,13,12,,,,12,unchecked,none
K13a273,13,13,,,,13,unchecked,none
K13a2730,13,12,,,,12,unchecked,none
K13a2731,13,12,,,,12,unchecked,none
K13a2732,13,12,,,,12,matched,none
K13a2733,13,12,,,,12,unchecked,none
K13a2734,13,13,,,,13,unchecked,none
K13a2735,13,13,,,,13,unchecked,none
K13a2736,13,12,,,,12,unchecked,none
K13a2737,13,12,,,,12,unchecked,none
K13a2738,13,12,,,,12,unchecked,none
K13a2739,13,12,,,,12,unchecked,none
K13a274,13,12,,,,12,unchecked,none
K13a2740,13,12,,,,12,unchecked,none
K13a2741,13,12,,,,12,unchecked,none
K13a2742,13,12,,,,12,unchecked,none
K13a2743,13,12,,,,12,unchecked,none
K13a2744,13,12,,,,12,unchecked,none
K13a2745,13,12,,,,12,unchecked,none
K13a2746,13,12,,,,12,unchecked,none
K13a2747,13,12,,,,12,unchecked,none
K13a2748,13,12,,,,12,unchecked,none
K13a2749,13,12,,,,12,unchecked,none
K13a275,13,13,,,,13,unchecked,none
K13a2750,13,12,,,,12,unchecked,none
K13a2751,13,12,,,,12,unchecked,none
K13a2752,13,12,,,,12,unchecked,none
K13a2753,13,12,,,,12,unchecked,none
K13a2754,13,12,,,,12,unchecked,none
K13a2755,13,13,,,,13,unchecked,none
K13a2756,13,13,,,,13,unchecked,none
K13a2757,13,12,,,,12,unchecked,none
K13a2758,13,13,,,,13,unchecked,none
K13a2759,13,12,,,,12,unchecked,none
K13a276,13,13,,,,13,unchecked,none
K13a2760,13,12,,,,12,unchecked,none
K13a2761,13,12,,,,12,unchecked,none
K13a2762,13,13,,,,13,unchecked,none
K13a2763,13,12,,,,12,unchecked,none
K13a2764,13,12,,,,12,unchecked,none
K13a2765,13,12,,,,12,unchecked,none
K13a2766,13,12,,,,12,unchecked,none
K13a2767,13,12,,,,12,unchecked,none
K13a2768,13,12,,,,12,unchecked,none
K13a2769,13,12,,,,12,unchecked,none
K13a277,13,12,,,,12,unchecked,none
K13a2770,13,12,,,,12,unchecked,none
K13a2771,13,12,,,,12,unchecked,none
K13a2772,13,12,,,,12,unchecked,none
K13a2773,13,12,,,,12,unchecked,none
K13a2774,13,12,,,,12,unchecked,none
K13a2775,13,12,,,,12,unchecked,none
K13a2776,13,13,,,,13,unchecked,none
K13a2777,13,12,,,,12,unchecked,none
K13a2778,13,13,,,,13,unchecked,none
K13a2779,13,12,,,,12,unchecked,none
K13a278,13,12,,,,12,unchecked,none
K13a2780,13,12,,,,12,unchecked,none
K13a2781,13,12,,,,12,unchecked,none
K13a2782,13,12,,,,12,unchecked,none
K13a2783,13,12,,,,12,unchecked,none
K13a2784,13,12,,,,12,unchecked,none
K13a2785,13,12,,,,12,unchecked,none
K13a2786,13,12,,,,12,unchecked,none
K13a2787,13,12,,,,12,unchecked,none
K13a2788,13,12,,,,12,unchecked,none
K13a2789,13,12,,,,12,unchecked,none
K13a279,13,12,,,,12,unchecked,none
K13a2790,13,12,,,,12,unchecked,none
K13a2791,13,12,,,,12,unchecked,none
K13a2792,13,12,,,,12,unchecked,none
K13a2793,13,12,,,,12,unchecked,none
K13a2794,13,12,,,,12,unchecked,none
K13a2795,13,12,,,,12,unchecked,none
K13a2796,13,12,,,,12,unchecked,none
K13a2797,13,12,,,,12,unchecked,none
K13a2798,13,12,,,,12,unchecked,none
K13a2799,13,12,,,,12,unchecked,none
K13a28,13,13,,,,13,unchecked,none
K13a280,13,12,,,,12,unchecked,none
K13a2800,13,12,,,,12,unchecked,none
K13a2801,13,12,,,,12,unchecked,none
K13a2802,13,12,,,,12,unchecked,none
K13a2803,13,12,,,,12,unchecked,none
K13a2804,13,13,,,,13,unchecked,none
K13a2805,13,12,,,,12,unchecked,none
K13a2806,13,12,,,,12,unchecked,none
K13a2807,13,12,,,,12,unchecked,none
K13a2808,13,12,,,,12,unchecked,none
K13a2809,13,12,,,,12,unchecked,none
K13a281,13,12,,,,12,unchecked,none
K13a2810,13,12,,,,12,unchecked,none
K13a2811,13,12,,,,12,unchecked,none
K13a2812,13,12,,,,12,unchecked,none
K13a2813,13,12,,,,12,unchecked,none
K13a2814,13,12,,,,12,unchecked,none
K13a2815,13,12,,,,12,unchecked,none
K13a2816,13,13,,,,13,unchecked,none
K13a2817,13,12,,,,12,unchecked,none
K13a2818,13,12,,,,12,unchecked,none
K13a2819,13,12,,,,12,unchecked,none
K13a282,13,13,,,,13,unchecked,none
K13a2820,13,12,,,,12,unchecked,none
K13a2821,13,13,,,,13,unchecked,none
K13a2822,13,13,,,,13,unchecked,none
K13a2823,13,13,,,,13,unchecked,none
K13a2824,13,12,,,,12,unchecked,none
K13a2825,13,13,,,,13,unchecked,none
K13a2826,13,12,,,,12,unchecked,none
K13a2827,13,12,,,,12,unchecked,none
K13a2828,13,12,,,,12,unchecked,none
K13a2829,13,13,,,,13,unchecked,none
K13a283,13,13,,,,13,unchecked,none
K13a2830,13,12,,,,12,unchecked,none
K13a2831,13,13,,,,13,unchecked,none
K13a2832,13,12,,,,12,unchecked,none
K13a2833,13,12,,,,12,unchecked,none
K13a2834,13,12,,,,12,unchecked,none
K13a2835,13,12,,,,12,unchecked,none
K13a2836,13,12,,,,12,unchecked,none
K13a2837,13,12,,,,12,unchecked,none
K13a2838,13,12,,,,12,unchecked,none
K13a2839,13,12,,,,12,unchecked,none
K13a284,13,13,,,,13,unchecked,none
K13a2840,13,12,,,,12,unchecked,none
K13a2841,13,12,,,,12,unchecked,none
K13a2842,13,12,,,,12,unchecked,none
K13a2843,13,12,,,,12,unchecked,none
K13a2844,13,13,,,,13,unchecked,none
K13a2845,13,12,,,,12,unchecked,none
K13a2846,13,12,,,,12,unchecked,none
K13a2847,13,12,,,,12,unchecked,none
K13a2848,13,12,,,,12,unchecked,none
K13a2849,13,12,,,,12,unchecked,none
K13a285,13,13,,,,13,unchecked,none
K13a2850,13,12,,,,12,unchecked,none
K13a2851,13,13,,,,13,unchecked,none
K13a2852,13,12,,,,12,unchecked,none
K13a2853,13,12,,,,12,unchecked,none
K13a2854,13,12,,,,12,unchecked,none
K13a2855,13,13,,,,13,unchecked,none
K13a2856,13,13,,,,13,unchecked,none
K13a2857,13,13,,,,13,unchecked,none
K13a2858,13,13,,,,13,unchecked,none
K13a2859,13,13,,,,13,unchecked,none
K13a286,13,12,,,,12,unchecked,none
K13a2860,13,12,,,,12,unchecked,none
K13a2861,13,12,,,,12,unchecked,none
K13a2862,13,12,,,,12,unchecked,none
K13a2863,13,12,,,,12,unchecked,none
K13a2864,13,12,,,,12,unchecked,none
K13a2865,13,12,,,,12,unchecked,none
K13a2866,13,12,,,,12,unchecked,none
K13a2867,13,12,,,,12,unchecked,none
K13a2868,13,12,,,,12,unchecked,none
K13a2869,13,12,,,,12,unchecked,none
K13a287,13,12,,,,12,unchecked,none
K13a2870,13,12,,,,12,unchecked,none
K13a2871,13,12,,,,12,unchecked,none
K13a2872,13,12,,,,12,unchecked,none
K13a2873,13,12,,,,12,unchecked,none
K13a2874,13,12,,,,12,unchecked,none
K13a2875,13,12,,,,12,unchecked,none
K13a2876,13,12,,,,12,unchecked,none
K13a2877,13,12,,,,12,unchecked,none
K13a2878,13,12,,,,12,unchecked,none
K13a2879,13,13,,,,13,unchecked,none
K13a288,13,12,,,,12,unchecked,none
K13a2880,13,12,,,,12,unchecked,none
K13a2881,13,12,,,,12,unchecked,none
K13a2882,13,13,,,,13,unchecked,none
K13a2883,13,12,,,,12,unchecked,none
K13a2884,13,12,,,,12,unchecked,none
K13a2885,13,12,,,,12,unchecked,none
K13a2886,13,12,,,,12,unchecked,none
K13a2887,13,12,,,,12,unchecked,none
K13a2888,13,12,,,,12,unchecked,none
K13a2889,13,12,,,,12,unchecked,none
K13a289,13,12,,,,12,unchecked,none
K13a2890,13,12,,,,12,unchecked,none
K13a2891,13,13,,,,13,unchecked,none
K13a2892,13,13,,,,13,unchecked,none
K13a2893,13,12,,,,12,unchecked,none
K13a2894,13,12,,,,12,unchecked,none
K13a2895,13,12,,,,12,unchecked,none
K13a2896,13,12,,,,12,unchecked,none
K13a2897,13,12,,,,12,unchecked,none
K13a2898,13,12,,,,12,unchecked,none
K13a2899,13,12,,,,12,unchecked,none
K13a29,13,13,,,,13,unchecked,none
K13a290,13,12,,,,12,unchecked,none
K13a2900,13,12,,,,12,unchecked,none
K13a2901,13,12,,,,12,unchecked,none
K13a2902,13,12,,,,12,unchecked,none
K13a2903,13,12,,,,12,unchecked,none
K13a2904,13,12,,,,12,unchecked,none
K13a2905,13,12,,,,12,unchecked,none
K13a2906,13,12,,,,12,unchecked,none
K13a2907,13,12,,,,12,unchecked,none
K13a2908,13,12,,,,12,unchecked,none
K13a2909,13,12,,,,12,unchecked,none
K13a291,13,12,,,,12,unchecked,none
K13a2910,13,12,,,,12,unchecked,none
K13a2911,13,12,,,,12,unchecked,none
K13a2912,13,12,,,,12,unchecked,none
K13a2913,13,12,,,,12,unchecked,none
K13a2914,13,12,,,,12,unchecked,none
K13a2915,13,12,,,,12,unchecked,none
K13a2916,13,12,,,,12,unchecked,none
K13a2917,13,12,,,,12,unchecked,none
K13a2918,13,12,,,,12,unchecked,none
K13a2919,13,12,,,,12,unchecked,none
K13a292,13,12,,,,12,unchecked,none
K13a2920,13,12,,,,12,unchecked,none
K13a2921,13,12,,,,12,unchecked,none
K13a2922,13,12,,,,12,unchecked,none
K13a2923,13,12,,,,12,unchecked,none
K13a2924,13,12,,,,12,unchecked,none
K13a2925,13,12,,,,12,unchecked,none
K13a2926,13,12,,,,12,unchecked,none
K13a2927,13,13,,,,13,unchecked,none
K13a2928,13,12,,,,12,unchecked,none
K13a2929,13,12,,,,12,unchecked,none
K13a293,13,12,,,,12,unchecked,none
K13a2930,13,12,,,,12,unchecked,none
K13a2931,13,13,,,,13,unchecked,none
K13a2932,13,12,,,,12,unchecked,none
K13a2933,13,12,,,,12,unchecked,none
K13a2934,13,12,,,,12,unchecked,none
K13a2935,13,12,,,,12,unchecked,none
K13a2936,13,13,,,,13,unchecked,none
K13a2937,13,13,,,,13,unchecked,none
K13a2938,13,12,,,,12,unchecked,none
K13a2939,13,13,,,,13,unchecked,none
K13a294,13,12,,,,12,unchecked,none
K13a2940,13,12,,,,12,unchecked,none
K13a2941,13,12,,,,12,unchecked,none
K13a2942,13,12,,,,12,unchecked,none
K13a2943,13,12,,,,12,unchecked,none
K13a2944,13,12,,,,12,unchecked,none
K13a2945,13,13,,,,13,unchecked,none
K13a2946,13,13,,,,13,unchecked,none
K13a2947,13,13,,,,13,unchecked,none
K13a2948,13,13,,,,13,unchecked,none
K13a2949,13,13,,,,13,unchecked,none
K13a295,13,12,,,,12,unchecked,none
K13a2950,13,13,,,,13,unchecked,none
K13a2951,13,12,,,,12,unchecked,none
K13a2952,13,12,,,,12,unchecked,none
K13a2953,13,12,,,,12,unchecked,none
K13a2954,13,13,,,,13,unchecked,none
K13a2955,13,12,,,,12,unchecked,none
K13a2956,13,12,,,,12,unchecked,none
K13a2957,13,12,,,,12,unchecked,none
K13a2958,13,12,,,,12,unchecked,none
K13a2959,13,12,,,,12,unchecked,none
K13a296,13,12,,,,12,unchecked,none
K13a2960,13,12,,,,12,unchecked,none
K13a2961,13,12,,,,12,unchecked,none
K13a2962,13,12,,,,12,unchecked,none
K13a2963,13,12,,,,12,unchecked,none
K13a2964,13,12,,,,12,unchecked,none
K13a2965,13,12,,,,12,unchecked,none
K13a2966,13,12,,,,12,unchecked,none
K13a2967,13,12,,,,12,unchecked,none
K13a2968,13,12,,,,12,unchecked,none
K13a2969,13,12,,,,12,unchecked,none
K13a297,13,12,,,,12,unchecked,none
K13a2970,13,12,,,,12,unchecked,none
K13a2971,13,12,,,,12,unchecked,none
K13a2972,13,12,,,,12,unchecked,none
K13a2973,13,12,,,,12,unchecked,none
K13a2974,13,12,,,,12,unchecked,none
K13a2975,13,12,,,,12,unchecked,none
K13a2976,13,12,,,,12,unchecked,none
K13a2977,13,12,,,,12,unchecked,none
K13a2978,13,12,,,,12,unchecked,none
K13a2979,13,12,,,,12,unchecked,none
K13a298,13,13,,,,13,unchecked,none
K13a2980,13,12,,,,12,unchecked,none
K13a2981,13,12,,,,12,matched,none
K13a2982,13,12,,,,12,unchecked,none
K13a2983,13,12,,,,12,unchecked,none
K13a2984,13,12,,,,12,unchecked,none
K13a2985,13,12,,,,12,unchecked,none
K13a2986,13,12,,,,12,unchecked,none
K13a2987,13,12,,,,12,unchecked,none
K13a2988,13,12,,,,12,unchecked,none
K13a2989,13,12,,,,12,unchecked,none
K13a299,13,12,,,,12,unchecked,none
K13a2990,13,12,,,,12,unchecked,none
K13a2991,13,12,,,,12,unchecked,none
K13a2992,13,12,,,,12,unchecked,none
K13a2993,13,12,,,,12,unchecked,none
K13a2994,13,12,,,,12,unchecked,none
K13a2995,13,12,,,,12,unchecked,none
K13a2996,13,12,,,,12,unchecked,none
K13a2997,13,12,,,,12,unchecked,none
K13a2998,13,12,,,,12,unchecked,none
K13a2999,13,12,,,,12,unchecked,none
K13a3,13,12,,,,12,unchecked,none
K13a30,13,12,,,,12,unchecked,none
K13a300,13,12,,,,12,unchecked,none
K13a3000,13,12,,,,12,unchecked,none
K13a3001,13,12,,,,12,unchecked,none
K13a3002,13,12,,,,12,unchecked,none
K13a3003,13,12,,,,12,unchecked,none
K13a3004,13,12,,,,12,unchecked,none
K13a3005,13,12,,,,12,unchecked,none
K13a3006,13,13,,,,13,unchecked,none
K13a3007,13,12,,,,12,unchecked,none
K13a3008,13,12,,,,12,unchecked,none
K13a3009,13,13,,,,13,unchecked,none
K13a301,13,12,,,,12,unchecked,none
K13a3010,13,13,,,,13,unchecked,none
K13a3011,13,13,,,,13,unchecked,none
K13a3012,13,13,,,,13,unchecked,none
K13a3013,13,13,,,,13,unchecked,none
K13a3014,13,13,,,,13,unchecked,none
K13a3015,13,13,,,,13,unchecked,none
K13a3016,13,12,,,,12,unchecked,none
K13a3017,13,12,,,,12,unchecked,none
K13a3018,13,12,,,,12,unchecked,none
K13a3019,13,13,,,,13,unchecked,none
K13a302,13,12,,,,12,unchecked,none
K13a3020,13,13,,,,13,unchecked,none
K13a3021,13,13,,,,13,unchecked,none
K13a3022,13,12,,,,12,unchecked,none
K13a3023,13,12,,,,12,unchecked,none
K13a3024,13,12,,,,12,unchecked,none
K13a3025,13,12,,,,12,unchecked,none
K13a3026,13,12,,,,12,unchecked,none
K13a3027,13,12,,,,12,unchecked,none
K13a3028,13,12,,,,12,unchecked,none
K13a3029,13,13,,,,13,unchecked,none
K13a303,13,12,,,,12,unchecked,none
K13a3030,13,13,,,,13,unchecked,none
K13a3031,13,13,,,,13,unchecked,none
K13a3032,13,13,,,,13,unchecked,none
K13a3033,13,13,,,,13,unchecked,none
K13a3034,13,12,,,,12,unchecked,none
K13a3035,13,13,,,,13,unchecked,none
K13a3036,13,12,,,,12,unchecked,none
K13a3037,13,12,,,,12,unchecked,none
K13a3038,13,13,,,,13,unchecked,none
K13a3039,13,12,,,,12,unchecked,none
K13a304,13,12,,,,12,unchecked,none
K13a3040,13,13,,,,13,unchecked,none
K13a3041,13,12,,,,12,unchecked,none
K13a3042,13,13,,,,13,unchecked,none
K13a3043,13,12,,,,12,unchecked,none
K13a3044,13,12,,,,12,unchecked,none
K13a3045,13,12,,,,12,unchecked,none
K13a3046,13,12,,,,12,unchecked,none
K13a3047,13,12,,,,12,unchecked,none
K13a3048,13,12,,,,12,unchecked,none
K13a3049,13,12,,,,12,unchecked,none
K13a305,13,12,,,,12,unchecked,none
K13a3050,13,12,,,,12,unchecked,none
K13a3051,13,12,,,,12,unchecked,none
K13a3052,13,12,,,,12,unchecked,none
K13a3053,13,12,,,,12,unchecked,none
K13a3054,13,12,,,,12,unchecked,none
K13a3055,13,12,,,,12,unchecked,none
K13a3056,13,12,,,,12,unchecked,none
K13a3057,13,12,,,,12,unchecked,none
K13a3058,13,12,,,,12,unchecked,none
K13a3059,13,13,,,,13,unchecked,none
K13a306,13,12,,,,12,unchecked,none
K13a3060,13,12,,,,12,unchecked,none
K13a3061,13,12,,,,12,unchecked,none
K13a3062,13,12,,,,12,unchecked,none
K13a3063,13,12,,,,12,unchecked,none
K13a3064,13,12,,,,12,matched,none
K13a3065,13,12,,,,12,unchecked,none
K13a3066,13,12,,,,12,unchecked,none
K13a3067,13,12,,,,12,unchecked,none
K13a3068,13,12,,,,12,unchecked,none
K13a3069,13,12,,,,12,unchecked,none
K13a307,13,12,,,,12,unchecked,none
K13a3070,13,12,,,,12,unchecked,none
K13a3071,13,13,,,,13,unchecked,none
K13a3072,13,12,,,,12,unchecked,none
K13a3073,13,12,,,,12,unchecked,none
K13a3074,13,12,,,,12,unchecked,none
K13a3075,13,12,,,,12,unchecked,none
K13a3076,13,12,,,,12,unchecked,none
K13a3077,13,12,,,,12,unchecked,none
K13a3078,13,12,,,,12,unchecked,none
K13a3079,13,12,,,,12,unchecked,none
K13a308,13,12,,,,12,unchecked,none
K13a3080,13,12,,,,12,unchecked,none
K13a3081,13,12,,,,12,unchecked,none
K13a3082,13,12,,,,12,unchecked,none
K13a3083,13,12,,,,12,unchecked,none
K13a3084,13,12,,,,12,unchecked,none
K13a3085,13,12,,,,12,unchecked,none
K13a3086,13,12,,,,12,unchecked,none
K13a3087,13,12,,,,12,unchecked,none
K13a3088,13,12,,,,12,unchecked,none
K13a3089,13,12,,,,12,unchecked,none
K13a309,13,12,,,,12,unchecked,none
K13a3090,13,13,,,,13,unchecked,none
K13a3091,13,12,,,,12,unchecked,none
K13a3092,13,13,,,,13,unchecked,none
K13a3093,13,13,,,,13,unchecked,none
K13a3094,13,13,,,,13,unchecked,none
K13a3095,13,13,,,,13,unchecked,none
K13a3096,13,13,,,,13,unchecked,none
K13a3097,13,13,,,,13,unchecked,none
K13a3098,13,12,,,,12,unchecked,none
K13a3099,13,13,,,,13,unchecked,none
K13a31,13,12,,,,12,unchecked,none
K13a310,13,13,,,,13,unchecked,none
K13a3100,13,12,,,,12,unchecked,none
K13a3101,13,13,,,,13,unchecked,none
K13a3102,13,13,,,,13,unchecked,none
K13a3103,13,12,,,,12,unchecked,none
K13a3104,13,13,,,,13,unchecked,none
K13a3105,13,12,,,,12,unchecked,none
K13a3106,13,12,,,,12,unchecked,none
K13a3107,13,12,,,,12,unchecked,none
K13a3108,13,12,,,,12,unchecked,none
K13a3109,13,12,,,,12,unchecked,none
K13a311,13,12,,,,12,unchecked,none
K13a3110,13,13,,,,13,unchecked,none
K13a3111,13,13,,,,13,unchecked,none
K13a3112,13,13,,,,13,unchecked,none
K13a3113,13,13,,,,13,unchecked,none
K13a3114,13,13,,,,13,unchecked,none
K13a3115,13,13,,,,13,unchecked,none
K13a3116,13,12,,,,12,unchecked,none
K13a3117,13,12,,,,12,unchecked,none
K13a3118,13,12,,,,12,unchecked,none
K13a3119,13,12,,,,12,unchecked,none
K13a312,13,12,,,,12,unchecked,none
K13a3120,13,13,,,,13,unchecked,none
K13a3121,13,13,,,,13,unchecked,none
K13a3122,13,12,,,,12,unchecked,none
K13a3123,13,13,,,,13,unchecked,none
K13a3124,13,13,,,,13,unchecked,none
K13a3125,13,12,,,,12,unchecked,none
K13a3126,13,12,,,,12,unchecked,none
K13a3127,13,12,,,,12,unchecked,none
K13a3128,13,13,,,,13,unchecked,none
K13a3129,13,12,,,,12,unchecked,none
K13a313,13,12,,,,12,unchecked,none
K13a3130,13,12,,,,12,unchecked,none
K13a3131,13,12,,,,12,unchecked,none
K13a3132,13,13,,,,13,unchecked,none
K13a3133,13,13,,,,13,unchecked,none
K13a3134,13,13,,,,13,unchecked,none
K13a3135,13,13,,,,13,unchecked,none
K13a3136,13,13,,,,13,unchecked,none
K13a3137,13,13,,,,13,unchecked,none
K13a3138,13,13,,,,13,unchecked,none
K13a3139,13,13,,,,13,unchecked,none
K13a314,13,12,,,,12,unchecked,none
K13a3140,13,13,,,,13,unchecked,none
K13a3141,13,13,,,,13,unchecked,none
K13a3142,13,13,,,,13,unchecked,none
K13a3143,13,13,,,,13,unchecked,none
K13a3144,13,11,,,,11,unchecked,none
K13a3145,13,11,,,,11,unchecked,none
K13a3146,13,12,,,,12,unchecked,none
K13a3147,13,12,,,,12,unchecked,none
K13a3148,13,12,,,,12,unchecked,none
K13a3149,13,12,,,,12,unchecked,none
K13a315,13,13,,,,13,unchecked,none
K13a3150,13,12,,,,12,unchecked,none
K13a3151,13,12,,,,12,unchecked,none
K13a3152,13,12,,,,12,unchecked,none
K13a3153,13,12,,,,12,unchecked,none
K13a3154,13,12,,,,12,unchecked,none
K13a3155,13,12,,,,12,unchecked,none
K13a3156,13,12,,,,12,unchecked,none
K13a3157,13,12,,,,12,unchecked,none
K13a3158,13,12,,,,12,unchecked,none
K13a3159,13,12,,,,12,unchecked,none
K13a316,13,12,,,,12,unchecked,none
K13a3160,13,12,,,,12,unchecked,none
K13a3161,13,13,,,,13,unchecked,none
K13a3162,13,12,,,,12,unchecked,none
K13a3163,13,12,,,,12,unchecked,none
K13a3164,13,12,,,,12,matched,none
K13a3165,13,13,,,,13,unchecked,none
K13a3166,13,13,,,,13,unchecked,none
K13a3167,13,13,,,,13,unchecked,none
K13a3168,13,13,,,,13,unchecked,none
K13a3169,13,12,,,,12,unchecked,none
K13a317,13,12,,,,12,unchecked,none
K13a3170,13,12,,,,12,unchecked,none
K13a3171,13,12,,,,12,unchecked,none
K13a3172,13,12,,,,12,unchecked,none
K13a3173,13,12,,,,12,unchecked,none
K13a3174,13,13,,,,13,unchecked,none
K13a3175,13,13,,,,13,unchecked,none
K13a3176,13,13,,,,13,unchecked,none
K13a3177,13,12,,,,12,unchecked,none
K13a3178,13,12,,,,12,unchecked,none
K13a3179,13,13,,,,13,unchecked,none
K13a318,13,13,,,,13,unchecked,none
K13a3180,13,12,,,,12,unchecked,none
K13a3181,13,12,,,,12,unchecked,none
K13a3182,13,12,,,,12,unchecked,none
K13a3183,13,12,,,,12,unchecked,none
K13a3184,13,12,,,,12,unchecked,none
K13a3185,13,12,,,,12,unchecked,none
K13a3186,13,12,,,,12,unchecked,none
K13a3187,13,12,,,,12,unchecked,none
K13a3188,13,12,,,,12,unchecked,none
K13a3189,13,12,,,,12,unchecked,none
K13a319,13,13,,,,13,unchecked,none
K13a3190,13,12,,,,12,unchecked,none
K13a3191,13,12,,,,12,unchecked,none
K13a3192,13,12,,,,12,unchecked,none
K13a3193,13,12,,,,12,unchecked,none
K13a3194,13,12,,,,12,unchecked,none
K13a3195,13,12,,,,12,unchecked,none
K13a3196,13,12,,,,12,unchecked,none
K13a3197,13,12,,,,12,unchecked,none
K13a3198,13,12,,,,12,unchecked,none
K13a3199,13,12,,,,12,unchecked,none
K13a32,13,13,,,,13,unchecked,none
K13a320,13,13,,,,13,unchecked,none
K13a3200,13,12,,,,12,unchecked,none
K13a3201,13,12,,,,12,unchecked,none
K13a3202,13,12,,,,12,unchecked,none
K13a3203,13,12,,,,12,unchecked,none
K13a3204,13,12,,,,12,unchecked,none
K13a3205,13,12,,,,12,unchecked,none
K13a3206,13,13,,,,13,unchecked,none
K13a3207,13,12,,,,12,unchecked,none
K13a3208,13,12,,,,12,unchecked,none
K13a3209,13,12,,,,12,unchecked,none
K13a321,13,12,,,,12,unchecked,none
K13a3210,13,12,,,,12,unchecked,none
K13a3211,13,13,,,,13,unchecked,none
K13a3212,13,12,,,,12,unchecked,none
K13a3213,13,12,,,,12,unchecked,none
K13a3214,13,12,,,,12,unchecked,none
K13a3215,13,12,,,,12,unchecked,none
K13a3216,13,12,,,,12,unchecked,none
K13a3217,13,12,,,,12,unchecked,none
K13a3218,13,12,,,,12,unchecked,none
K13a3219,13,12,,,,12,unchecked,none
K13a322,13,12,,,,12,unchecked,none
K13a3220,13,12,,,,12,unchecked,none
K13a3221,13,12,,,,12,unchecked,none
K13a3222,13,12,,,,12,unchecked,none
K13a3223,13,12,,,,12,unchecked,none
K13a3224,13,12,,,,12,unchecked,none
K13a3225,13,13,,,,13,unchecked,none
K13a3226,13,12,,,,12,unchecked,none
K13a3227,13,12,,,,12,unchecked,none
K13a3228,13,12,,,,12,unchecked,none
K13a3229,13,12,,,,12,unchecked,none
K13a323,13,12,,,,12,unchecked,none
K13a3230,13,12,,,,12,unchecked,none
K13a3231,13,12,,,,12,unchecked,none
K13a3232,13,12,,,,12,unchecked,none
K13a3233,13,12,,,,12,unchecked,none
K13a3234,13,12,,,,12,unchecked,none
K13a3235,13,12,,,,12,unchecked,none
K13a3236,13,12,,,,12,unchecked,none
K13a3237,13,12,,,,12,unchecked,none
K13a3238,13,13,,,,13,unchecked,none
K13a3239,13,12,,,,12,unchecked,none
K13a324,13,12,,,,12,unchecked,none
K13a3240,13,12,,,,12,unchecked,none
K13a3241,13,12,,,,12,unchecked,none
K13a3242,13,12,,,,12,unchecked,none
K13a3243,13,12,,,,12,unchecked,none
K13a3244,13,13,,,,13,unchecked,none
K13a3245,13,12,,,,12,unchecked,none
K13a3246,13,12,,,,12,unchecked,none
K13a3247,13,12,,,,12,unchecked,none
K13a3248,13,12,,,,12,unchecked,none
K13a3249,13,12,,,,12,unchecked,none
K13a325,13,12,,,,12,unchecked,none
K13a3250,13,12,,,,12,unchecked,none
K13a3251,13,12,,,,12,unchecked,none
K13a3252,13,12,,,,12,unchecked,none
K13a3253,13,12,,,,12,unchecked,none
K13a3254,13,12,,,,12,unchecked,none
K13a3255,13,13,,,,13,unchecked,none
K13a3256,13,12,,,,12,unchecked,none
K13a3257,13,13,,,,13,unchecked,none
K13a3258,13,13,,,,13,unchecked,none
K13a3259,13,12,,,,12,unchecked,none
K13a326,13,13,,,,13,unchecked,none
K13a3260,13,13,,,,13,unchecked,none
K13a3261,13,12,,,,12,unchecked,none
K13a3262,13,12,,,,12,unchecked,none
K13a3263,13,12,,,,12,unchecked,none
K13a3264,13,12,,,,12,unchecked,none
K13a3265,13,12,,,,12,unchecked,none
K13a3266,13,12,,,,12,unchecked,none
K13a3267,13,12,,,,12,unchecked,none
K13a3268,13,13,,,,13,unchecked,none
K13a3269,13,12,,,,12,unchecked,none
K13a327,13,13,,,,13,unchecked,none
K13a3270,13,13,,,,13,unchecked,none
K13a3271,13,12,,,,12,unchecked,none
K13a3272,13,12,,,,12,unchecked,none
K13a3273,13,12,,,,12,unchecked,none
K13a3274,13,12,,,,12,unchecked,none
K13a3275,13,12,,,,12,unchecked,none
K13a3276,13,12,,,,12,unchecked,none
K13a3277,13,12,,,,12,unchecked,none
K13a3278,13,12,,,,12,unchecked,none
K13a3279,13,13,,,,13,unchecked,none
K13a328,13,12,,,,12,unchecked,none
K13a3280,13,12,,,,12,unchecked,none
K13a3281,13,12,,,,12,unchecked,none
K13a3282,13,12,,,,12,unchecked,none
K13a3283,13,13,,,,13,unchecked,none
K13a3284,13,12,,,,12,unchecked,none
K13a3285,13,12,,,,12,unchecked,none
K13a3286,13,12,,,,12,unchecked,none
K13a3287,13,12,,,,12,unchecked,none
K13a3288,13,12,,,,12,unchecked,none
K13a3289,13,12,,,,12,unchecked,none
K13a329,13,13,,,,13,unchecked,none
K13a3290,13,12,,,,12,unchecked,none
K13a3291,13,12,,,,12,unchecked,none
K13a3292,13,12,,,,12,unchecked,none
K13a3293,13,12,,,,12,unchecked,none
K13a3294,13,12,,,,12,unchecked,none
K13a3295,13,12,,,,12,unchecked,none
K13a3296,13,12,,,,12,unchecked,none
K13a3297,13,12,,,,12,unchecked,none
K13a3298,13,12,,,,12,unchecked,none
K13a3299,13,12,,,,12,unchecked,none
K13a33,13,12,,,,12,unchecked,none
K13a330,13,13,,,,13,unchecked,none
K13a3300,13,12,,,,12,unchecked,none
K13a3301,13,11,,,,11,unchecked,none
K13a3302,13,12,,,,12,unchecked,none
K13a3303,13,12,,,,12,unchecked,none
K13a3304,13,12,,,,12,unchecked,none
K13a3305,13,12,,,,12,unchecked,none
K13a3306,13,12,,,,12,unchecked,none
K13a3307,13,12,,,,12,unchecked,none
K13a3308,13,12,,,,12,unchecked,none
K13a3309,13,12,,,,12,matched,none
K13a331,13,13,,,,13,unchecked,none
K13a3310,13,12,,,,12,unchecked,none
K13a3311,13,13,,,,13,unchecked,none
K13a3312,13,12,,,,12,unchecked,none
K13a3313,13,12,,,,12,unchecked,none
K13a3314,13,13,,,,13,unchecked,none
K13a3315,13,12,,,,12,unchecked,none
K13a3316,13,12,,,,12,unchecked,none
K13a3317,13,12,,,,12,unchecked,none
K13a3318,13,12,,,,12,unchecked,none
K13a3319,13,12,,,,12,unchecked,none
K13a332,13,13,,,,13,unchecked,none
K13a3320,13,12,,,,12,unchecked,none
K13a3321,13,12,,,,12,unchecked,none
K13a3322,13,12,,,,12,unchecked,none
K13a3323,13,12,,,,12,unchecked,none
K13a3324,13,12,,,,12,unchecked,none
K13a3325,13,12,,,,12,unchecked,none
K13a3326,13,13,,,,13,unchecked,none
K13a3327,13,13,,,,13,unchecked,none
K13a3328,13,12,,,,12,unchecked,none
K13a3329,13,12,,,,12,matched,none
K13a333,13,13,,,,13,unchecked,none
K13a3330,13,12,,,,12,unchecked,none
K13a3331,13,12,,,,12,unchecked,none
K13a3332,13,13,,,,13,unchecked,none
K13a3333,13,13,,,,13,unchecked,none
K13a3334,13,13,,,,13,unchecked,none
K13a3335,13,12,,,,12,unchecked,none
K13a3336,13,12,,,,12,unchecked,none
K13a3337,13,13,,,,13,unchecked,none
K13a3338,13,12,,,,12,unchecked,none
K13a3339,13,12,,,,12,unchecked,none
K13a334,13,13,,,,13,unchecked,none
K13a3340,13,12,,,,12,unchecked,none
K13a3341,13,12,,,,12,unchecked,none
K13a3342,13,13,,,,13,unchecked,none
K13a3343,13,12,,,,12,unchecked,none
K13a3344,13,13,,,,13,unchecked,none
K13a3345,13,12,,,,12,unchecked,none
K13a3346,13,12,,,,12,unchecked,none
K13a3347,13,12,,,,12,unchecked,none
K13a3348,13,12,,,,12,unchecked,none
K13a3349,13,12,,,,12,unchecked,none
K13a335,13,12,,,,12,unchecked,none
K13a3350,13,12,,,,12,unchecked,none
K13a3351,13,11,,,,11,unchecked,none
K13a3352,13,12,,,,12,unchecked,none
K13a3353,13,12,,,,12,unchecked,none
K13a3354,13,12,,,,12,unchecked,none
K13a3355,13,12,,,,12,unchecked,none
K13a3356,13,12,,,,12,unchecked,none
K13a3357,13,12,,,,12,unchecked,none
K13a3358,13,12,,,,12,unchecked,none
K13a3359,13,12,,,,12,unchecked,none
K13a336,13,12,,,,12,unchecked,none
K13a3360,13,12,,,,12,unchecked,none
K13a3361,13,12,,,,12,unchecked,none
K13a3362,13,12,,,,12,unchecked,none
K13a3363,13,12,,,,12,unchecked,none
K13a3364,13,12,,,,12,unchecked,none
K13a3365,13,12,,,,12,unchecked,none
K13a3366,13,12,,,,12,unchecked,none
K13a3367,13,12,,,,12,unchecked,none
K13a3368,13,12,,,,12,unchecked,none
K13a3369,13,12,,,,12,unchecked,none
K13a337,13,12,,,,12,unchecked,none
K13a3370,13,12,,,,12,unchecked,none
K13a3371,13,12,,,,12,unchecked,none
K13a3372,13,12,,,,12,unchecked,none
K13a3373,13,13,,,,13,unchecked,none
K13a3374,13,12,,,,12,unchecked,none
K13a3375,13,12,,,,12,unchecked,none
K13a3376,13,12,,,,12,unchecked,none
K13a3377,13,13,,,,13,unchecked,none
K13a3378,13,13,,,,13,unchecked,none
K13a3379,13,13,,,,13,unchecked,none
K13a338,13,12,,,,12,unchecked,none
K13a3380,13,13,,,,13,unchecked,none
K13a3381,13,13,,,,13,unchecked,none
K13a3382,13,12,,,,12,unchecked,none
K13a3383,13,12,,,,12,unchecked,none
K13a3384,13,12,,,,12,unchecked,none
K13a3385,13,12,,,,12,unchecked,none
K13a3386,13,12,,,,12,unchecked,none
K13a3387,13,12,,,,12,unchecked,none
K13a3388,13,12,,,,12,unchecked,none
K13a3389,13,12,,,,12,unchecked,none
K13a339,13,12,,,,12,unchecked,none
K13a3390,13,12,,,,12,unchecked,none
K13a3391,13,12,,,,12,unchecked,none
K13a3392,13,12,,,,12,unchecked,none
K13a3393,13,12,,,,12,unchecked,none
K13a3394,13,12,,,,12,unchecked,none
K13a3395,13,12,,,,12,unchecked,none
K13a3396,13,12,,,,12,unchecked,none
K13a3397,13,11,,,,11,unchecked,none
K13a3398,13,12,,,,12,unchecked,none
K13a3399,13,12,,,,12,unchecked,none
K13a34,13,13,,,,13,unchecked,none
K13a340,13,12,,,,12,unchecked,none
K13a3400,13,12,,,,12,unchecked,none
K13a3401,13,12,,,,12,unchecked,none
K13a3402,13,12,,,,12,unchecked,none
K13a3403,13,12,,,,12,unchecked,none
K13a3404,13,12,,,,12,unchecked,none
K13a3405,13,12,,,,12,unchecked,none
K13a3406,13,12,,,,12,unchecked,none
K13a3407,13,12,,,,12,unchecked,none
K13a3408,13,12,,,,12,unchecked,none
K13a3409,13,12,,,,12,unchecked,none
K13a341,13,12,,,,12,unchecked,none
K13a3410,13,12,,,,12,unchecked,none
K13a3411,13,12,,,,12,unchecked,none
K13a3412,13,12,,,,12,unchecked,none
K13a3413,13,12,,,,12,unchecked,none
K13a3414,13,12,,,,12,unchecked,none
K13a3415,13,12,,,,12,unchecked,none
K13a3416,13,12,,,,12,unchecked,none
K13a3417,13,11,,,,11,unchecked,none
K13a3418,13,11,,,,11,unchecked,none
K13a3419,13,12,,,,12,unchecked,none
K13a342,13,13,,,,13,unchecked,none
K13a3420,13,12,,,,12,unchecked,none
K13a3421,13,12,,,,12,unchecked,none
K13a3422,13,12,,,,12,unchecked,none
K13a3423,13,12,,,,12,unchecked,none
K13a3424,13,12,,,,12,unchecked,none
K13a3425,13,12,,,,12,unchecked,none
K13a3426,13,12,,,,12,unchecked,none
K13a3427,13,11,,,,11,unchecked,none
K13a3428,13,11,,,,11,unchecked,none
K13a3429,13,12,,,,12,unchecked,none
K13a343,13,13,,,,13,unchecked,none
K13a3430,13,12,,,,12,unchecked,none
K13a3431,13,12,,,,12,unchecked,none
K13a3432,13,12,,,,12,unchecked,none
K13a3433,13,12,,,,12,unchecked,none
K13a3434,13,13,,,,13,unchecked,none
K13a3435,13,12,,,,12,unchecked,none
K13a3436,13,12,,,,12,unchecked,none
K13a3437,13,12,,,,12,unchecked,none
K13a3438,13,11,,,,11,unchecked,none
K13a3439,13,12,,,,12,unchecked,none
K13a344,13,12,,,,12,unchecked,none
K13a3440,13,11,,,,11,unchecked,none
K13a3441,13,12,,,,12,unchecked,none
K13a3442,13,12,,,,12,unchecked,none
K13a3443,13,12,,,,12,unchecked,none
K13a3444,13,12,,,,12,unchecked,none
K13a3445,13,12,,,,12,unchecked,none
K13a3446,13,12,,,,12,unchecked,none
K13a3447,13,12,,,,12,unchecked,none
K13a3448,13,11,,,,11,unchecked,none
K13a3449,13,11,,,,11,unchecked,none
K13a345,13,12,,,,12,unchecked,none
K13a3450,13,12,,,,12,unchecked,none
K13a3451,13,12,,,,12,unchecked,none
K13a3452,13,12,,,,12,unchecked,none
K13a3453,13,13,,,,13,unchecked,none
K13a3454,13,13,,,,13,unchecked,none
K13a3455,13,12,,,,12,unchecked,none
K13a3456,13,12,,,,12,unchecked,none
K13a3457,13,12,,,,12,unchecked,none
K13a3458,13,12,,,,12,unchecked,none
K13a3459,13,12,,,,12,unchecked,none
K13a346,13,12,,,,12,unchecked,none
K13a3460,13,13,,,,13,unchecked,none
K13a3461,13,13,,,,13,unchecked,none
K13a3462,13,12,,,,12,unchecked,none
K13a3463,13,12,,,,12,unchecked,none
K13a3464,13,11,,,,11,unchecked,none
K13a3465,13,12,,,,12,unchecked,none
K13a3466,13,12,,,,12,unchecked,none
K13a3467,13,12,,,,12,unchecked,none
K13a3468,13,12,,,,12,unchecked,none
K13a3469,13,11,,,,11,unchecked,none
K13a347,13,12,,,,12,unchecked,none
K13a3470,13,11,,,,11,unchecked,none
K13a3471,13,11,,,,11,unchecked,none
K13a3472,13,11,,,,11,unchecked,none
K13a3473,13,12,,,,12,unchecked,none
K13a3474,13,12,,,,12,unchecked,none
K13a3475,13,12,,,,12,unchecked,none
K13a3476,13,12,,,,12,unchecked,none
K13a3477,13,11,,,,11,unchecked,none
K13a3478,13,11,,,,11,unchecked,none
K13a3479,13,12,,,,12,unchecked,none
K13a348,13,12,,,,12,unchecked,none
K13a3480,13,12,,,,12,unchecked,none
K13a3481,13,12,,,,12,unchecked,none
K13a3482,13,12,,,,12,unchecked,none
K13a3483,13,12,,,,12,unchecked,none
K13a3484,13,12,,,,12,unchecked,none
K13a3485,13,12,,,,12,unchecked,none
K13a3486,13,12,,,,12,unchecked,none
K13a3487,13,12,,,,12,unchecked,none
K13a3488,13,12,,,,12,unchecked,none
K13a3489,13,12,,,,12,unchecked,none
K13a349,13,12,,,,12,unchecked,none
K13a3490,13,12,,,,12,unchecked,none
K13a3491,13,12,,,,12,unchecked,none
K13a3492,13,12,,,,12,unchecked,none
K13a3493,13,12,,,,12,unchecked,none
K13a3494,13,12,,,,12,unchecked,none
K13a3495,13,12,,,,12,unchecked,none
K13a3496,13,12,,,,12,unchecked,none
K13a3497,13,12,,,,12,unchecked,none
K13a3498,13,13,,,,13,unchecked,none
K13a3499,13,12,,,,12,unchecked,none
K13a35,13,12,,,,12,unchecked,none
K13a350,13,13,,,,13,unchecked,none
K13a3500,13,12,,,,12,unchecked,none
K13a3501,13,12,,,,12,unchecked,none
K13a3502,13,12,,,,12,unchecked,none
K13a3503,13,12,,,,12,unchecked,none
K13a3504,13,12,,,,12,unchecked,none
K13a3505,13,12,,,,12,unchecked,none
K13a3506,13,12,,,,12,unchecked,none
K13a3507,13,12,,,,12,unchecked,none
K13a3508,13,13,,,,13,unchecked,none
K13a3509,13,12,,,,12,unchecked,none
K13a351,13,13,,,,13,unchecked,none
K13a3510,13,12,,,,12,unchecked,none
K13a3511,13,12,,,,12,unchecked,none
K13a3512,13,13,,,,13,unchecked,none
K13a3513,13,12,,,,12,unchecked,none
K13a3514,13,12,,,,12,unchecked,none
K13a3515,13,12,,,,12,unchecked,none
K13a3516,13,12,,,,12,unchecked,none
K13a3517,13,12,,,,12,unchecked,none
K13a3518,13,12,,,,12,unchecked,none
K13a3519,13,12,,,,12,unchecked,none
K13a352,13,13,,,,13,unchecked,none
K13a3520,13,12,,,,12,unchecked,none
K13a3521,13,12,,,,12,unchecked,none
K13a3522,13,12,,,,12,unchecked,none
K13a3523,13,12,,,,12,unchecked,none
K13a3524,13,12,,,,12,unchecked,none
K13a3525,13,12,,,,12,unchecked,none
K13a3526,13,12,,,,12,unchecked,none
K13a3527,13,12,,,,12,unchecked,none
K13a3528,13,12,,,,12,unchecked,none
K13a3529,13,12,,,,12,unchecked,none
K13a353,13,13,,,,13,unchecked,none
K13a3530,13,12,,,,12,unchecked,none
K13a3531,13,12,,,,12,unchecked,none
K13a3532,13,12,,,,12,unchecked,none
K13a3533,13,12,,,,12,unchecked,none
K13a3534,13,12,,,,12,unchecked,none
K13a3535,13,12,,,,12,unchecked,none
K13a3536,13,12,,,,12,unchecked,none
K13a3537,13,12,,,,12,unchecked,none
K13a3538,13,12,,,,12,unchecked,none
K13a3539,13,12,,,,12,unchecked,none
K13a354,13,13,,,,13,unchecked,none
K13a3540,13,12,,,,12,unchecked,none
K13a3541,13,12,,,,12,unchecked,none
K13a3542,13,12,,,,12,unchecked,none
K13a3543,13,12,,,,12,unchecked,none
K13a3544,13,12,,,,12,unchecked,none
K13a3545,13,12,,,,12,unchecked,none
K13a3546,13,12,,,,12,unchecked,none
K13a3547,13,12,,,,12,unchecked,none
K13a3548,13,12,,,,12,unchecked,none
K13a3549,13,12,,,,12,unchecked,none
K13a355,13,12,,,,12,unchecked,none
K13a3550,13,12,,,,12,unchecked,none
K13a3551,13,12,,,,12,unchecked,none
K13a3552,13,12,,,,12,unchecked,none
K13a3553,13,12,,,,12,unchecked,none
K13a3554,13,12,,,,12,unchecked,none
K13a3555,13,12,,,,12,unchecked,none
K13a3556,13,12,,,,12,unchecked,none
K13a3557,13,12,,,,12,unchecked,none
K13a3558,13,12,,,,12,unchecked,none
K13a3559,13,12,,,,12,unchecked,none
K13a356,13,13,,,,13,unchecked,none
K13a3560,13,12,,,,12,unchecked,none
K13a3561,13,12,,,,12,unchecked,none
K13a3562,13,12,,,,12,unchecked,none
K13a3563,13,12,,,,12,unchecked,none
K13a3564,13,12,,,,12,unchecked,none
K13a3565,13,12,,,,12,unchecked,none
K13a3566,13,12,,,,12,unchecked,none
K13a3567,13,12,,,,12,unchecked,none
K13a3568,13,12,,,,12,unchecked,none
K13a3569,13,12,,,,12,unchecked,none
K13a357,13,12,,,,12,unchecked,none
K13a3570,13,12,,,,12,unchecked,none
K13a3571,13,12,,,,12,unchecked,none
K13a3572,13,12,,,,12,unchecked,none
K13a3573,13,12,,,,12,unchecked,none
K13a3574,13,12,,,,12,unchecked,none
K13a3575,13,13,,,,13,unchecked,none
K13a3576,13,12,,,,12,unchecked,none
K13a3577,13,12,,,,12,unchecked,none
K13a3578,13,12,,,,12,unchecked,none
K13a3579,13,13,,,,13,unchecked,none
K13a358,13,13,,,,13,unchecked,none
K13a3580,13,12,,,,12,unchecked,none
K13a3581,13,12,,,,12,unchecked,none
K13a3582,13,11,,,,11,unchecked,none
K13a3583,13,12,,,,12,unchecked,none
K13a3584,13,11,,,,11,unchecked,none
K13a3585,13,12,,,,12,unchecked,none
K13a3586,13,11,,,,11,unchecked,none
K13a3587,13,13,,,,13,unchecked,none
K13a3588,13,13,,,,13,unchecked,none
K13a3589,13,12,,,,12,unchecked,none
K13a359,13,12,,,,12,unchecked,none
K13a3590,13,12,,,,12,unchecked,none
K13a3591,13,12,,,,12,unchecked,none
K13a3592,13,12,,,,12,unchecked,none
K13a3593,13,13,,,,13,unchecked,none
K13a3594,13,12,,,,12,unchecked,none
K13a3595,13,12,,,,12,unchecked,none
K13a3596,13,12,,,,12,unchecked,none
K13a3597,13,12,,,,12,unchecked,none
K13a3598,13,12,,,,12,unchecked,none
K13a3599,13,12,,,,12,unchecked,none
K13a36,13,12,,,,12,unchecked,none
K13a360,13,13,,,,13,unchecked,none
K13a3600,13,12,,,,12,unchecked,none
K13a3601,13,12,,,,12,unchecked,none
K13a3602,13,12,,,,12,unchecked,none
K13a3603,13,12,,,,12,unchecked,none
K13a3604,13,13,,,,13,unchecked,none
K13a3605,13,12,,,,12,unchecked,none
K13a3606,13,12,,,,12,unchecked,none
K13a3607,13,12,,,,12,unchecked,none
K13a3608,13,12,,,,12,unchecked,none
K13a3609,13,12,,,,12,unchecked,none
K13a361,13,12,,,,12,unchecked,none
K13a3610,13,12,,,,12,unchecked,none
K13a3611,13,12,,,,12,unchecked,none
K13a3612,13,12,,,,12,unchecked,none
K13a3613,13,12,,,,12,unchecked,none
K13a3614,13,12,,,,12,unchecked,none
K13a3615,13,12,,,,12,unchecked,none
K13a3616,13,12,,,,12,unchecked,none
K13a3617,13,12,,,,12,unchecked,none
K13a3618,13,12,,,,12,unchecked,none
K13a3619,13,12,,,,12,unchecked,none
K13a362,13,12,,,,12,unchecked,none
K13a3620,13,12,,,,12,unchecked,none
K13a3621,13,12,,,,12,unchecked,none
K13a3622,13,12,,,,12,unchecked,none
K13a3623,13,12,,,,12,unchecked,none
K13a3624,13,12,,,,12,unchecked,none
K13a3625,13,12,,,,12,unchecked,none
K13a3626,13,12,,,,12,unchecked,none
K13a3627,13,12,,,,12,unchecked,none
K13a3628,13,11,,,,11,unchecked,none
K13a3629,13,11,,,,11,unchecked,none
K13a363,13,12,,,,12,unchecked,none
K13a3630,13,12,,,,12,unchecked,none
K13a3631,13,12,,,,12,unchecked,none
K13a3632,13,12,,,,12,unchecked,none
K13a3633,13,12,,,,12,unchecked,none
K13a3634,13,12,,,,12,unchecked,none
K13a3635,13,12,,,,12,unchecked,none
K13a3636,13,12,,,,12,unchecked,none
K13a3637,13,12,,,,12,unchecked,none
K13a3638,13,12,,,,12,unchecked,none
K13a3639,13,12,,,,12,unchecked,none
K13a364,13,12,,,,12,unchecked,none
K13a3640,13,12,,,,12,unchecked,none
K13a3641,13,12,,,,12,unchecked,none
K13a3642,13,12,,,,12,unchecked,none
K13a3643,13,12,,,,12,unchecked,none
K13a3644,13,12,,,,12,unchecked,none
K13a3645,13,12,,,,12,unchecked,none
K13a3646,13,12,,,,12,unchecked,none
K13a3647,13,12,,,,12,unchecked,none
K13a3648,13,12,,,,12,unchecked,none
K13a3649,13,12,,,,12,unchecked,none
K13a365,13,12,,,,12,unchecked,none
K13a3650,13,12,,,,12,unchecked,none
K13a3651,13,12,,,,12,unchecked,none
K13a3652,13,12,,,,12,unchecked,none
K13a3653,13,12,,,,12,unchecked,none
K13a3654,13,12,,,,12,unchecked,none
K13a3655,13,12,,,,12,unchecked,none
K13a3656,13,12,,,,12,unchecked,none
K13a3657,13,12,,,,12,unchecked,none
K13a3658,13,12,,,,12,unchecked,none
K13a3659,13,12,,,,12,unchecked,none
K13a366,13,12,,,,12,unchecked,none
K13a3660,13,12,,,,12,unchecked,none
K13a3661,13,12,,,,12,unchecked,none
K13a3662,13,12,,,,12,unchecked,none
K13a3663,13,12,,,,12,unchecked,none
K13a3664,13,12,,,,12,unchecked,none
K13a3665,13,12,,,,12,unchecked,none
K13a3666,13,12,,,,12,unchecked,none
K13a3667,13,12,,,,12,unchecked,none
K13a3668,13,11,,,,11,unchecked,none
K13a3669,13,11,,,,11,unchecked,none
K13a367,13,13,,,,13,unchecked,none
K13a3670,13,12,,,,12,unchecked,none
K13a3671,13,12,,,,12,unchecked,none
K13a3672,13,12,,,,12,unchecked,none
K13a3673,13,12,,,,12,unchecked,none
K13a3674,13,12,,,,12,unchecked,none
K13a3675,13,12,,,,12,unchecked,none
K13a3676,13,12,,,,12,unchecked,none
K13a3677,13,12,,,,12,unchecked,none
K13a3678,13,12,,,,12,unchecked,none
K13a3679,13,12,,,,12,unchecked,none
K13a368,13,13,,,,13,unchecked,none
K13a3680,13,12,,,,12,unchecked,none
K13a3681,13,12,,,,12,unchecked,none
K13a3682,13,12,,,,12,unchecked,none
K13a3683,13,12,,,,12,unchecked,none
K13a3684,13,12,,,,12,unchecked,none
K13a3685,13,12,,,,12,unchecked,none
K13a3686,13,12,,,,12,unchecked,none
K13a3687,13,12,,,,12,unchecked,none
K13a3688,13,12,,,,12,unchecked,none
K13a3689,13,12,,,,12,unchecked,none
K13a369,13,12,,,,12,unchecked,none
K13a3690,13,12,,,,12,unchecked,none
K13a3691,13,12,,,,12,unchecked,none
K13a3692,13,12,,,,12,unchecked,none
K13a3693,13,12,,,,12,unchecked,none
K13a3694,13,12,,,,12,unchecked,none
K13a3695,13,12,,,,12,unchecked,none
K13a3696,13,12,,,,12,unchecked,none
K13a3697,13,12,,,,12,unchecked,none
K13a3698,13,12,,,,12,unchecked,none
K13a3699,13,12,,,,12,unchecked,none
K13a37,13,12,,,,12,unchecked,none
K13a370,13,12,,,,12,unchecked,none
K13a3700,13,12,,,,12,unchecked,none
K13a3701,13,12,,,,12,unchecked,none
K13a3702,13,12,,,,12,unchecked,none
K13a3703,13,12,,,,12,unchecked,none
K13a3704,13,12,,,,12,unchecked,none
K13a3705,13,12,,,,12,unchecked,none
K13a3706,13,12,,,,12,unchecked,none
K13a3707,13,12,,,,12,unchecked,none
K13a3708,13,12,,,,12,unchecked,none
K13a3709,13,12,,,,12,unchecked,none
K13a371,13,13,,,,13,unchecked,none
K13a3710,13,12,,,,12,unchecked,none
K13a3711,13,12,,,,12,unchecked,none
K13a3712,13,12,,,,12,unchecked,none
K13a3713,13,12,,,,12,unchecked,none
K13a3714,13,12,,,,12,unchecked,none
K13a3715,13,12,,,,12,unchecked,none
K13a3716,13,12,,,,12,unchecked,none
K13a3717,13,12,,,,12,unchecked,none
K13a3718,13,12,,,,12,unchecked,none
K13a3719,13,12,,,,12,unchecked,none
K13a372,13,12,,,,12,unchecked,none
K13a3720,13,12,,,,12,unchecked,none
K13a3721,13,12,,,,12,unchecked,none
K13a3722,13,12,,,,12,unchecked,none
K13a3723,13,12,,,,12,unchecked,none
K13a3724,13,12,,,,12,unchecked,none
K13a3725,13,12,,,,12,unchecked,none
K13a3726,13,12,,,,12,unchecked,none
K13a3727,13,11,,,,11,unchecked,none
K13a3728,13,13,,,,13,unchecked,none
K13a3729,13,12,,,,12,unchecked,none
K13a373,13,11,,,,11,unchecked,none
K13a3730,13,12,,,,12,unchecked,none
K13a3731,13,12,,,,12,unchecked,none
K13a3732,13,12,,,,12,unchecked,none
K13a3733,13,12,,,,12,unchecked,none
K13a3734,13,12,,,,12,unchecked,none
K13a3735,13,12,,,,12,unchecked,none
K13a3736,13,12,,,,12,unchecked,none
K13a3737,13,11,,,,11,unchecked,none
K13a3738,13,11,,,,11,unchecked,none
K13a3739,13,11,,,,11,unchecked,none
K13a374,13,12,,,,12,unchecked,none
K13a3740,13,12,,,,12,unchecked,none
K13a3741,13,12,,,,12,unchecked,none
K13a3742,13,12,,,,12,unchecked,none
K13a3743,13,12,,,,12,unchecked,none
K13a3744,13,12,,,,12,unchecked,none
K13a3745,13,12,,,,12,unchecked,none
K13a3746,13,12,,,,12,unchecked,none
K13a3747,13,12,,,,12,unchecked,none
K13a3748,13,12,,,,12,unchecked,none
K13a3749,13,12,,,,12,unchecked,none
K13a375,13,12,,,,12,unchecked,none
K13a3750,13,12,,,,12,unchecked,none
K13a3751,13,12,,,,12,unchecked,none
K13a3752,13,12,,,,12,unchecked,none
K13a3753,13,12,,,,12,unchecked,none
K13a3754,13,12,,,,12,unchecked,none
K13a3755,13,12,,,,12,unchecked,none
K13a3756,13,12,,,,12,unchecked,none
K13a3757,13,11,,,,11,unchecked,none
K13a3758,13,12,,,,12,unchecked,none
K13a3759,13,12,,,,12,unchecked,none
K13a376,13,12,,,,12,unchecked,none
K13a3760,13,12,,,,12,unchecked,none
K13a3761,13,12,,,,12,unchecked,none
K13a3762,13,12,,,,12,unchecked,none
K13a3763,13,11,,,,11,unchecked,none
K13a3764,13,11,,,,11,unchecked,none
K13a3765,13,12,,,,12,unchecked,none
K13a3766,13,12,,,,12,unchecked,none
K13a3767,13,12,,,,12,unchecked,none
K13a3768,13,12,,,,12,unchecked,none
K13a3769,13,11,,,,11,unchecked,none
K13a377,13,12,,,,12,unchecked,none
K13a3770,13,11,,,,11,unchecked,none
K13a3771,13,12,,,,12,unchecked,none
K13a3772,13,12,,,,12,unchecked,none
K13a3773,13,12,,,,12,unchecked,none
K13a3774,13,12,,,,12,unchecked,none
K13a3775,13,12,,,,12,unchecked,none
K13a3776,13,12,,,,12,unchecked,none
K13a3777,13,12,,,,12,unchecked,none
K13a3778,13,12,,,,12,unchecked,none
K13a3779,13,12,,,,12,unchecked,none
K13a378,13,13,,,,13,unchecked,none
K13a3780,13,12,,,,12,unchecked,none
K13a3781,13,13,,,,13,unchecked,none
K13a3782,13,12,,,,12,unchecked,none
K13a3783,13,12,,,,12,unchecked,none
K13a3784,13,13,,,,13,unchecked,none
K13a3785,13,12,,,,12,unchecked,none
K13a3786,13,12,,,,12,unchecked,none
K13a3787,13,12,,,,12,unchecked,none
K13a3788,13,12,,,,12,unchecked,none
K13a3789,13,12,,,,12,unchecked,none
K13a379,13,13,,,,13,unchecked,none
K13a3790,13,12,,,,12,unchecked,none
K13a3791,13,12,,,,12,unchecked,none
K13a3792,13,12,,,,12,unchecked,none
K13a3793,13,12,,,,12,unchecked,none
K13a3794,13,12,,,,12,unchecked,none
K13a3795,13,12,,,,12,unchecked,none
K13a3796,13,12,,,,12,unchecked,none
K13a3797,13,12,,,,12,unchecked,none
K13a3798,13,12,,,,12,unchecked,none
K13a3799,13,12,,,,12,unchecked,none
K13a38,13,12,,,,12,unchecked,none
K13a380,13,13,,,,13,unchecked,none
K13a3800,13,12,,,,12,unchecked,none
K13a3801,13,12,,,,12,unchecked,none
K13a3802,13,12,,,,12,unchecked,none
K13a3803,13,12,,,,12,unchecked,none
K13a3804,13,11,,,,11,unchecked,none
K13a3805,13,12,,,,12,unchecked,none
K13a3806,13,12,,,,12,unchecked,none
K13a3807,13,12,,,,12,unchecked,none
K13a3808,13,12,,,,12,unchecked,none
K13a3809,13,12,,,,12,unchecked,none
K13a381,13,12,,,,12,unchecked,none
K13a3810,13,12,,,,12,unchecked,none
K13a3811,13,12,,,,12,unchecked,none
K13a3812,13,12,,,,12,unchecked,none
K13a3813,13,13,,,,13,unchecked,none
K13a3814,13,13,,,,13,unchecked,none
K13a3815,13,12,,,,12,unchecked,none
K13a3816,13,12,,,,12,unchecked,none
K13a3817,13,12,,,,12,unchecked,none
K13a3818,13,12,,,,12,unchecked,none
K13a3819,13,12,,,,12,unchecked,none
K13a382,13,13,,,,13,unchecked,none
K13a3820,13,12,,,,12,unchecked,none
K13a3821,13,12,,,,12,unchecked,none
K13a3822,13,12,,,,12,unchecked,none
K13a3823,13,12,,,,12,unchecked,none
K13a3824,13,12,,,,12,unchecked,none
K13a3825,13,12,,,,12,unchecked,none
K13a3826,13,12,,,,12,unchecked,none
K13a3827,13,12,,,,12,unchecked,none
K13a3828,13,12,,,,12,unchecked,none
K13a3829,13,12,,,,12,unchecked,none
K13a383,13,13,,,,13,unchecked,none
K13a3830,13,12,,,,12,unchecked,none
K13a3831,13,12,,,,12,unchecked,none
K13a3832,13,12,,,,12,unchecked,none
K13a3833,13,12,,,,12,unchecked,none
K13a3834,13,12,,,,12,unchecked,none
K13a3835,13,12,,,,12,unchecked,none
K13a3836,13,12,,,,12,unchecked,none
K13a3837,13,12,,,,12,unchecked,none
K13a3838,13,12,,,,12,unchecked,none
K13a3839,13,12,,,,12,unchecked,none
K13a384,13,12,,,,12,unchecked,none
K13a3840,13,12,,,,12,unchecked,none
K13a3841,13,12,,,,12,unchecked,none
K13a3842,13,12,,,,12,unchecked,none
K13a3843,13,12,,,,12,unchecked,none
K13a3844,13,12,,,,12,unchecked,none
K13a3845,13,12,,,,12,unchecked,none
K13a3846,13,12,,,,12,unchecked,none
K13a3847,13,12,,,,12,unchecked,none
K13a3848,13,12,,,,12,unchecked,none
K13a3849,13,12,,,,12,unchecked,none
K13a385,13,12,,,,12,unchecked,none
K13a3850,13,12,,,,12,unchecked,none
K13a3851,13,12,,,,12,unchecked,none
K13a3852,13,13,,,,13,unchecked,none
K13a3853,13,12,,,,12,unchecked,none
K13a3854,13,12,,,,12,unchecked,none
K13a3855,13,12,,,,12,unchecked,none
K13a3856,13,12,,,,12,unchecked,none
K13a3857,13,12,,,,12,unchecked,none
K13a3858,13,12,,,,12,unchecked,none
K13a3859,13,12,,,,12,unchecked,none
K13a386,13,12,,,,12,unchecked,none
K13a3860,13,12,,,,12,unchecked,none
K13a3861,13,12,,,,12,unchecked,none
K13a3862,13,12,,,,12,unchecked,none
K13a3863,13,12,,,,12,unchecked,none
K13a3864,13,12,,,,12,unchecked,none
K13a3865,13,12,,,,12,unchecked,none
K13a3866,13,12,,,,12,unchecked,none
K13a3867,13,12,,,,12,unchecked,none
K13a3868,13,12,,,,12,unchecked,none
K13a3869,13,12,,,,12,unchecked,none
K13a387,13,12,,,,12,unchecked,none
K13a3870,13,12,,,,12,unchecked,none
K13a3871,13,12,,,,12,unchecked,none
K13a3872,13,12,,,,12,unchecked,none
K13a3873,13,12,,,,12,unchecked,none
K13a3874,13,12,,,,12,unchecked,none
K13a3875,13,12,,,,12,unchecked,none
K13a3876,13,12,,,,12,unchecked,none
K13a3877,13,12,,,,12,unchecked,none
K13a3878,13,12,,,,12,unchecked,none
K13a3879,13,12,,,,12,unchecked,none
K13a388,13,12,,,,12,unchecked,none
K13a3880,13,12,,,,12,unchecked,none
K13a3881,13,13,,,,13,unchecked,none
K13a3882,13,12,,,,12,unchecked,none
K13a3883,13,12,,,,12,unchecked,none
K13a3884,13,12,,,,12,unchecked,none
K13a3885,13,12,,,,12,unchecked,none
K13a3886,13,12,,,,12,unchecked,none
K13a3887,13,12,,,,12,unchecked,none
K13a3888,13,12,,,,12,unchecked,none
K13a3889,13,12,,,,12,unchecked,none
K13a389,13,12,,,,12,unchecked,none
K13a3890,13,12,,,,12,unchecked,none
K13a3891,13,12,,,,12,unchecked,none
K13a3892,13,12,,,,12,unchecked,none
K13a3893,13,12,,,,12,unchecked,none
K13a3894,13,12,,,,12,unchecked,none
K13a3895,13,12,,,,12,unchecked,none
K13a3896,13,12,,,,12,unchecked,none
K13a3897,13,12,,,,12,unchecked,none
K13a3898,13,12,,,,12,unchecked,none
K13a3899,13,12,,,,12,unchecked,none
K13a39,13,12,,,,12,unchecked,none
K13a390,13,13,,,,13,unchecked,none
K13a3900,13,13,,,,13,unchecked,none
K13a3901,13,13,,,,13,unchecked,none
K13a3902,13,13,,,,13,unchecked,none
K13a3903,13,12,,,,12,unchecked,none
K13a3904,13,12,,,,12,unchecked,none
K13a3905,13,12,,,,12,unchecked,none
K13a3906,13,12,,,,12,unchecked,none
K13a3907,13,12,,,,12,unchecked,none
K13a3908,13,12,,,,12,unchecked,none
K13a3909,13,11,,,,11,unchecked,none
K13a391,13,12,,,,12,unchecked,none
K13a3910,13,11,,,,11,unchecked,none
K13a3911,13,12,,,,12,unchecked,none
K13a3912,13,12,,,,12,unchecked,none
K13a3913,13,12,,,,12,unchecked,none
K13a3914,13,12,,,,12,unchecked,none
K13a3915,13,13,,,,13,unchecked,none
K13a3916,13,12,,,,12,unchecked,none
K13a3917,13,12,,,,12,unchecked,none
K13a3918,13,12,,,,12,unchecked,none
K13a3919,13,12,,,,12,unchecked,none
K13a392,13,12,,,,12,unchecked,none
K13a3920,13,12,,,,12,unchecked,none
K13a3921,13,11,,,,11,unchecked,none
K13a3922,13,12,,,,12,unchecked,none
K13a3923,13,12,,,,12,unchecked,none
K13a3924,13,12,,,,12,unchecked,none
K13a3925,13,12,,,,12,unchecked,none
K13a3926,13,12,,,,12,unchecked,none
K13a3927,13,12,,,,12,unchecked,none
K13a3928,13,12,,,,12,unchecked,none
K13a3929,13,12,,,,12,unchecked,none
K13a393,13,12,,,,12,unchecked,none
K13a3930,13,12,,,,12,unchecked,none
K13a3931,13,12,,,,12,unchecked,none
K13a3932,13,12,,,,12,unchecked,none
K13a3933,13,12,,,,12,unchecked,none
K13a3934,13,12,,,,12,unchecked,none
K13a3935,13,12,,,,12,unchecked,none
K13a3936,13,12,,,,12,unchecked,none
K13a3937,13,12,,,,12,unchecked,none
K13a3938,13,12,,,,12,unchecked,none
K13a3939,13,12,,,,12,unchecked,none
K13a394,13,12,,,,12,unchecked,none
K13a3940,13,12,,,,12,unchecked,none
K13a3941,13,12,,,,12,unchecked,none
K13a3942,13,12,,,,12,unchecked,none
K13a3943,13,12,,,,12,unchecked,none
K13a3944,13,12,,,,12,unchecked,none
K13a3945,13,12,,,,12,unchecked,none
K13a3946,13,12,,,,12,unchecked,none
K13a3947,13,12,,,,12,unchecked,none
K13a3948,13,12,,,,12,unchecked,none
K13a3949,13,12,,,,12,unchecked,none
K13a395,13,12,,,,12,unchecked,none
K13a3950,13,12,,,,12,unchecked,none
K13a3951,13,12,,,,12,unchecked,none
K13a3952,13,12,,,,12,unchecked,none
K13a3953,13,12,,,,12,unchecked,none
K13a3954,13,12,,,,12,unchecked,none
K13a3955,13,12,,,,12,unchecked,none
K13a3956,13,12,,,,12,unchecked,none
K13a3957,13,12,,,,12,unchecked,none
K13a3958,13,12,,,,12,unchecked,none
K13a3959,13,12,,,,12,unchecked,none
K13a396,13,13,,,,13,unchecked,none
K13a3960,13,12,,,,12,unchecked,none
K13a3961,13,12,,,,12,unchecked,none
K13a3962,13,12,,,,12,unchecked,none
K13a3963,13,12,,,,12,unchecked,none
K13a3964,13,12,,,,12,unchecked,none
K13a3965,13,12,,,,12,unchecked,none
K13a3966,13,12,,,,12,unchecked,none
K13a3967,13,13,,,,13,unchecked,none
K13a3968,13,12,,,,12,matched,none
K13a3969,13,12,,,,12,unchecked,none
K13a397,13,12,,,,12,unchecked,none
K13a3970,13,12,,,,12,unchecked,none
K13a3971,13,12,,,,12,unchecked,none
K13a3972,13,12,,,,12,unchecked,none
K13a3973,13,12,,,,12,unchecked,none
K13a3974,13,12,,,,12,unchecked,none
K13a3975,13,12,,,,12,unchecked,none
K13a3976,13,13,,,,13,unchecked,none
K13a3977,13,12,,,,12,unchecked,none
K13a3978,13,12,,,,12,unchecked,none
K13a3979,13,12,,,,12,unchecked,none
K13a398,13,12,,,,12,unchecked,none
K13a3980,13,12,,,,12,unchecked,none
K13a3981,13,12,,,,12,unchecked,none
K13a3982,13,12,,,,12,unchecked,none
K13a3983,13,12,,,,12,unchecked,none
K13a3984,13,12,,,,12,unchecked,none
K13a3985,13,12,,,,12,unchecked,none
K13a3986,13,12,,,,12,unchecked,none
K13a3987,13,12,,,,12,unchecked,none
K13a3988,13,12,,,,12,unchecked,none
K13a3989,13,12,,,,12,unchecked,none
K13a399,13,13,,,,13,unchecked,none
K13a3990,13,12,,,,12,unchecked,none
K13a3991,13,12,,,,12,unchecked,none
K13a3992,13,12,,,,12,unchecked,none
K13a3993,13,12,,,,12,unchecked,none
K13a3994,13,12,,,,12,unchecked,none
K13a3995,13,11,,,,11,unchecked,none
K13a3996,13,12,,,,12,unchecked,none
K13a3997,13,12,,,,12,unchecked,none
K13a3998,13,12,,,,12,unchecked,none
K13a3999,13,12,,,,12,unchecked,none
K13a4,13,12,,,,12,unchecked,none
K13a40,13,12,,,,12,unchecked,none
K13a400,13,13,,,,13,unchecked,none
K13a4000,13,12,,,,12,unchecked,none
K13a4001,13,12,,,,12,unchecked,none
K13a4002,13,12,,,,12,unchecked,none
K13a4003,13,12,,,,12,unchecked,none
K13a4004,13,12,,,,12,unchecked,none
K13a4005,13,12,,,,12,unchecked,none
K13a4006,13,12,,,,12,unchecked,none
K13a4007,13,12,,,,12,unchecked,none
K13a4008,13,12,,,,12,unchecked,none
K13a4009,13,11,,,,11,unchecked,none
K13a401,13,12,,,,12,unchecked,none
K13a4010,13,12,,,,12,unchecked,none
K13a4011,13,12,,,,12,unchecked,none
K13a4012,13,12,,,,12,unchecked,none
K13a4013,13,12,,,,12,unchecked,none
K13a4014,13,12,,,,12,unchecked,none
K13a4015,13,12,,,,12,unchecked,none
K13a4016,13,12,,,,12,unchecked,none
K13a4017,13,12,,,,12,unchecked,none
K13a4018,13,12,,,,12,unchecked,none
K13a4019,13,12,,,,12,unchecked,none
K13a402,13,13,,,,13,unchecked,none
K13a4020,13,12,,,,12,unchecked,none
K13a4021,13,12,,,,12,unchecked,none
K13a4022,13,12,,,,12,unchecked,none
K13a4023,13,12,,,,12,unchecked,none
K13a4024,13,12,,,,12,unchecked,none
K13a4025,13,12,,,,12,unchecked,none
K13a4026,13,12,,,,12,unchecked,none
K13a4027,13,12,,,,12,unchecked,none
K13a4028,13,12,,,,12,unchecked,none
K13a4029,13,12,,,,12,unchecked,none
K13a403,13,13,,,,13,unchecked,none
K13a4030,13,12,,,,12,unchecked,none
K13a4031,13,12,,,,12,unchecked,none
K13a4032,13,12,,,,12,unchecked,none
K13a4033,13,12,,,,12,unchecked,none
K13a4034,13,12,,,,12,unchecked,none
K13a4035,13,12,,,,12,unchecked,none
K13a4036,13,12,,,,12,unchecked,none
K13a4037,13,12,,,,12,unchecked,none
K13a4038,13,12,,,,12,unchecked,none
K13a4039,13,12,,,,12,unchecked,none
K13a404,13,12,,,,12,unchecked,none
K13a4040,13,12,,,,12,unchecked,none
K13a4041,13,12,,,,12,unchecked,none
K13a4042,13,12,,,,12,unchecked,none
K13a4043,13,12,,,,12,unchecked,none
K13a4044,13,12,,,,12,unchecked,none
K13a4045,13,11,,,,11,unchecked,none
K13a4046,13,12,,,,12,unchecked,none
K13a4047,13,12,,,,12,unchecked,none
K13a4048,13,11,,,,11,unchecked,none
K13a4049,13,12,,,,12,unchecked,none
K13a405,13,13,,,,13,unchecked,none
K13a4050,13,12,,,,12,unchecked,none
K13a4051,13,12,,,,12,unchecked,none
K13a4052,13,11,,,,11,unchecked,none
K13a4053,13,11,,,,11,unchecked,none
K13a4054,13,12,,,,12,unchecked,none
K13a4055,13,12,,,,12,unchecked,none
K13a4056,13,11,,,,11,unchecked,none
K13a4057,13,12,,,,12,unchecked,none
K13a4058,13,12,,,,12,unchecked,none
K13a4059,13,12,,,,12,unchecked,none
K13a406,13,12,,,,12,unchecked,none
K13a4060,13,12,,,,12,unchecked,none
K13a4061,13,12,,,,12,unchecked,none
K13a4062,13,12,,,,12,unchecked,none
K13a4063,13,12,,,,12,unchecked,none
K13a4064,13,12,,,,12,unchecked,none
K13a4065,13,12,,,,12,unchecked,none
K13a4066,13,12,,,,12,unchecked,none
K13a4067,13,12,,,,12,unchecked,none
K13a4068,13,12,,,,12,unchecked,none
K13a4069,13,12,,,,12,unchecked,none
K13a407,13,12,,,,12,unchecked,none
K13a4070,13,12,,,,12,unchecked,none
K13a4071,13,12,,,,12,unchecked,none
K13a4072,13,12,,,,12,unchecked,none
K13a4073,13,12,,,,12,unchecked,none
K13a4074,13,12,,,,12,unchecked,none
K13a4075,13,12,,,,12,unchecked,none
K13a4076,13,12,,,,12,unchecked,none
K13a4077,13,12,,,,12,unchecked,none
K13a4078,13,12,,,,12,unchecked,none
K13a4079,13,12,,,,12,unchecked,none
K13a408,13,13,,,,13,unchecked,none
K13a4080,13,12,,,,12,unchecked,none
K13a4081,13,12,,,,12,unchecked,none
K13a4082,13,12,,,,12,unchecked,none
K13a4083,13,12,,,,12,unchecked,none
K13a4084,13,13,,,,13,unchecked,none
K13a4085,13,12,,,,12,unchecked,none
K13a4086,13,12,,,,12,unchecked,none
K13a4087,13,12,,,,12,unchecked,none
K13a4088,13,12,,,,12,unchecked,none
K13a4089,13,12,,,,12,unchecked,none
K13a409,13,12,,,,12,unchecked,none
K13a4090,13,12,,,,12,unchecked,none
K13a4091,13,12,,,,12,unchecked,none
K13a4092,13,12,,,,12,unchecked,none
K13a4093,13,12,,,,12,unchecked,none
K13a4094,13,12,,,,12,unchecked,none
K13a4095,13,12,,,,12,unchecked,none
K13a4096,13,12,,,,12,unchecked,none
K13a4097,13,12,,,,12,unchecked,none
K13a4098,13,12,,,,12,unchecked,none
K13a4099,13,12,,,,12,unchecked,none
K13a41,13,12,,,,12,unchecked,none
K13a410,13,12,,,,12,unchecked,none
K13a4100,13,12,,,,12,unchecked,none
K13a4101,13,12,,,,12,unchecked,none
K13a4102,13,12,,,,12,unchecked,none
K13a4103,13,12,,,,12,unchecked,none
K13a4104,13,12,,,,12,unchecked,none
K13a4105,13,12,,,,12,unchecked,none
K13a4106,13,12,,,,12,unchecked,none
K13a4107,13,12,,,,12,unchecked,none
K13a4108,13,12,,,,12,unchecked,none
K13a4109,13,12,,,,12,unchecked,none
K13a411,13,12,,,,12,unchecked,none
K13a4110,13,12,,,,12,unchecked,none
K13a4111,13,12,,,,12,unchecked,none
K13a4112,13,12,,,,12,unchecked,none
K13a4113,13,12,,,,12,unchecked,none
K13a4114,13,12,,,,12,unchecked,none
K13a4115,13,12,,,,12,unchecked,none
K13a4116,13,12,,,,12,unchecked,none
K13a4117,13,12,,,,12,unchecked,none
K13a4118,13,12,,,,12,unchecked,none
K13a4119,13,12,,,,12,unchecked,none
K13a412,13,12,,,,12,unchecked,none
K13a4120,13,13,,,,13,unchecked,none
K13a4121,13,12,,,,12,unchecked,none
K13a4122,13,12,,,,12,unchecked,none
K13a4123,13,12,,,,12,unchecked,none
K13a4124,13,12,,,,12,unchecked,none
K13a4125,13,12,,,,12,unchecked,none
K13a4126,13,12,,,,12,unchecked,none
K13a4127,13,12,,,,12,unchecked,none
K13a4128,13,12,,,,12,unchecked,none
K13a4129,13,12,,,,12,unchecked,none
K13a413,13,13,,,,13,unchecked,none
K13a4130,13,12,,,,12,unchecked,none
K13a4131,13,12,,,,12,unchecked,none
K13a4132,13,12,,,,12,unchecked,none
K13a4133,13,11,,,,11,unchecked,none
K13a4134,13,12,,,,12,unchecked,none
K13a4135,13,12,,,,12,unchecked,none
K13a4136,13,12,,,,12,unchecked,none
K13a4137,13,12,,,,12,unchecked,none
K13a4138,13,12,,,,12,unchecked,none
K13a4139,13,12,,,,12,unchecked,none
K13a414,13,13,,,,13,unchecked,none
K13a4140,13,12,,,,12,unchecked,none
K13a4141,13,12,,,,12,unchecked,none
K13a4142,13,11,,,,11,unchecked,none
K13a4143,13,12,,,,12,unchecked,none
K13a4144,13,12,,,,12,unchecked,none
K13a4145,13,12,,,,12,unchecked,none
K13a4146,13,12,,,,12,unchecked,none
K13a4147,13,12,,,,12,unchecked,none
K13a4148,13,12,,,,12,unchecked,none
K13a4149,13,12,,,,12,unchecked,none
K13a415,13,13,,,,13,unchecked,none
K13a4150,13,12,,,,12,unchecked,none
K13a4151,13,12,,,,12,unchecked,none
K13a4152,13,12,,,,12,unchecked,none
K13a4153,13,12,,,,12,unchecked,none
K13a4154,13,12,,,,12,unchecked,none
K13a4155,13,12,,,,12,unchecked,none
K13a4156,13,12,,,,12,unchecked,none
K13a4157,13,12,,,,12,unchecked,none
K13a4158,13,12,,,,12,unchecked,none
K13a4159,13,12,,,,12,unchecked,none
K13a416,13,13,,,,13,unchecked,none
K13a4160,13,12,,,,12,unchecked,none
K13a4161,13,12,,,,12,unchecked,none
K13a4162,13,12,,,,12,unchecked,none
K13a4163,13,12,,,,12,unchecked,none
K13a4164,13,12,,,,12,unchecked,none
K13a4165,13,12,,,,12,unchecked,none
K13a4166,13,12,,,,12,unchecked,none
K13a4167,13,12,,,,12,unchecked,none
K13a4168,13,12,,,,12,unchecked,none
K13a4169,13,12,,,,12,unchecked,none
K13a417,13,13,,,,13,unchecked,none
K13a4170,13,12,,,,12,unchecked,none
K13a4171,13,12,,,,12,unchecked,none
K13a4172,13,12,,,,12,unchecked,none
K13a4173,13,12,,,,12,unchecked,none
K13a4174,13,12,,,,12,unchecked,none
K13a4175,13,12,,,,12,unchecked,none
K13a4176,13,12,,,,12,unchecked,none
K13a4177,13,12,,,,12,unchecked,none
K13a4178,13,12,,,,12,unchecked,none
K13a4179,13,12,,,,12,unchecked,none
K13a418,13,13,,,,13,unchecked,none
K13a4180,13,12,,,,12,unchecked,none
K13a4181,13,12,,,,12,unchecked,none
K13a4182,13,12,,,,12,unchecked,none
K13a4183,13,12,,,,12,unchecked,none
K13a4184,13,12,,,,12,unchecked,none
K13a4185,13,12,,,,12,unchecked,none
K13a4186,13,12,,,,12,unchecked,none
K13a4187,13,12,,,,12,unchecked,none
K13a4188,13,11,,,,11,unchecked,none
K13a4189,13,12,,,,12,unchecked,none
K13a419,13,13,,,,13,unchecked,none
K13a4190,13,13,,,,13,unchecked,none
K13a4191,13,12,,,,12,unchecked,none
K13a4192,13,12,,,,12,unchecked,none
K13a4193,13,12,,,,12,unchecked,none
K13a4194,13,12,,,,12,unchecked,none
K13a4195,13,12,,,,12,unchecked,none
K13a4196,13,12,,,,12,unchecked,none
K13a4197,13,12,,,,12,unchecked,none
K13a4198,13,12,,,,12,unchecked,none
K13a4199,13,12,,,,12,unchecked,none
K13a42,13,13,,,,13,unchecked,none
K13a420,13,13,,,,13,unchecked,none
K13a4200,13,12,,,,12,unchecked,none
K13a4201,13,13,,,,13,unchecked,none
K13a4202,13,12,,,,12,unchecked,none
K13a4203,13,12,,,,12,unchecked,none
K13a4204,13,12,,,,12,unchecked,none
K13a4205,13,12,,,,12,unchecked,none
K13a4206,13,12,,,,12,unchecked,none
K13a4207,13,12,,,,12,unchecked,none
K13a4208,13,12,,,,12,unchecked,none
K13a4209,13,12,,,,12,unchecked,none
K13a421,13,13,,,,13,unchecked,none
K13a4210,13,12,,,,12,unchecked,none
K13a4211,13,12,,,,12,unchecked,none
K13a4212,13,12,,,,12,unchecked,none
K13a4213,13,12,,,,12,unchecked,none
K13a4214,13,12,,,,12,unchecked,none
K13a4215,13,12,,,,12,unchecked,none
K13a4216,13,12,,,,12,unchecked,none
K13a4217,13,12,,,,12,unchecked,none
K13a4218,13,12,,,,12,unchecked,none
K13a4219,13,12,,,,12,unchecked,none
K13a422,13,13,,,,13,unchecked,none
K13a4220,13,12,,,,12,unchecked,none
K13a4221,13,12,,,,12,unchecked,none
K13a4222,13,12,,,,12,unchecked,none
K13a4223,13,12,,,,12,unchecked,none
K13a4224,13,12,,,,12,unchecked,none
K13a4225,13,12,,,,12,unchecked,none
K13a4226,13,12,,,,12,unchecked,none
K13a4227,13,12,,,,12,unchecked,none
K13a4228,13,12,,,,12,unchecked,none
K13a4229,13,12,,,,12,unchecked,none
K13a423,13,13,,,,13,unchecked,none
K13a4230,13,13,,,,13,unchecked,none
K13a4231,13,12,,,,12,unchecked,none
K13a4232,13,12,,,,12,unchecked,none
K13a4233,13,12,,,,12,unchecked,none
K13a4234,13,12,,,,12,unchecked,none
K13a4235,13,12,,,,12,unchecked,none
K13a4236,13,12,,,,12,unchecked,none
K13a4237,13,12,,,,12,unchecked,none
K13a4238,13,12,,,,12,unchecked,none
K13a4239,13,12,,,,12,unchecked,none
K13a424,13,12,,,,12,unchecked,none
K13a4240,13,12,,,,12,unchecked,none
K13a4241,13,12,,,,12,unchecked,none
K13a4242,13,12,,,,12,unchecked,none
K13a4243,13,12,,,,12,unchecked,none
K13a4244,13,12,,,,12,unchecked,none
K13a4245,13,12,,,,12,unchecked,none
K13a4246,13,12,,,,12,unchecked,none
K13a4247,13,12,,,,12,unchecked,none
K13a4248,13,12,,,,12,unchecked,none
K13a4249,13,12,,,,12,unchecked,none
K13a425,13,13,,,,13,unchecked,none
K13a4250,13,12,,,,12,unchecked,none
K13a4251,13,12,,,,12,unchecked,none
K13a4252,13,12,,,,12,unchecked,none
K13a4253,13,12,,,,12,unchecked,none
K13a4254,13,12,,,,12,unchecked,none
K13a4255,13,12,,,,12,unchecked,none
K13a4256,13,12,,,,12,unchecked,none
K13a4257,13,12,,,,12,unchecked,none
K13a4258,13,12,,,,12,unchecked,none
K13a4259,13,13,,,,13,unchecked,none
K13a426,13,13,,,,13,unchecked,none
K13a4260,13,11,,,,11,unchecked,none
K13a4261,13,12,,,,12,unchecked,none
K13a4262,13,12,,,,12,unchecked,none
K13a4263,13,12,,,,12,unchecked,none
K13a4264,13,12,,,,12,unchecked,none
K13a4265,13,12,,,,12,unchecked,none
K13a4266,13,12,,,,12,unchecked,none
K13a4267,13,12,,,,12,unchecked,none
K13a4268,13,11,,,,11,unchecked,none
K13a4269,13,12,,,,12,unchecked,none
K13a427,13,13,,,,13,unchecked,none
K13a4270,13,12,,,,12,unchecked,none
K13a4271,13,12,,,,12,unchecked,none
K13a4272,13,12,,,,12,unchecked,none
K13a4273,13,13,,,,13,unchecked,none
K13a4274,13,13,,,,13,unchecked,none
K13a4275,13,13,,,,13,unchecked,none
K13a4276,13,13,,,,13,unchecked,none
K13a4277,13,12,,,,12,unchecked,none
K13a4278,13,12,,,,12,unchecked,none
K13a4279,13,12,,,,12,unchecked,none
K13a428,13,13,,,,13,unchecked,none
K13a4280,13,12,,,,12,unchecked,none
K13a4281,13,11,,,,11,unchecked,none
K13a4282,13,12,,,,12,unchecked,none
K13a4283,13,12,,,,12,unchecked,none
K13a4284,13,11,,,,11,unchecked,none
K13a4285,13,12,,,,12,unchecked,none
K13a4286,13,12,,,,12,unchecked,none
K13a4287,13,12,,,,12,unchecked,none
K13a4288,13,12,,,,12,unchecked,none
K13a4289,13,12,,,,12,unchecked,none
K13a429,13,12,,,,12,matched,none
K13a4290,13,12,,,,12,unchecked,none
K13a4291,13,12,,,,12,unchecked,none
K13a4292,13,12,,,,12,unchecked,none
K13a4293,13,12,,,,12,unchecked,none
K13a4294,13,12,,,,12,unchecked,none
K13a4295,13,12,,,,12,unchecked,none
K13a4296,13,12,,,,12,unchecked,none
K13a4297,13,12,,,,12,unchecked,none
K13a4298,13,12,,,,12,unchecked,none
K13a4299,13,12,,,,12,unchecked,none
K13a43,13,12,,,,12,unchecked,none
K13a430,13,13,,,,13,unchecked,none
K13a4300,13,12,,,,12,unchecked,none
K13a4301,13,12,,,,12,unchecked,none
K13a4302,13,13,,,,13,unchecked,none
K13a4303,13,12,,,,12,unchecked,none
K13a4304,13,12,,,,12,unchecked,none
K13a4305,13,12,,,,12,unchecked,none
K13a4306,13,12,,,,12,unchecked,none
K13a4307,13,12,,,,12,unchecked,none
K13a4308,13,12,,,,12,unchecked,none
K13a4309,13,12,,,,12,unchecked,none
K13a431,13,13,,,,13,unchecked,none
K13a4310,13,12,,,,12,unchecked,none
K13a4311,13,12,,,,12,unchecked,none
K13a4312,13,12,,,,12,unchecked,none
K13a4313,13,12,,,,12,unchecked,none
K13a4314,13,12,,,,12,unchecked,none
K13a4315,13,12,,,,12,unchecked,none
K13a4316,13,13,,,,13,unchecked,none
K13a4317,13,13,,,,13,unchecked,none
K13a4318,13,13,,,,13,unchecked,none
K13a4319,13,12,,,,12,unchecked,none
K13a432,13,13,,,,13,unchecked,none
K13a4320,13,12,,,,12,unchecked,none
K13a4321,13,12,,,,12,unchecked,none
K13a4322,13,12,,,,12,unchecked,none
K13a4323,13,12,,,,12,unchecked,none
K13a4324,13,12,,,,12,unchecked,none
K13a4325,13,12,,,,12,unchecked,none
K13a4326,13,12,,,,12,unchecked,none
K13a4327,13,12,,,,12,unchecked,none
K13a4328,13,12,,,,12,unchecked,none
K13a4329,13,12,,,,12,unchecked,none
K13a433,13,12,,,,12,unchecked,none
K13a4330,13,12,,,,12,unchecked,none
K13a4331,13,12,,,,12,unchecked,none
K13a4332,13,12,,,,12,unchecked,none
K13a4333,13,13,,,,13,unchecked,none
K13a4334,13,12,,,,12,unchecked,none
K13a4335,13,12,,,,12,unchecked,none
K13a4336,13,12,,,,12,unchecked,none
K13a4337,13,12,,,,12,unchecked,none
K13a4338,13,12,,,,12,unchecked,none
K13a4339,13,12,,,,12,unchecked,none
K13a434,13,13,,,,13,unchecked,none
K13a4340,13,12,,,,12,unchecked,none
K13a4341,13,12,,,,12,unchecked,none
K13a4342,13,12,,,,12,unchecked,none
K13a4343,13,12,,,,12,unchecked,none
K13a4344,13,12,,,,12,unchecked,none
K13a4345,13,12,,,,12,unchecked,none
K13a4346,13,12,,,,12,unchecked,none
K13a4347,13,12,,,,12,unchecked,none
K13a4348,13,12,,,,12,unchecked,none
K13a4349,13,12,,,,12,unchecked,none
K13a435,13,12,,,,12,unchecked,none
K13a4350,13,12,,,,12,unchecked,none
K13a4351,13,12,,,,12,unchecked,none
K13a4352,13,12,,,,12,unchecked,none
K13a4353,13,12,,,,12,unchecked,none
K13a4354,13,12,,,,12,unchecked,none
K13a4355,13,12,,,,12,unchecked,none
K13a4356,13,12,,,,12,unchecked,none
K13a4357,13,12,,,,12,unchecked,none
K13a4358,13,11,,,,11,unchecked,none
K13a4359,13,11,,,,11,unchecked,none
K13a436,13,13,,,,13,unchecked,none
K13a4360,13,12,,,,12,unchecked,none
K13a4361,13,12,,,,12,unchecked,none
K13a4362,13,12,,,,12,unchecked,none
K13a4363,13,12,,,,12,unchecked,none
K13a4364,13,12,,,,12,unchecked,none
K13a4365,13,12,,,,12,unchecked,none
K13a4366,13,12,,,,12,unchecked,none
K13a4367,13,12,,,,12,unchecked,none
K13a4368,13,12,,,,12,unchecked,none
K13a4369,13,12,,,,12,unchecked,none
K13a437,13,12,,,,12,unchecked,none
K13a4370,13,12,,,,12,unchecked,none
K13a4371,13,12,,,,12,unchecked,none
K13a4372,13,12,,,,12,unchecked,none
K13a4373,13,12,,,,12,unchecked,none
K13a4374,13,12,,,,12,unchecked,none
K13a4375,13,12,,,,12,unchecked,none
K13a4376,13,12,,,,12,unchecked,none
K13a4377,13,12,,,,12,unchecked,none
K13a4378,13,12,,,,12,unchecked,none
K13a4379,13,13,,,,13,unchecked,none
K13a438,13,13,,,,13,unchecked,none
K13a4380,13,12,,,,12,unchecked,none
K13a4381,13,12,,,,12,unchecked,none
K13a4382,13,12,,,,12,unchecked,none
K13a4383,13,12,,,,12,unchecked,none
K13a4384,13,12,,,,12,unchecked,none
K13a4385,13,12,,,,12,unchecked,none
K13a4386,13,13,,,,13,unchecked,none
K13a4387,13,13,,,,13,unchecked,none
K13a4388,13,12,,,,12,unchecked,none
K13a4389,13,12,,,,12,unchecked,none
K13a439,13,12,,,,12,unchecked,none
K13a4390,13,12,,,,12,unchecked,none
K13a4391,13,12,,,,12,unchecked,none
K13a4392,13,12,,,,12,unchecked,none
K13a4393,13,12,,,,12,unchecked,none
K13a4394,13,12,,,,12,unchecked,none
K13a4395,13,12,,,,12,unchecked,none
K13a4396,13,12,,,,12,unchecked,none
K13a4397,13,13,,,,13,unchecked,none
K13a4398,13,12,,,,12,unchecked,none
K13a4399,13,12,,,,12,unchecked,none
K13a44,13,13,,,,13,unchecked,none
K13a440,13,12,,,,12,unchecked,none
K13a4400,13,12,,,,12,unchecked,none
K13a4401,13,12,,,,12,unchecked,none
K13a4402,13,12,,,,12,unchecked,none
K13a4403,13,12,,,,12,unchecked,none
K13a4404,13,12,,,,12,unchecked,none
K13a4405,13,11,,,,11,unchecked,none
K13a4406,13,11,,,,11,unchecked,none
K13a4407,13,12,,,,12,unchecked,none
K13a4408,13,11,,,,11,unchecked,none
K13a4409,13,12,,,,12,unchecked,none
K13a441,13,12,,,,12,unchecked,none
K13a4410,13,12,,,,12,unchecked,none
K13a4411,13,12,,,,12,unchecked,none
K13a4412,13,11,,,,11,unchecked,none
K13a4413,13,11,,,,11,unchecked,none
K13a4414,13,12,,,,12,unchecked,none
K13a4415,13,12,,,,12,unchecked,none
K13a4416,13,12,,,,12,unchecked,none
K13a4417,13,11,,,,11,unchecked,none
K13a4418,13,12,,,,12,unchecked,none
K13a4419,13,12,,,,12,unchecked,none
K13a442,13,12,,,,12,unchecked,none
K13a4420,13,12,,,,12,unchecked,none
K13a4421,13,12,,,,12,unchecked,none
K13a4422,13,12,,,,12,unchecked,none
K13a4423,13,12,,,,12,unchecked,none
K13a4424,13,12,,,,12,unchecked,none
K13a4425,13,11,,,,11,unchecked,none
K13a4426,13,12,,,,12,unchecked,none
K13a4427,13,11,,,,11,unchecked,none
K13a4428,13,12,,,,12,unchecked,none
K13a4429,13,11,,,,11,unchecked,none
K13a443,13,12,,,,12,unchecked,none
K13a4430,13,12,,,,12,unchecked,none
K13a4431,13,12,,,,12,unchecked,none
K13a4432,13,12,,,,12,unchecked,none
K13a4433,13,11,,,,11,unchecked,none
K13a4434,13,12,,,,12,unchecked,none
K13a4435,13,12,,,,12,unchecked,none
K13a4436,13,12,,,,12,unchecked,none
K13a4437,13,11,,,,11,unchecked,none
K13a4438,13,12,,,,12,unchecked,none
K13a4439,13,12,,,,12,unchecked,none
K13a444,13,12,,,,12,unchecked,none
K13a4440,13,11,,,,11,unchecked,none
K13a4441,13,11,,,,11,unchecked,none
K13a4442,13,12,,,,12,unchecked,none
K13a4443,13,11,,,,11,unchecked,none
K13a4444,13,11,,,,11,unchecked,none
K13a4445,13,12,,,,12,unchecked,none
K13a4446,13,11,,,,11,unchecked,none
K13a4447,13,12,,,,12,unchecked,none
K13a4448,13,12,,,,12,unchecked,none
K13a4449,13,12,,,,12,unchecked,none
K13a445,13,12,,,,12,unchecked,none
K13a4450,13,12,,,,12,unchecked,none
K13a4451,13,12,,,,12,unchecked,none
K13a4452,13,12,,,,12,unchecked,none
K13a4453,13,12,,,,12,unchecked,none
K13a4454,13,12,,,,12,unchecked,none
K13a4455,13,12,,,,12,unchecked,none
K13a4456,13,12,,,,12,unchecked,none
K13a4457,13,12,,,,12,unchecked,none
K13a4458,13,12,,,,12,unchecked,none
K13a4459,13,12,,,,12,unchecked,none
K13a446,13,12,,,,12,unchecked,none
K13a4460,13,12,,,,12,unchecked,none
K13a4461,13,12,,,,12,unchecked,none
K13a4462,13,12,,,,12,unchecked,none
K13a4463,13,12,,,,12,unchecked,none
K13a4464,13,12,,,,12,unchecked,none
K13a4465,13,12,,,,12,unchecked,none
K13a4466,13,12,,,,12,unchecked,none
K13a4467,13,12,,,,12,unchecked,none
K13a4468,13,12,,,,12,unchecked,none
K13a4469,13,12,,,,12,unchecked,none
K13a447,13,12,,,,12,unchecked,none
K13a4470,13,11,,,,11,unchecked,none
K13a4471,13,12,,,,12,unchecked,none
K13a4472,13,12,,,,12,unchecked,none
K13a4473,13,12,,,,12,unchecked,none
K13a4474,13,12,,,,12,unchecked,none
K13a4475,13,12,,,,12,unchecked,none
K13a4476,13,12,,,,12,unchecked,none
K13a4477,13,11,,,,11,unchecked,none
K13a4478,13,12,,,,12,unchecked,none
K13a4479,13,11,,,,11,unchecked,none
K13a448,13,12,,,,12,unchecked,none
K13a4480,13,12,,,,12,unchecked,none
K13a4481,13,11,,,,11,unchecked,none
K13a4482,13,11,,,,11,unchecked,none
K13a4483,13,12,,,,12,unchecked,none
K13a4484,13,12,,,,12,unchecked,none
K13a4485,13,11,,,,11,unchecked,none
K13a4486,13,11,,,,11,unchecked,none
K13a4487,13,12,,,,12,unchecked,none
K13a4488,13,12,,,,12,unchecked,none
K13a4489,13,12,,,,12,unchecked,none
K13a449,13,12,,,,12,unchecked,none
K13a4490,13,12,,,,12,unchecked,none
K13a4491,13,12,,,,12,unchecked,none
K13a4492,13,12,,,,12,unchecked,none
K13a4493,13,12,,,,12,unchecked,none
K13a4494,13,12,,,,12,unchecked,none
K13a4495,13,12,,,,12,unchecked,none
K13a4496,13,12,,,,12,unchecked,none
K13a4497,13,12,,,,12,unchecked,none
K13a4498,13,12,,,,12,unchecked,none
K13a4499,13,12,,,,12,unchecked,none
K13a45,13,12,,,,12,unchecked,none
K13a450,13,13,,,,13,unchecked,none
K13a4500,13,12,,,,12,unchecked,none
K13a4501,13,12,,,,12,unchecked,none
K13a4502,13,12,,,,12,unchecked,none
K13a4503,13,12,,,,12,unchecked,none
K13a4504,13,12,,,,12,unchecked,none
K13a4505,13,12,,,,12,unchecked,none
K13a4506,13,12,,,,12,unchecked,none
K13a4507,13,12,,,,12,unchecked,none
K13a4508,13,13,,,,13,unchecked,none
K13a4509,13,13,,,,13,unchecked,none
K13a451,13,13,,,,13,unchecked,none
K13a4510,13,12,,,,12,unchecked,none
K13a4511,13,12,,,,12,unchecked,none
K13a4512,13,12,,,,12,unchecked,none
K13a4513,13,12,,,,12,unchecked,none
K13a4514,13,12,,,,12,unchecked,none
K13a4515,13,12,,,,12,unchecked,none
K13a4516,13,12,,,,12,unchecked,none
K13a4517,13,12,,,,12,unchecked,none
K13a4518,13,12,,,,12,unchecked,none
K13a4519,13,12,,,,12,unchecked,none
K13a452,13,13,,,,13,unchecked,none
K13a4520,13,12,,,,12,unchecked,none
K13a4521,13,12,,,,12,unchecked,none
K13a4522,13,12,,,,12,unchecked,none
K13a4523,13,12,,,,12,unchecked,none
K13a4524,13,12,,,,12,unchecked,none
K13a4525,13,12,,,,12,unchecked,none
K13a4526,13,12,,,,12,unchecked,none
K13a4527,13,13,,,,13,unchecked,none
K13a4528,13,12,,,,12,unchecked,none
K13a4529,13,12,,,,12,unchecked,none
K13a453,13,13,,,,13,unchecked,none
K13a4530,13,12,,,,12,unchecked,none
K13a4531,13,12,,,,12,unchecked,none
K13a4532,13,12,,,,12,unchecked,none
K13a4533,13,12,,,,12,unchecked,none
K13a4534,13,12,,,,12,unchecked,none
K13a4535,13,12,,,,12,unchecked,none
K13a4536,13,12,,,,12,unchecked,none
K13a4537,13,12,,,,12,unchecked,none
K13a4538,13,13,,,,13,unchecked,none
K13a4539,13,13,,,,13,unchecked,none
K13a454,13,12,,,,12,unchecked,none
K13a4540,13,13,,,,13,unchecked,none
K13a4541,13,12,,,,12,unchecked,none
K13a4542,13,12,,,,12,unchecked,none
K13a4543,13,12,,,,12,unchecked,none
K13a4544,13,12,,,,12,unchecked,none
K13a4545,13,12,,,,12,unchecked,none
K13a4546,13,12,,,,12,unchecked,none
K13a4547,13,13,,,,13,unchecked,none
K13a4548,13,13,,,,13,unchecked,none
K13a4549,13,13,,,,13,unchecked,none
K13a455,13,12,,,,12,unchecked,none
K13a4550,13,13,,,,13,unchecked,none
K13a4551,13,13,,,,13,unchecked,none
K13a4552,13,13,,,,13,unchecked,none
K13a4553,13,13,,,,13,unchecked,none
K13a4554,13,13,,,,13,unchecked,none
K13a4555,13,13,,,,13,unchecked,none
K13a4556,13,13,,,,13,unchecked,none
K13a4557,13,11,,,,11,unchecked,none
K13a4558,13,12,,,,12,unchecked,none
K13a4559,13,12,,,,12,unchecked,none
K13a456,13,12,,,,12,unchecked,none
K13a4560,13,13,,,,13,unchecked,none
K13a4561,13,13,,,,13,unchecked,none
K13a4562,13,12,,,,12,unchecked,none
K13a4563,13,13,,,,13,unchecked,none
K13a4564,13,13,,,,13,unchecked,none
K13a4565,13,13,,,,13,unchecked,none
K13a4566,13,12,,,,12,unchecked,none
K13a4567,13,12,,,,12,unchecked,none
K13a4568,13,13,,,,13,unchecked,none
K13a4569,13,13,,,,13,unchecked,none
K13a457,13,13,,,,13,unchecked,none
K13a4570,13,13,,,,13,unchecked,none
K13a4571,13,13,,,,13,unchecked,none
K13a4572,13,13,,,,13,unchecked,none
K13a4573,13,13,,,,13,unchecked,none
K13a4574,13,12,,,,12,unchecked,none
K13a4575,13,12,,,,12,unchecked,none
K13a4576,13,12,,,,12,unchecked,none
K13a4577,13,12,,,,12,unchecked,none
K13a4578,13,12,,,,12,unchecked,none
K13a4579,13,12,,,,12,unchecked,none
K13a458,13,12,,,,12,unchecked,none
K13a4580,13,12,,,,12,unchecked,none
K13a4581,13,12,,,,12,unchecked,none
K13a4582,13,12,,,,12,unchecked,none
K13a4583,13,12,,,,12,unchecked,none
K13a4584,13,12,,,,12,unchecked,none
K13a4585,13,12,,,,12,unchecked,none
K13a4586,13,11,,,,11,unchecked,none
K13a4587,13,12,,,,12,unchecked,none
K13a4588,13,12,,,,12,unchecked,none
K13a4589,13,12,,,,12,unchecked,none
K13a459,13,13,,,,13,unchecked,none
K13a4590,13,12,,,,12,unchecked,none
K13a4591,13,12,,,,12,unchecked,none
K13a4592,13,12,,,,12,unchecked,none
K13a4593,13,12,,,,12,unchecked,none
K13a4594,13,12,,,,12,unchecked,none
K13a4595,13,11,,,,11,unchecked,none
K13a4596,13,11,,,,11,unchecked,none
K13a4597,13,12,,,,12,unchecked,none
K13a4598,13,11,,,,11,unchecked,none
K13a4599,13,12,,,,12,unchecked,none
K13a46,13,12,,,,12,unchecked,none
K13a460,13,12,,,,12,unchecked,none
K13a4600,13,12,,,,12,unchecked,none
K13a4601,13,11,,,,11,unchecked,none
K13a4602,13,12,,,,12,unchecked,none
K13a4603,13,11,,,,11,unchecked,none
K13a4604,13,12,,,,12,unchecked,none
K13a4605,13,11,,,,11,unchecked,none
K13a4606,13,12,,,,12,unchecked,none
K13a4607,13,12,,,,12,unchecked,none
K13a4608,13,12,,,,12,unchecked,none
K13a4609,13,12,,,,12,unchecked,none
K13a461,13,12,,,,12,unchecked,none
K13a4610,13,11,,,,11,unchecked,none
K13a4611,13,12,,,,12,unchecked,none
K13a4612,13,11,,,,11,unchecked,none
K13a4613,13,12,,,,12,unchecked,none
K13a4614,13,12,,,,12,unchecked,none
K13a4615,13,12,,,,12,unchecked,none
K13a4616,13,12,,,,12,unchecked,none
K13a4617,13,12,,,,12,unchecked,none
K13a4618,13,12,,,,12,unchecked,none
K13a4619,13,12,,,,12,unchecked,none
K13a462,13,12,,,,12,unchecked,none
K13a4620,13,11,,,,11,unchecked,none
K13a4621,13,12,,,,12,unchecked,none
K13a4622,13,13,,,,13,unchecked,none
K13a4623,13,13,,,,13,unchecked,none
K13a4624,13,12,,,,12,unchecked,none
K13a4625,13,12,,,,12,unchecked,none
K13a4626,13,12,,,,12,unchecked,none
K13a4627,13,12,,,,12,unchecked,none
K13a4628,13,12,,,,12,unchecked,none
K13a4629,13,12,,,,12,unchecked,none
K13a463,13,13,,,,13,unchecked,none
K13a4630,13,12,,,,12,unchecked,none
K13a4631,13,12,,,,12,unchecked,none
K13a4632,13,12,,,,12,unchecked,none
K13a4633,13,12,,,,12,unchecked,none
K13a4634,13,12,,,,12,unchecked,none
K13a4635,13,12,,,,12,unchecked,none
K13a4636,13,12,,,,12,unchecked,none
K13a4637,13,12,,,,12,unchecked,none
K13a4638,13,12,,,,12,unchecked,none
K13a4639,13,12,,,,12,unchecked,none
K13a464,13,12,,,,12,unchecked,none
K13a4640,13,12,,,,12,unchecked,none
K13a4641,13,12,,,,12,unchecked,none
K13a4642,13,12,,,,12,unchecked,none
K13a4643,13,12,,,,12,unchecked,none
K13a4644,13,12,,,,12,unchecked,none
K13a4645,13,12,,,,12,unchecked,none
K13a4646,13,12,,,,12,unchecked,none
K13a4647,13,12,,,,12,unchecked,none
K13a4648,13,12,,,,12,unchecked,none
K13a4649,13,12,,,,12,unchecked,none
K13a465,13,13,,,,13,unchecked,none
K13a4650,13,12,,,,12,unchecked,none
K13a4651,13,12,,,,12,unchecked,none
K13a4652,13,12,,,,12,unchecked,none
K13a4653,13,12,,,,12,unchecked,none
K13a4654,13,12,,,,12,unchecked,none
K13a4655,13,12,,,,12,unchecked,none
K13a4656,13,12,,,,12,unchecked,none
K13a4657,13,12,,,,12,unchecked,none
K13a4658,13,12,,,,12,unchecked,none
K13a4659,13,12,,,,12,unchecked,none
K13a466,13,13,,,,13,unchecked,none
K13a4660,13,12,,,,12,unchecked,none
K13a4661,13,12,,,,12,unchecked,none
K13a4662,13,12,,,,12,unchecked,none
K13a4663,13,12,,,,12,unchecked,none
K13a4664,13,12,,,,12,unchecked,none
K13a4665,13,12,,,,12,unchecked,none
K13a4666,13,12,,,,12,unchecked,none
K13a4667,13,12,,,,12,unchecked,none
K13a4668,13,11,,,,11,unchecked,none
K13a4669,13,12,,,,12,unchecked,none
K13a467,13,13,,,,13,unchecked,none
K13a4670,13,12,,,,12,unchecked,none
K13a4671,13,12,,,,12,unchecked,none
K13a4672,13,12,,,,12,unchecked,none
K13a4673,13,12,,,,12,unchecked,none
K13a4674,13,12,,,,12,unchecked,none
K13a4675,13,12,,,,12,unchecked,none
K13a4676,13,12,,,,12,unchecked,none
K13a4677,13,12,,,,12,unchecked,none
K13a4678,13,12,,,,12,unchecked,none
K13a4679,13,11,,,,11,unchecked,none
K13a468,13,13,,,,13,unchecked,none
K13a4680,13,11,,,,11,unchecked,none
K13a4681,13,11,,,,11,unchecked,none
K13a4682,13,12,,,,12,unchecked,none
K13a4683,13,12,,,,12,unchecked,none
K13a4684,13,12,,,,12,unchecked,none
K13a4685,13,12,,,,12,unchecked,none
K13a4686,13,12,,,,12,unchecked,none
K13a4687,13,12,,,,12,unchecked,none
K13a4688,13,12,,,,12,unchecked,none
K13a4689,13,12,,,,12,unchecked,none
K13a469,13,12,,,,12,unchecked,none
K13a4690,13,12,,,,12,unchecked,none
K13a4691,13,12,,,,12,unchecked,none
K13a4692,13,12,,,,12,unchecked,none
K13a4693,13,12,,,,12,unchecked,none
K13a4694,13,12,,,,12,unchecked,none
K13a4695,13,12,,,,12,unchecked,none
K13a4696,13,12,,,,12,unchecked,none
K13a4697,13,12,,,,12,unchecked,none
K13a4698,13,12,,,,12,unchecked,none
K13a4699,13,12,,,,12,unchecked,none
K13a47,13,12,,,,12,unchecked,none
K13a470,13,12,,,,12,unchecked,none
K13a4700,13,12,,,,12,unchecked,none
K13a4701,13,12,,,,12,unchecked,none
K13a4702,13,12,,,,12,unchecked,none
K13a4703,13,12,,,,12,unchecked,none
K13a4704,13,12,,,,12,unchecked,none
K13a4705,13,12,,,,12,unchecked,none
K13a4706,13,12,,,,12,unchecked,none
K13a4707,13,12,,,,12,unchecked,none
K13a4708,13,12,,,,12,unchecked,none
K13a4709,13,12,,,,12,unchecked,none
K13a471,13,12,,,,12,unchecked,none
K13a4710,13,12,,,,12,unchecked,none
K13a4711,13,12,,,,12,unchecked,none
K13a4712,13,12,,,,12,unchecked,none
K13a4713,13,12,,,,12,unchecked,none
K13a4714,13,12,,,,12,unchecked,none
K13a4715,13,12,,,,12,unchecked,none
K13a4716,13,12,,,,12,unchecked,none
K13a4717,13,12,,,,12,unchecked,none
K13a4718,13,12,,,,12,unchecked,none
K13a4719,13,12,,,,12,unchecked,none
K13a472,13,12,,,,12,unchecked,none
K13a4720,13,12,,,,12,unchecked,none
K13a4721,13,12,,,,12,unchecked,none
K13a4722,13,12,,,,12,unchecked,none
K13a4723,13,12,,,,12,unchecked,none
K13a4724,13,12,,,,12,unchecked,none
K13a4725,13,12,,,,12,unchecked,none
K13a4726,13,12,,,,12,unchecked,none
K13a4727,13,12,,,,12,unchecked,none
K13a4728,13,12,,,,12,unchecked,none
K13a4729,13,12,,,,12,unchecked,none
K13a473,13,13,,,,13,unchecked,none
K13a4730,13,11,,,,11,unchecked,none
K13a4731,13,11,,,,11,unchecked,none
K13a4732,13,12,,,,12,unchecked,none
K13a4733,13,12,,,,12,unchecked,none
K13a4734,13,12,,,,12,unchecked,none
K13a4735,13,12,,,,12,unchecked,none
K13a4736,13,12,,,,12,unchecked,none
K13a4737,13,12,,,,12,unchecked,none
K13a4738,13,11,,,,11,unchecked,none
K13a4739,13,12,,,,12,unchecked,none
K13a474,13,12,,,,12,unchecked,none
K13a4740,13,12,,,,12,unchecked,none
K13a4741,13,12,,,,12,unchecked,none
K13a4742,13,12,,,,12,unchecked,none
K13a4743,13,12,,,,12,unchecked,none
K13a4744,13,12,,,,12,unchecked,none
K13a4745,13,12,,,,12,unchecked,none
K13a4746,13,11,,,,11,unchecked,none
K13a4747,13,12,,,,12,unchecked,none
K13a4748,13,12,,,,12,unchecked,none
K13a4749,13,11,,,,11,unchecked,none
K13a475,13,13,,,,13,unchecked,none
K13a4750,13,12,,,,12,unchecked,none
K13a4751,13,12,,,,12,unchecked,none
K13a4752,13,12,,,,12,unchecked,none
K13a4753,13,12,,,,12,unchecked,none
K13a4754,13,12,,,,12,unchecked,none
K13a4755,13,12,,,,12,unchecked,none
K13a4756,13,12,,,,12,unchecked,none
K13a4757,13,11,,,,11,unchecked,none
K13a4758,13,12,,,,12,unchecked,none
K13a4759,13,12,,,,12,unchecked,none
K13a476,13,12,,,,12,unchecked,none
K13a4760,13,12,,,,12,unchecked,none
K13a4761,13,12,,,,12,unchecked,none
K13a4762,13,12,,,,12,unchecked,none
K13a4763,13,12,,,,12,unchecked,none
K13a4764,13,12,,,,12,unchecked,none
K13a4765,13,12,,,,12,unchecked,none
K13a4766,13,12,,,,12,unchecked,none
K13a4767,13,12,,,,12,unchecked,none
K13a4768,13,12,,,,12,unchecked,none
K13a4769,13,12,,,,12,unchecked,none
K13a477,13,13,,,,13,unchecked,none
K13a4770,13,12,,,,12,unchecked,none
K13a4771,13,12,,,,12,unchecked,none
K13a4772,13,12,,,,12,unchecked,none
K13a4773,13,12,,,,12,unchecked,none
K13a4774,13,12,,,,12,unchecked,none
K13a4775,13,12,,,,12,unchecked,none
K13a4776,13,12,,,,12,unchecked,none
K13a4777,13,12,,,,12,unchecked,none
K13a4778,13,12,,,,12,unchecked,none
K13a4779,13,12,,,,12,unchecked,none
K13a478,13,13,,,,13,unchecked,none
K13a4780,13,12,,,,12,unchecked,none
K13a4781,13,12,,,,12,unchecked,none
K13a4782,13,12,,,,12,unchecked,none
K13a4783,13,12,,,,12,unchecked,none
K13a4784,13,12,,,,12,unchecked,none
K13a4785,13,12,,,,12,unchecked,none
K13a4786,13,12,,,,12,unchecked,none
K13a4787,13,12,,,,12,unchecked,none
K13a4788,13,12,,,,12,unchecked,none
K13a4789,13,12,,,,12,unchecked,none
K13a479,13,12,,,,12,unchecked,none
K13a4790,13,12,,,,12,unchecked,none
K13a4791,13,12,,,,12,unchecked,none
K13a4792,13,12,,,,12,unchecked,none
K13a4793,13,12,,,,12,unchecked,none
K13a4794,13,12,,,,12,unchecked,none
K13a4795,13,12,,,,12,unchecked,none
K13a4796,13,12,,,,12,unchecked,none
K13a4797,13,12,,,,12,unchecked,none
K13a4798,13,12,,,,12,unchecked,none
K13a4799,13,13,,,,13,unchecked,none
K13a48,13,13,,,,13,unchecked,none
K13a480,13,13,,,,13,unchecked,none
K13a4800,13,13,,,,13,unchecked,none
K13a4801,13,12,,,,12,unchecked,none
K13a4802,13,12,,,,12,unchecked,none
K13a4803,13,12,,,,12,unchecked,none
K13a4804,13,12,,,,12,unchecked,none
K13a4805,13,12,,,,12,unchecked,none
K13a4806,13,13,,,,13,unchecked,none
K13a4807,13,12,,,,12,unchecked,none
K13a4808,13,12,,,,12,unchecked,none
K13a4809,13,12,,,,12,unchecked,none
K13a481,13,13,,,,13,unchecked,none
K13a4810,13,12,,,,12,unchecked,none
K13a4811,13,12,,,,12,unchecked,none
K13a4812,13,12,,,,12,unchecked,none
K13a4813,13,12,,,,12,unchecked,none
K13a4814,13,12,,,,12,unchecked,none
K13a4815,13,12,,,,12,unchecked,none
K13a4816,13,12,,,,12,unchecked,none
K13a4817,13,12,,,,12,unchecked,none
K13a4818,13,12,,,,12,unchecked,none
K13a4819,13,12,,,,12,unchecked,none
K13a482,13,13,,,,13,unchecked,none
K13a4820,13,12,,,,12,unchecked,none
K13a4821,13,12,,,,12,unchecked,none
K13a4822,13,13,,,,13,unchecked,none
K13a4823,13,13,,,,13,unchecked,none
K13a4824,13,13,,,,13,unchecked,none
K13a4825,13,13,,,,13,unchecked,none
K13a4826,13,12,,,,12,unchecked,none
K13a4827,13,12,,,,12,unchecked,none
K13a4828,13,13,,,,13,unchecked,none
K13a4829,13,13,,,,13,unchecked,none
K13a483,13,12,,,,12,unchecked,none
K13a4830,13,13,,,,13,unchecked,none
K13a4831,13,13,,,,13,unchecked,none
K13a4832,13,13,,,,13,unchecked,none
K13a4833,13,12,,,,12,unchecked,none
K13a4834,13,13,,,,13,unchecked,none
K13a4835,13,13,,,,13,unchecked,none
K13a4836,13,12,,,,12,unchecked,none
K13a4837,13,12,,,,12,unchecked,none
K13a4838,13,12,,,,12,unchecked,none
K13a4839,13,12,,,,12,unchecked,none
K13a484,13,12,,,,12,unchecked,none
K13a4840,13,12,,,,12,unchecked,none
K13a4841,13,12,,,,12,unchecked,none
K13a4842,13,12,,,,12,unchecked,none
K13a4843,13,12,,,,12,unchecked,none
K13a4844,13,12,,,,12,unchecked,none
K13a4845,13,12,,,,12,unchecked,none
K13a4846,13,12,,,,12,unchecked,none
K13a4847,13,12,,,,12,unchecked,none
K13a4848,13,12,,,,12,unchecked,none
K13a4849,13,12,,,,12,unchecked,none
K13a485,13,12,,,,12,unchecked,none
K13a4850,13,12,,,,12,unchecked,none
K13a4851,13,12,,,,12,unchecked,none
K13a4852,13,12,,,,12,unchecked,none
K13a4853,13,12,,,,12,unchecked,none
K13a4854,13,12,,,,12,unchecked,none
K13a4855,13,12,,,,12,unchecked,none
K13a4856,13,12,,,,12,unchecked,none
K13a4857,13,12,,,,12,unchecked,none
K13a4858,13,13,,,,13,unchecked,none
K13a4859,13,12,,,,12,unchecked,none
K13a486,13,12,,,,12,unchecked,none
K13a4860,13,12,,,,12,unchecked,none
K13a4861,13,12,,,,12,unchecked,none
K13a4862,13,13,,,,13,unchecked,none
K13a4863,13,13,,,,13,unchecked,none
K13a4864,13,13,,,,13,unchecked,none
K13a4865,13,13,,,,13,unchecked,none
K13a4866,13,13,,,,13,unchecked,none
K13a4867,13,13,,,,13,unchecked,none
K13a4868,13,13,,,,13,unchecked,none
K13a4869,13,13,,,,13,unchecked,none
K13a487,13,12,,,,12,unchecked,none
K13a4870,13,13,,,,13,unchecked,none
K13a4871,13,13,,,,13,unchecked,none
K13a4872,13,13,,,,13,unchecked,none
K13a4873,13,13,,,,13,unchecked,none
K13a4874,13,13,,,,13,unchecked,none
K13a4875,13,13,,,,13,unchecked,none
K13a4876,13,13,,,,13,unchecked,none
K13a4877,13,13,,,,13,unchecked,none
K13a4878,13,13,,,,13,matched,none
K13a488,13,12,,,,12,unchecked,none
K13a489,13,12,,,,12,unchecked,none
K13a49,13,13,,,,13,unchecked,none
K13a490,13,12,,,,12,unchecked,none
K13a491,13,13,,,,13,unchecked,none
K13a492,13,13,,,,13,unchecked,none
K13a493,13,12,,,,12,unchecked,none
K13a494,13,13,,,,13,unchecked,none
K13a495,13,13,,,,13,unchecked,none
K13a496,13,13,,,,13,unchecked,none
K13a497,13,12,,,,12,matched,none
K13a498,13,12,,,,12,unchecked,none
K13a499,13,13,,,,13,unchecked,none
K13a5,13,12,,,,12,unchecked,none
K13a50,13,12,,,,12,unchecked,none
K13a500,13,12,,,,12,unchecked,none
K13a501,13,13,,,,13,unchecked,none
K13a502,13,13,,,,13,unchecked,none
K13a503,13,13,,,,13,unchecked,none
K13a504,13,13,,,,13,unchecked,none
K13a505,13,12,,,,12,unchecked,none
K13a506,13,12,,,,12,unchecked,none
K13a507,13,12,,,,12,unchecked,none
K13a508,13,12,,,,12,unchecked,none
K13a509,13,12,,,,12,unchecked,none
K13a51,13,12,,,,12,unchecked,none
K13a510,13,12,,,,12,unchecked,none
K13a511,13,12,,,,12,unchecked,none
K13a512,13,12,,,,12,unchecked,none
K13a513,13,12,,,,12,unchecked,none
K13a514,13,12,,,,12,unchecked,none
K13a515,13,13,,,,13,unchecked,none
K13a516,13,12,,,,12,unchecked,none
K13a517,13,12,,,,12,unchecked,none
K13a518,13,12,,,,12,unchecked,none
K13a519,13,12,,,,12,unchecked,none
K13a52,13,12,,,,12,unchecked,none
K13a520,13,12,,,,12,unchecked,none
K13a521,13,13,,,,13,unchecked,none
K13a522,13,12,,,,12,unchecked,none
K13a523,13,13,,,,13,unchecked,none
K13a524,13,13,,,,13,unchecked,none
K13a525,13,12,,,,12,unchecked,none
K13a526,13,12,,,,12,unchecked,none
K13a527,13,13,,,,13,unchecked,none
K13a528,13,12,,,,12,unchecked,none
K13a529,13,12,,,,12,unchecked,none
K13a53,13,12,,,,12,unchecked,none
K13a530,13,12,,,,12,unchecked,none
K13a531,13,12,,,,12,unchecked,none
K13a532,13,13,,,,13,unchecked,none
K13a533,13,13,,,,13,unchecked,none
K13a534,13,13,,,,13,unchecked,none
K13a535,13,13,,,,13,unchecked,none
K13a536,13,13,,,,13,unchecked,none
K13a537,13,12,,,,12,unchecked,none
K13a538,13,12,,,,12,unchecked,none
K13a539,13,12,,,,12,unchecked,none
K13a54,13,13,,,,13,unchecked,none
K13a540,13,12,,,,12,unchecked,none
K13a541,13,13,,,,13,unchecked,none
K13a542,13,13,,,,13,unchecked,none
K13a543,13,13,,,,13,unchecked,none
K13a544,13,13,,,,13,unchecked,none
K13a545,13,13,,,,13,unchecked,none
K13a546,13,12,,,,12,unchecked,none
K13a547,13,13,,,,13,unchecked,none
K13a548,13,13,,,,13,unchecked,none
K13a549,13,13,,,,13,unchecked,none
K13a55,13,12,,,,12,unchecked,none
K13a550,13,12,,,,12,unchecked,none
K13a551,13,13,,,,13,unchecked,none
K13a552,13,13,,,,13,unchecked,none
K13a553,13,13,,,,13,unchecked,none
K13a554,13,12,,,,12,unchecked,none
K13a555,13,13,,,,13,unchecked,none
K13a556,13,13,,,,13,unchecked,none
K13a557,13,12,,,,12,unchecked,none
K13a558,13,13,,,,13,unchecked,none
K13a559,13,13,,,,13,unchecked,none
K13a56,13,12,,,,12,unchecked,none
K13a560,13,13,,,,13,unchecked,none
K13a561,13,13,,,,13,unchecked,none
K13a562,13,12,,,,12,unchecked,none
K13a563,13,12,,,,12,unchecked,none
K13a564,13,13,,,,13,unchecked,none
K13a565,13,13,,,,13,unchecked,none
K13a566,13,13,,,,13,unchecked,none
K13a567,13,13,,,,13,unchecked,none
K13a568,13,12,,,,12,unchecked,none
K13a569,13,13,,,,13,unchecked,none
K13a57,13,12,,,,12,unchecked,none
K13a570,13,12,,,,12,unchecked,none
K13a571,13,13,,,,13,matched,none
K13a572,13,13,,,,13,unchecked,none
K13a573,13,12,,,,12,unchecked,none
K13a574,13,13,,,,13,unchecked,none
K13a575,13,13,,,,13,unchecked,none
K13a576,13,13,,,,13,unchecked,none
K13a577,13,12,,,,12,unchecked,none
K13a578,13,13,,,,13,unchecked,none
K13a579,13,13,,,,13,unchecked,none
K13a58,13,12,,,,12,unchecked,none
K13a580,13,13,,,,13,unchecked,none
K13a581,13,13,,,,13,unchecked,none
K13a582,13,12,,,,12,unchecked,none
K13a583,13,12,,,,12,unchecked,none
K13a584,13,13,,,,13,unchecked,none
K13a585,13,13,,,,13,unchecked,none
K13a586,13,13,,,,13,unchecked,none
K13a587,13,13,,,,13,unchecked,none
K13a588,13,13,,,,13,unchecked,none
K13a589,13,12,,,,12,unchecked,none
K13a59,13,12,,,,12,unchecked,none
K13a590,13,12,,,,12,unchecked,none
K13a591,13,13,,,,13,unchecked,none
K13a592,13,13,,,,13,unchecked,none
K13a593,13,12,,,,12,unchecked,none
K13a594,13,13,,,,13,unchecked,none
K13a595,13,13,,,,13,unchecked,none
K13a596,13,13,,,,13,matched,none
K13a597,13,13,,,,13,unchecked,none
K13a598,13,13,,,,13,unchecked,none
K13a599,13,12,,,,12,unchecked,none
K13a6,13,13,,,,13,unchecked,none
K13a60,13,12,,,,12,unchecked,none
K13a600,13,13,,,,13,unchecked,none
K13a601,13,13,,,,13,unchecked,none
K13a602,13,12,,,,12,unchecked,none
K13a603,13,13,,,,13,unchecked,none
K13a604,13,12,,,,12,unchecked,none
K13a605,13,13,,,,13,unchecked,none
K13a606,13,12,,,,12,unchecked,none
K13a607,13,12,,,,12,unchecked,none
K13a608,13,12,,,,12,unchecked,none
K13a609,13,12,,,,12,unchecked,none
K13a61,13,12,,,,12,unchecked,none
K13a610,13,12,,,,12,unchecked,none
K13a611,13,13,,,,13,unchecked,none
K13a612,13,13,,,,13,unchecked,none
K13a613,13,12,,,,12,unchecked,none
K13a614,13,12,,,,12,unchecked,none
K13a615,13,12,,,,12,unchecked,none
K13a616,13,12,,,,12,unchecked,none
K13a617,13,12,,,,12,unchecked,none
K13a618,13,12,,,,12,unchecked,none
K13a619,13,12,,,,12,unchecked,none
K13a62,13,13,,,,13,unchecked,none
K13a620,13,13,,,,13,unchecked,none
K13a621,13,13,,,,13,unchecked,none
K13a622,13,12,,,,12,unchecked,none
K13a623,13,12,,,,12,unchecked,none
K13a624,13,13,,,,13,unchecked,none
K13a625,13,13,,,,13,unchecked,none
K13a626,13,12,,,,12,unchecked,none
K13a627,13,13,,,,13,unchecked,none
K13a628,13,13,,,,13,unchecked,none
K13a629,13,12,,,,12,unchecked,none
K13a63,13,12,,,,12,unchecked,none
K13a630,13,12,,,,12,unchecked,none
K13a631,13,12,,,,12,unchecked,none
K13a632,13,12,,,,12,unchecked,none
K13a633,13,13,,,,13,unchecked,none
K13a634,13,12,,,,12,unchecked,none
K13a635,13,12,,,,12,unchecked,none
K13a636,13,13,,,,13,unchecked,none
K13a637,13,13,,,,13,unchecked,none
K13a638,13,12,,,,12,unchecked,none
K13a639,13,13,,,,13,unchecked,none
K13a64,13,12,,,,12,unchecked,none
K13a640,13,13,,,,13,unchecked,none
K13a641,13,13,,,,13,unchecked,none
K13a642,13,12,,,,12,unchecked,none
K13a643,13,13,,,,13,unchecked,none
K13a644,13,13,,,,13,unchecked,none
K13a645,13,13,,,,13,unchecked,none
K13a646,13,13,,,,13,unchecked,none
K13a647,13,13,,,,13,unchecked,none
K13a648,13,13,,,,13,unchecked,none
K13a649,13,13,,,,13,unchecked,none
K13a65,13,13,,,,13,unchecked,none
K13a650,13,13,,,,13,unchecked,none
K13a651,13,12,,,,12,unchecked,none
K13a652,13,13,,,,13,unchecked,none
K13a653,13,13,,,,13,unchecked,none
K13a654,13,12,,,,12,unchecked,none
K13a655,13,13,,,,13,unchecked,none
K13a656,13,12,,,,12,unchecked,none
K13a657,13,13,,,,13,unchecked,none
K13a658,13,13,,,,13,unchecked,none
K13a659,13,12,,,,12,unchecked,none
K13a66,13,13,,,,13,unchecked,none
K13a660,13,13,,,,13,unchecked,none
K13a661,13,13,,,,13,unchecked,none
K13a662,13,12,,,,12,unchecked,none
K13a663,13,12,,,,12,unchecked,none
K13a664,13,13,,,,13,unchecked,none
K13a665,13,13,,,,13,unchecked,none
K13a666,13,13,,,,13,unchecked,none
K13a667,13,13,,,,13,unchecked,none
K13a668,13,12,,,,12,unchecked,none
K13a669,13,12,,,,12,unchecked,none
K13a67,13,12,,,,12,unchecked,none
K13a670,13,12,,,,12,unchecked,none
K13a671,13,12,,,,12,unchecked,none
K13a672,13,12,,,,12,unchecked,none
K13a673,13,13,,,,13,unchecked,none
K13a674,13,12,,,,12,unchecked,none
K13a675,13,13,,,,13,unchecked,none
K13a676,13,12,,,,12,unchecked,none
K13a677,13,12,,,,12,unchecked,none
K13a678,13,12,,,,12,unchecked,none
K13a679,13,12,,,,12,unchecked,none
K13a68,13,13,,,,13,unchecked,none
K13a680,13,12,,,,12,unchecked,none
K13a681,13,12,,,,12,unchecked,none
K13a682,13,12,,,,12,unchecked,none
K13a683,13,12,,,,12,unchecked,none
K13a684,13,12,,,,12,unchecked,none
K13a685,13,12,,,,12,unchecked,none
K13a686,13,12,,,,12,unchecked,none
K13a687,13,12,,,,12,unchecked,none
K13a688,13,12,,,,12,unchecked,none
K13a689,13,12,,,,12,unchecked,none
K13a69,13,12,,,,12,unchecked,none
K13a690,13,12,,,,12,unchecked,none
K13a691,13,12,,,,12,unchecked,none
K13a692,13,12,,,,12,unchecked,none
K13a693,13,12,,,,12,unchecked,none
K13a694,13,13,,,,13,unchecked,none
K13a695,13,12,,,,12,unchecked,none
K13a696,13,12,,,,12,unchecked,none
K13a697,13,12,,,,12,unchecked,none
K13a698,13,12,,,,12,unchecked,none
K13a699,13,12,,,,12,unchecked,none
K13a7,13,13,,,,13,unchecked,none
K13a70,13,13,,,,13,unchecked,none
K13a700,13,12,,,,12,unchecked,none
K13a701,13,13,,,,13,unchecked,none
K13a702,13,13,,,,13,unchecked,none
K13a703,13,12,,,,12,unchecked,none
K13a704,13,12,,,,12,unchecked,none
K13a705,13,12,,,,12,unchecked,none
K13a706,13,12,,,,12,unchecked,none
K13a707,13,12,,,,12,unchecked,none
K13a708,13,13,,,,13,unchecked,none
K13a709,13,13,,,,13,unchecked,none
K13a71,13,12,,,,12,unchecked,none
K13a710,13,13,,,,13,unchecked,none
K13a711,13,13,,,,13,unchecked,none
K13a712,13,12,,,,12,unchecked,none
K13a713,13,12,,,,12,unchecked,none
K13a714,13,12,,,,12,unchecked,none
K13a715,13,12,,,,12,unchecked,none
K13a716,13,12,,,,12,unchecked,none
K13a717,13,13,,,,13,unchecked,none
K13a718,13,13,,,,13,unchecked,none
K13a719,13,13,,,,13,unchecked,none
K13a72,13,13,,,,13,unchecked,none
K13a720,13,13,,,,13,unchecked,none
K13a721,13,12,,,,12,unchecked,none
K13a722,13,12,,,,12,unchecked,none
K13a723,13,12,,,,12,unchecked,none
K13a724,13,12,,,,12,unchecked,none
K13a725,13,12,,,,12,unchecked,none
K13a726,13,12,,,,12,unchecked,none
K13a727,13,12,,,,12,unchecked,none
K13a728,13,12,,,,12,unchecked,none
K13a729,13,12,,,,12,unchecked,none
K13a73,13,13,,,,13,unchecked,none
K13a730,13,12,,,,12,unchecked,none
K13a731,13,12,,,,12,unchecked,none
K13a732,13,12,,,,12,unchecked,none
K13a733,13,12,,,,12,unchecked,none
K13a734,13,13,,,,13,unchecked,none
K13a735,13,13,,,,13,unchecked,none
K13a736,13,13,,,,13,unchecked,none
K13a737,13,13,,,,13,unchecked,none
K13a738,13,12,,,,12,unchecked,none
K13a739,13,12,,,,12,unchecked,none
K13a74,13,13,,,,13,unchecked,none
K13a740,13,12,,,,12,unchecked,none
K13a741,13,13,,,,13,unchecked,none
K13a742,13,13,,,,13,unchecked,none
K13a743,13,12,,,,12,unchecked,none
K13a744,13,12,,,,12,unchecked,none
K13a745,13,12,,,,12,unchecked,none
K13a746,13,12,,,,12,unchecked,none
K13a747,13,12,,,,12,unchecked,none
K13a748,13,12,,,,12,unchecked,none
K13a749,13,12,,,,12,unchecked,none
K13a75,13,13,,,,13,unchecked,none
K13a750,13,12,,,,12,unchecked,none
K13a751,13,12,,,,12,unchecked,none
K13a752,13,12,,,,12,unchecked,none
K13a753,13,12,,,,12,unchecked,none
K13a754,13,13,,,,13,unchecked,none
K13a755,13,12,,,,12,unchecked,none
K13a756,13,12,,,,12,unchecked,none
K13a757,13,12,,,,12,unchecked,none
K13a758,13,12,,,,12,unchecked,none
K13a759,13,13,,,,13,unchecked,none
K13a76,13,13,,,,13,unchecked,none
K13a760,13,13,,,,13,unchecked,none
K13a761,13,12,,,,12,unchecked,none
K13a762,13,12,,,,12,unchecked,none
K13a763,13,12,,,,12,unchecked,none
K13a764,13,12,,,,12,unchecked,none
K13a765,13,12,,,,12,unchecked,none
K13a766,13,12,,,,12,unchecked,none
K13a767,13,12,,,,12,unchecked,none
K13a768,13,12,,,,12,unchecked,none
K13a769,13,13,,,,13,unchecked,none
K13a77,13,12,,,,12,unchecked,none
K13a770,13,12,,,,12,unchecked,none
K13a771,13,12,,,,12,unchecked,none
K13a772,13,12,,,,12,unchecked,none
K13a773,13,12,,,,12,unchecked,none
K13a774,13,12,,,,12,unchecked,none
K13a775,13,13,,,,13,unchecked,none
K13a776,13,12,,,,12,unchecked,none
K13a777,13,12,,,,12,unchecked,none
K13a778,13,12,,,,12,unchecked,none
K13a779,13,12,,,,12,unchecked,none
K13a78,13,13,,,,13,unchecked,none
K13a780,13,12,,,,12,unchecked,none
K13a781,13,13,,,,13,unchecked,none
K13a782,13,12,,,,12,unchecked,none
K13a783,13,12,,,,12,unchecked,none
K13a784,13,12,,,,12,unchecked,none
K13a785,13,12,,,,12,unchecked,none
K13a786,13,12,,,,12,unchecked,none
K13a787,13,12,,,,12,unchecked,none
K13a788,13,13,,,,13,unchecked,none
K13a789,13,12,,,,12,unchecked,none
K13a79,13,13,,,,13,unchecked,none
K13a790,13,12,,,,12,unchecked,none
K13a791,13,12,,,,12,unchecked,none
K13a792,13,12,,,,12,unchecked,none
K13a793,13,12,,,,12,unchecked,none
K13a794,13,12,,,,12,unchecked,none
K13a795,13,12,,,,12,unchecked,none
K13a796,13,12,,,,12,unchecked,none
K13a797,13,13,,,,13,unchecked,none
K13a798,13,12,,,,12,unchecked,none
K13a799,13,12,,,,12,unchecked,none
K13a8,13,13,,,,13,unchecked,none
K13a80,13,13,,,,13,unchecked,none
K13a800,13,12,,,,12,unchecked,none
K13a801,13,12,,,,12,unchecked,none
K13a802,13,12,,,,12,unchecked,none
K13a803,13,13,,,,13,unchecked,none
K13a804,13,13,,,,13,unchecked,none
K13a805,13,13,,,,13,unchecked,none
K13a806,13,12,,,,12,unchecked,none
K13a807,13,12,,,,12,unchecked,none
K13a808,13,12,,,,12,unchecked,none
K13a809,13,12,,,,12,unchecked,none
K13a81,13,12,,,,12,unchecked,none
K13a810,13,12,,,,12,unchecked,none
K13a811,13,12,,,,12,unchecked,none
K13a812,13,12,,,,12,unchecked,none
K13a813,13,12,,,,12,unchecked,none
K13a814,13,12,,,,12,unchecked,none
K13a815,13,12,,,,12,unchecked,none
K13a816,13,13,,,,13,unchecked,none
K13a817,13,12,,,,12,unchecked,none
K13a818,13,12,,,,12,unchecked,none
K13a819,13,12,,,,12,unchecked,none
K13a82,13,12,,,,12,unchecked,none
K13a820,13,12,,,,12,unchecked,none
K13a821,13,13,,,,13,unchecked,none
K13a822,13,12,,,,12,unchecked,none
K13a823,13,13,,,,13,unchecked,none
K13a824,13,13,,,,13,unchecked,none
K13a825,13,13,,,,13,unchecked,none
K13a826,13,12,,,,12,unchecked,none
K13a827,13,13,,,,13,unchecked,none
K13a828,13,13,,,,13,unchecked,none
K13a829,13,13,,,,13,unchecked,none
K13a83,13,12,,,,12,unchecked,none
K13a830,13,12,,,,12,unchecked,none
K13a831,13,12,,,,12,unchecked,none
K13a832,13,12,,,,12,unchecked,none
K13a833,13,12,,,,12,unchecked,none
K13a834,13,13,,,,13,unchecked,none
K13a835,13,13,,,,13,unchecked,none
K13a836,13,12,,,,12,unchecked,none
K13a837,13,12,,,,12,unchecked,none
K13a838,13,13,,,,13,unchecked,none
K13a839,13,12,,,,12,unchecked,none
K13a84,13,12,,,,12,unchecked,none
K13a840,13,12,,,,12,unchecked,none
K13a841,13,12,,,,12,unchecked,none
K13a842,13,13,,,,13,unchecked,none
K13a843,13,13,,,,13,unchecked,none
K13a844,13,13,,,,13,unchecked,none
K13a845,13,12,,,,12,unchecked,none
K13a846,13,13,,,,13,unchecked,none
K13a847,13,12,,,,12,unchecked,none
K13a848,13,13,,,,13,unchecked,none
K13a849,13,12,,,,12,unchecked,none
K13a85,13,13,,,,13,unchecked,none
K13a850,13,12,,,,12,unchecked,none
K13a851,13,13,,,,13,unchecked,none
K13a852,13,12,,,,12,unchecked,none
K13a853,13,12,,,,12,unchecked,none
K13a854,13,12,,,,12,unchecked,none
K13a855,13,12,,,,12,unchecked,none
K13a856,13,12,,,,12,unchecked,none
K13a857,13,12,,,,12,unchecked,none
K13a858,13,13,,,,13,unchecked,none
K13a859,13,12,,,,12,unchecked,none
K13a86,13,13,,,,13,unchecked,none
K13a860,13,12,,,,12,unchecked,none
K13a861,13,13,,,,13,unchecked,none
K13a862,13,13,,,,13,unchecked,none
K13a863,13,13,,,,13,unchecked,none
K13a864,13,13,,,,13,unchecked,none
K13a865,13,13,,,,13,unchecked,none
K13a866,13,13,,,,13,unchecked,none
K13a867,13,12,,,,12,unchecked,none
K13a868,13,12,,,,12,unchecked,none
K13a869,13,13,,,,13,unchecked,none
K13a87,13,13,,,,13,unchecked,none
K13a870,13,12,,,,12,unchecked,none
K13a871,13,12,,,,12,unchecked,none
K13a872,13,12,,,,12,unchecked,none
K13a873,13,12,,,,12,unchecked,none
K13a874,13,12,,,,12,unchecked,none
K13a875,13,12,,,,12,unchecked,none
K13a876,13,13,,,,13,unchecked,none
K13a877,13,12,,,,12,unchecked,none
K13a878,13,12,,,,12,unchecked,none
K13a879,13,12,,,,12,unchecked,none
K13a88,13,13,,,,13,unchecked,none
K13a880,13,13,,,,13,unchecked,none
K13a881,13,12,,,,12,unchecked,none
K13a882,13,12,,,,12,unchecked,none
K13a883,13,12,,,,12,unchecked,none
K13a884,13,12,,,,12,unchecked,none
K13a885,13,12,,,,12,unchecked,none
K13a886,13,12,,,,12,unchecked,none
K13a887,13,12,,,,12,unchecked,none
K13a888,13,12,,,,12,unchecked,none
K13a889,13,12,,,,12,unchecked,none
K13a89,13,13,,,,13,unchecked,none
K13a890,13,12,,,,12,unchecked,none
K13a891,13,12,,,,12,unchecked,none
K13a892,13,12,,,,12,unchecked,none
K13a893,13,12,,,,12,unchecked,none
K13a894,13,12,,,,12,unchecked,none
K13a895,13,12,,,,12,unchecked,none
K13a896,13,13,,,,13,unchecked,none
K13a897,13,12,,,,12,unchecked,none
K13a898,13,12,,,,12,unchecked,none
K13a899,13,12,,,,12,unchecked,none
K13a9,13,13,,,,13,unchecked,none
K13a90,13,12,,,,12,unchecked,none
K13a900,13,12,,,,12,unchecked,none
K13a901,13,12,,,,12,unchecked,none
K13a902,13,12,,,,12,unchecked,none
K13a903,13,12,,,,12,unchecked,none
K13a904,13,12,,,,12,unchecked,none
K13a905,13,12,,,,12,unchecked,none
K13a906,13,13,,,,13,unchecked,none
K13a907,13,13,,,,13,unchecked,none
K13a908,13,12,,,,12,unchecked,none
K13a909,13,12,,,,12,unchecked,none
K13a91,13,12,,,,12,unchecked,none
K13a910,13,13,,,,13,unchecked,none
K13a911,13,13,,,,13,unchecked,none
K13a912,13,12,,,,12,unchecked,none
K13a913,13,13,,,,13,unchecked,none
K13a914,13,13,,,,13,unchecked,none
K13a915,13,13,,,,13,unchecked,none
K13a916,13,13,,,,13,unchecked,none
K13a917,13,12,,,,12,unchecked,none
K13a918,13,12,,,,12,unchecked,none
K13a919,13,12,,,,12,unchecked,none
K13a92,13,13,,,,13,unchecked,none
K13a920,13,12,,,,12,unchecked,none
K13a921,13,12,,,,12,unchecked,none
K13a922,13,12,,,,12,unchecked,none
K13a923,13,13,,,,13,unchecked,none
K13a924,13,12,,,,12,unchecked,none
K13a925,13,12,,,,12,unchecked,none
K13a926,13,12,,,,12,unchecked,none
K13a927,13,12,,,,12,unchecked,none
K13a928,13,12,,,,12,unchecked,none
K13a929,13,13,,,,13,unchecked,none
K13a93,13,12,,,,12,unchecked,none
K13a930,13,12,,,,12,unchecked,none
K13a931,13,12,,,,12,unchecked,none
K13a932,13,13,,,,13,unchecked,none
K13a933,13,13,,,,13,unchecked,none
K13a934,13,12,,,,12,unchecked,none
K13a935,13,12,,,,12,unchecked,none
K13a936,13,13,,,,13,unchecked,none
K13a937,13,12,,,,12,unchecked,none
K13a938,13,12,,,,12,unchecked,none
K13a939,13,12,,,,12,matched,none
K13a94,13,12,,,,12,unchecked,none
K13a940,13,12,,,,12,unchecked,none
K13a941,13,12,,,,12,unchecked,none
K13a942,13,12,,,,12,unchecked,none
K13a943,13,13,,,,13,unchecked,none
K13a944,13,13,,,,13,unchecked,none
K13a945,13,12,,,,12,unchecked,none
K13a946,13,12,,,,12,unchecked,none
K13a947,13,12,,,,12,unchecked,none
K13a948,13,12,,,,12,unchecked,none
K13a949,13,12,,,,12,unchecked,none
K13a95,13,12,,,,12,unchecked,none
K13a950,13,12,,,,12,unchecked,none
K13a951,13,12,,,,12,unchecked,none
K13a952,13,12,,,,12,unchecked,none
K13a953,13,12,,,,12,unchecked,none
K13a954,13,13,,,,13,unchecked,none
K13a955,13,12,,,,12,unchecked,none
K13a956,13,12,,,,12,unchecked,none
K13a957,13,13,,,,13,unchecked,none
K13a958,13,12,,,,12,unchecked,none
K13a959,13,13,,,,13,unchecked,none
K13a96,13,12,,,,12,unchecked,none
K13a960,13,13,,,,13,unchecked,none
K13a961,13,12,,,,12,unchecked,none
K13a962,13,12,,,,12,unchecked,none
K13a963,13,12,,,,12,unchecked,none
K13a964,13,12,,,,12,unchecked,none
K13a965,13,13,,,,13,unchecked,none
K13a966,13,12,,,,12,unchecked,none
K13a967,13,12,,,,12,unchecked,none
K13a968,13,12,,,,12,unchecked,none
K13a969,13,12,,,,12,unchecked,none
K13a97,13,12,,,,12,unchecked,none
K13a970,13,12,,,,12,unchecked,none
K13a971,13,12,,,,12,unchecked,none
K13a972,13,12,,,,12,unchecked,none
K13a973,13,12,,,,12,unchecked,none
K13a974,13,12,,,,12,unchecked,none
K13a975,13,12,,,,12,unchecked,none
K13a976,13,12,,,,12,unchecked,none
K13a977,13,12,,,,12,unchecked,none
K13a978,13,12,,,,12,unchecked,none
K13a979,13,12,,,,12,matched,none
K13a98,13,12,,,,12,unchecked,none
K13a980,13,12,,,,12,unchecked,none
K13a981,13,12,,,,12,unchecked,none
K13a982,13,12,,,,12,unchecked,none
K13a983,13,12,,,,12,unchecked,none
K13a984,13,12,,,,12,unchecked,none
K13a985,13,12,,,,12,unchecked,none
K13a986,13,12,,,,12,unchecked,none
K13a987,13,12,,,,12,unchecked,none
K13a988,13,12,,,,12,unchecked,none
K13a989,13,13,,,,13,unchecked,none
K13a99,13,12,,,,12,unchecked,none
K13a990,13,12,,,,12,unchecked,none
K13a991,13,13,,,,13,unchecked,none
K13a992,13,13,,,,13,unchecked,none
K13a993,13,12,,,,12,unchecked,none
K13a994,13,13,,,,13,unchecked,none
K13a995,13,12,,,,12,unchecked,none
K13a996,13,13,,,,13,unchecked,none
K13a997,13,12,,,,12,unchecked,none
K13a998,13,12,,,,12,unchecked,none
K13a999,13,12,,,,12,unchecked,none
K13n1,13,12,,,,12,unchecked,none
K13n10,13,12,,,,12,unchecked,none
K13n100,13,12,,,,12,unchecked,none
K13n1000,13,11,,,,11,unchecked,none
K13n1001,13,12,,,,12,unchecked,none
K13n1002,13,12,,,,12,unchecked,none
K13n1003,13,12,,,,12,unchecked,none
K13n1004,13,11,,,,11,unchecked,none
K13n1005,13,11,,,,11,unchecked,none
K13n1006,13,11,,,,11,unchecked,none
K13n1007,13,12,,,,12,unchecked,none
K13n1008,13,12,,,,12,unchecked,none
K13n1009,13,12,,,,12,unchecked,none
K13n101,13,12,,,,12,unchecked,none
K13n1010,13,12,,,,12,unchecked,none
K13n1011,13,12,,,,12,unchecked,none
K13n1012,13,12,,,,12,unchecked,none
K13n1013,13,12,,,,12,unchecked,none
K13n1014,13,12,,,,12,unchecked,none
K13n1015,13,12,,,,12,unchecked,none
K13n1016,13,12,,,,12,unchecked,none
K13n1017,13,12,,,,12,unchecked,none
K13n1018,13,12,,,,12,unchecked,none
K13n1019,13,12,,,,12,unchecked,none
K13n102,13,12,,,,12,unchecked,none
K13n1020,13,11,,,,11,unchecked,none
K13n1021,13,11,,,,11,unchecked,none
K13n1022,13,12,,,,12,unchecked,none
K13n1023,13,11,,,,11,unchecked,none
K13n1024,13,11,,,,11,unchecked,none
K13n1025,13,12,,,,12,unchecked,none
K13n1026,13,12,,,,12,unchecked,none
K13n1027,13,12,,,,12,unchecked,none
K13n1028,13,11,,,,11,unchecked,none
K13n1029,13,12,,,,12,unchecked,none
K13n103,13,12,,,,12,unchecked,none
K13n1030,13,11,,,,11,unchecked,none
K13n1031,13,11,,,,11,unchecked,none
K13n1032,13,12,,,,12,unchecked,none
K13n1033,13,12,,,,12,matched,none
K13n1034,13,11,,,,11,unchecked,none
K13n1035,13,11,,,,11,unchecked,none
K13n1036,13,12,,,,12,unchecked,none
K13n1037,13,12,,,,12,unchecked,none
K13n1038,13,12,,,,12,unchecked,none
K13n1039,13,11,,,,11,unchecked,none
K13n104,13,12,,,,12,unchecked,none
K13n1040,13,11,,,,11,unchecked,none
K13n1041,13,12,,,,12,unchecked,none
K13n1042,13,11,,,,11,unchecked,none
K13n1043,13,11,,,,11,unchecked,none
K13n1044,13,12,,,,12,unchecked,none
K13n1045,13,12,,,,12,unchecked,none
K13n1046,13,11,,,,11,unchecked,none
K13n1047,13,11,,,,11,unchecked,none
K13n1048,13,12,,,,12,unchecked,none
K13n1049,13,12,,,,12,unchecked,none
K13n105,13,12,,,,12,unchecked,none
K13n1050,13,12,,,,12,unchecked,none
K13n1051,13,12,,,,12,unchecked,none
K13n1052,13,12,,,,12,unchecked,none
K13n1053,13,12,,,,12,unchecked,none
K13n1054,13,12,,,,12,unchecked,none
K13n1055,13,12,,,,12,unchecked,none
K13n1056,13,12,,,,12,unchecked,none
K13n1057,13,12,,,,12,unchecked,none
K13n1058,13,12,,,,12,unchecked,none
K13n1059,13,12,,,,12,unchecked,none
K13n106,13,12,,,,12,unchecked,none
K13n1060,13,12,,,,12,unchecked,none
K13n1061,13,12,,,,12,unchecked,none
K13n1062,13,12,,,,12,unchecked,none
K13n1063,13,12,,,,12,unchecked,none
K13n1064,13,12,,,,12,unchecked,none
K13n1065,13,12,,,,12,unchecked,none
K13n1066,13,11,,,,11,unchecked,none
K13n1067,13,11,,,,11,unchecked,none
K13n1068,13,12,,,,12,unchecked,none
K13n1069,13,12,,,,12,unchecked,none
K13n107,13,12,,,,12,unchecked,none
K13n1070,13,11,,,,11,unchecked,none
K13n1071,13,11,,,,11,unchecked,none
K13n1072,13,12,,,,12,unchecked,none
K13n1073,13,12,,,,12,unchecked,none
K13n1074,13,12,,,,12,unchecked,none
K13n1075,13,12,,,,12,unchecked,none
K13n1076,13,12,,,,12,unchecked,none
K13n1077,13,12,,,,12,unchecked,none
K13n1078,13,13,,,,13,unchecked,none
K13n1079,13,12,,,,12,unchecked,none
K13n108,13,12,,,,12,unchecked,none
K13n1080,13,12,,,,12,unchecked,none
K13n1081,13,12,,,,12,unchecked,none
K13n1082,13,12,,,,12,unchecked,none
K13n1083,13,13,,,,13,unchecked,none
K13n1084,13,12,,,,12,unchecked,none
K13n1085,13,12,,,,12,unchecked,none
K13n1086,13,12,,,,12,unchecked,none
K13n1087,13,12,,,,12,unchecked,none
K13n1088,13,12,,,,12,unchecked,none
K13n1089,13,12,,,,12,unchecked,none
K13n109,13,12,,,,12,unchecked,none
K13n1090,13,12,,,,12,unchecked,none
K13n1091,13,12,,,,12,unchecked,none
K13n1092,13,12,,,,12,unchecked,none
K13n1093,13,12,,,,12,unchecked,none
K13n1094,13,12,,,,12,unchecked,none
K13n1095,13,12,,,,12,unchecked,none
K13n1096,13,12,,,,12,unchecked,none
K13n1097,13,12,,,,12,unchecked,none
K13n1098,13,12,,,,12,unchecked,none
K13n1099,13,12,,,,12,unchecked,none
K13n11,13,12,,,,12,unchecked,none
K13n110,13,12,,,,12,unchecked,none
K13n1100,13,12,,,,12,unchecked,none
K13n1101,13,12,,,,12,unchecked,none
K13n1102,13,12,,,,12,unchecked,none
K13n1103,13,12,,,,12,unchecked,none
K13n1104,13,12,,,,12,unchecked,none
K13n1105,13,12,,,,12,unchecked,none
K13n1106,13,12,,,,12,unchecked,none
K13n1107,13,12,,,,12,unchecked,none
K13n1108,13,12,,,,12,unchecked,none
K13n1109,13,11,,,,11,unchecked,none
K13n111,13,12,,,,12,unchecked,none
K13n1110,13,12,,,,12,unchecked,none
K13n1111,13,12,,,,12,unchecked,none
K13n1112,13,12,,,,12,unchecked,none
K13n1113,13,12,,,,12,unchecked,none
K13n1114,13,12,,,,12,unchecked,none
K13n1115,13,12,,,,12,unchecked,none
K13n1116,13,12,,,,12,unchecked,none
K13n1117,13,11,,,,11,unchecked,none
K13n1118,13,12,,,,12,unchecked,none
K13n1119,13,12,,,,12,unchecked,none
K13n112,13,12,,,,12,unchecked,none
K13n1120,13,12,,,,12,unchecked,none
K13n1121,13,12,,,,12,unchecked,none
K13n1122,13,12,,,,12,unchecked,none
K13n1123,13,12,,,,12,unchecked,none
K13n1124,13,12,,,,12,unchecked,none
K13n1125,13,12,,,,12,unchecked,none
K13n1126,13,12,,,,12,unchecked,none
K13n1127,13,12,,,,12,unchecked,none
K13n1128,13,12,,,,12,unchecked,none
K13n1129,13,12,,,,12,unchecked,none
K13n113,13,12,,,,12,unchecked,none
K13n1130,13,12,,,,12,unchecked,none
K13n1131,13,11,,12,1,11,unchecked,reported_only
K13n1132,13,11,,,,11,unchecked,none
K13n1133,13,11,,,,11,unchecked,none
K13n1134,13,11,,,,11,unchecked,none
K13n1135,13,12,,,,12,unchecked,none
K13n1136,13,12,,,,12,unchecked,none
K13n1137,13,11,,,,11,unchecked,none
K13n1138,13,12,,,,12,unchecked,none
K13n1139,13,12,,,,12,unchecked,none
K13n114,13,12,,,,12,unchecked,none
K13n1140,13,12,,,,12,unchecked,none
K13n1141,13,12,,,,12,unchecked,none
K13n1142,13,12,,,,12,unchecked,none
K13n1143,13,12,,,,12,unchecked,none
K13n1144,13,12,,,,12,unchecked,none
K13n1145,13,12,,,,12,unchecked,none
K13n1146,13,11,,,,11,unchecked,none
K13n1147,13,12,,,,12,unchecked,none
K13n1148,13,12,,,,12,unchecked,none
K13n1149,13,12,,,,12,unchecked,none
K13n115,13,12,,,,12,unchecked,none
K13n1150,13,12,,,,12,unchecked,none
K13n1151,13,12,,,,12,unchecked,none
K13n1152,13,12,,,,12,unchecked,none
K13n1153,13,10,,11,1,10,unchecked,reported_only
K13n1154,13,12,,,,12,unchecked,none
K13n1155,13,11,,12,1,11,unchecked,reported_only
K13n1156,13,12,,,,12,unchecked,none
K13n1157,13,12,,,,12,unchecked,none
K13n1158,13,12,,,,12,unchecked,none
K13n1159,13,12,,,,12,unchecked,none
K13n116,13,12,,,,12,unchecked,none
K13n1160,13,12,,,,12,unchecked,none
K13n1161,13,12,,,,12,unchecked,none
K13n1162,13,12,,,,12,unchecked,none
K13n1163,13,12,,,,12,unchecked,none
K13n1164,13,11,,12,1,11,unchecked,reported_only
K13n1165,13,12,,,,12,unchecked,none
K13n1166,13,12,,,,12,unchecked,none
K13n1167,13,12,,,,12,unchecked,none
K13n1168,13,12,,,,12,unchecked,none
K13n1169,13,12,,,,12,unchecked,none
K13n117,13,12,,12,0,12,unchecked,reported_only
K13n1170,13,11,,,,11,unchecked,none
K13n1171,13,12,,,,12,unchecked,none
K13n1172,13,11,,,,11,unchecked,none
K13n1173,13,12,,,,12,unchecked,none
K13n1174,13,12,,,,12,unchecked,none
K13n1175,13,11,,,,11,unchecked,none
K13n1176,13,11,,11,0,11,unchecked,reported_only
K13n1177,13,11,,11,0,11,unchecked,reported_only
K13n1178,13,11,,,,11,unchecked,none
K13n1179,13,11,,,,11,unchecked,none
K13n118,13,12,,,,12,unchecked,none
K13n1180,13,11,,11,0,11,unchecked,reported_only
K13n1181,13,12,,,,12,unchecked,none
K13n1182,13,12,,,,12,unchecked,none
K13n1183,13,12,,,,12,unchecked,none
K13n1184,13,12,,,,12,unchecked,none
K13n1185,13,12,,,,12,unchecked,none
K13n1186,13,12,,,,12,unchecked,none
K13n1187,13,12,,,,12,unchecked,none
K13n1188,13,12,,,,12,unchecked,none
K13n1189,13,12,,,,12,unchecked,none
K13n119,13,12,,,,12,unchecked,none
K13n1190,13,12,,,,12,unchecked,none
K13n1191,13,12,,,,12,unchecked,none
K13n1192,13,10,10,10,0,10,matched,checked
K13n1193,13,12,,,,12,unchecked,none
K13n1194,13,12,,,,12,unchecked,none
K13n1195,13,12,,,,12,unchecked,none
K13n1196,13,12,,,,12,unchecked,none
K13n1197,13,12,,,,12,unchecked,none
K13n1198,13,12,,,,12,unchecked,none
K13n1199,13,12,,,,12,unchecked,none
K13n12,13,12,,,,12,unchecked,none
K13n120,13,12,,,,12,unchecked,none
K13n1200,13,11,,,,11,unchecked,none
K13n1201,13,11,,,,11,unchecked,none
K13n1202,13,11,,,,11,unchecked,none
K13n1203,13,12,,,,12,unchecked,none
K13n1204,13,12,,,,12,unchecked,none
K13n1205,13,12,,,,12,unchecked,none
K13n1206,13,12,,,,12,unchecked,none
K13n1207,13,12,,,,12,unchecked,none
K13n1208,13,12,,,,12,unchecked,none
K13n1209,13,12,,,,12,unchecked,none
K13n121,13,11,,,,11,unchecked,none
K13n1210,13,11,,,,11,unchecked,none
K13n1211,13,11,,,,11,unchecked,none
K13n1212,13,11,,,,11,unchecked,none
K13n1213,13,12,,,,12,unchecked,none
K13n1214,13,11,,11,0,11,unchecked,reported_only
K13n1215,13,11,,12,1,11,unchecked,reported_only
K13n1216,13,11,,,,11,unchecked,none
K13n1217,13,12,,,,12,unchecked,none
K13n1218,13,12,,,,12,unchecked,none
K13n1219,13,11,,12,1,11,unchecked,reported_only
K13n122,13,11,,,,11,unchecked,none
K13n1220,13,12,,,,12,unchecked,none
K13n1221,13,11,,,,11,unchecked,none
K13n1222,13,11,,,,11,unchecked,none
K13n1223,13,12,,,,12,unchecked,none
K13n1224,13,12,,,,12,unchecked,none
K13n1225,13,12,,,,12,unchecked,none
K13n1226,13,12,,,,12,unchecked,none
K13n1227,13,12,,,,12,unchecked,none
K13n1228,13,11,,,,11,unchecked,none
K13n1229,13,12,,,,12,unchecked,none
K13n123,13,12,,,,12,unchecked,none
K13n1230,13,12,,,,12,unchecked,none
K13n1231,13,12,,,,12,unchecked,none
K13n1232,13,11,,,,11,unchecked,none
K13n1233,13,11,,,,11,unchecked,none
K13n1234,13,12,,,,12,unchecked,none
K13n1235,13,12,,,,12,unchecked,none
K13n1236,13,12,,,,12,unchecked,none
K13n1237,13,12,,,,12,unchecked,none
K13n1238,13,12,,,,12,unchecked,none
K13n1239,13,12,,,,12,unchecked,none
K13n124,13,12,,,,12,unchecked,none
K13n1240,13,12,,,,12,unchecked,none
K13n1241,13,12,,,,12,unchecked,none
K13n1242,13,12,,,,12,unchecked,none
K13n1243,13,12,,,,12,unchecked,none
K13n1244,13,12,,,,12,unchecked,none
K13n1245,13,12,,,,12,unchecked,none
K13n1246,13,12,,,,12,unchecked,none
K13n1247,13,12,,,,12,unchecked,none
K13n1248,13,11,,,,11,unchecked,none
K13n1249,13,11,,11,0,11,unchecked,reported_only
K13n125,13,12,,,,12,unchecked,none
K13n1250,13,12,,,,12,unchecked,none
K13n1251,13,12,,,,12,unchecked,none
K13n1252,13,11,,,,11,unchecked,none
K13n1253,13,12,,,,12,unchecked,none
K13n1254,13,12,,,,12,unchecked,none
K13n1255,13,12,,,,12,unchecked,none
K13n1256,13,12,,,,12,unchecked,none
K13n1257,13,12,,,,12,unchecked,none
K13n1258,13,11,,12,1,11,unchecked,reported_only
K13n1259,13,11,,12,1,11,unchecked,reported_only
K13n126,13,12,,,,12,unchecked,none
K13n1260,13,12,,,,12,unchecked,none
K13n1261,13,12,,,,12,unchecked,none
K13n1262,13,11,,,,11,unchecked,none
K13n1263,13,12,,,,12,unchecked,none
K13n1264,13,12,,,,12,unchecked,none
K13n1265,13,12,,,,12,unchecked,none
K13n1266,13,12,,,,12,unchecked,none
K13n1267,13,12,,,,12,unchecked,none
K13n1268,13,12,,,,12,unchecked,none
K13n1269,13,12,,,,12,unchecked,none
K13n127,13,12,,,,12,unchecked,none
K13n1270,13,11,,,,11,unchecked,none
K13n1271,13,11,,12,1,11,unchecked,reported_only
K13n1272,13,12,,,,12,unchecked,none
K13n1273,13,12,,,,12,unchecked,none
K13n1274,13,12,,,,12,unchecked,none
K13n1275,13,12,,,,12,unchecked,none
K13n1276,13,11,,,,11,unchecked,none
K13n1277,13,12,,,,12,unchecked,none
K13n1278,13,12,,,,12,unchecked,none
K13n1279,13,12,,,,12,unchecked,none
K13n128,13,12,,,,12,unchecked,none
K13n1280,13,12,,,,12,unchecked,none
K13n1281,13,12,,,,12,unchecked,none
K13n1282,13,12,,,,12,unchecked,none
K13n1283,13,12,,,,12,unchecked,none
K13n1284,13,12,,,,12,unchecked,none
K13n1285,13,12,,,,12,unchecked,none
K13n1286,13,12,,,,12,unchecked,none
K13n1287,13,12,,,,12,unchecked,none
K13n1288,13,12,,,,12,unchecked,none
K13n1289,13,12,,,,12,unchecked,none
K13n129,13,11,,12,1,11,unchecked,reported_only
K13n1290,13,12,,,,12,unchecked,none
K13n1291,13,12,,,,12,unchecked,none
K13n1292,13,12,,,,12,unchecked,none
K13n1293,13,12,,,,12,unchecked,none
K13n1294,13,12,,,,12,unchecked,none
K13n1295,13,12,,,,12,unchecked,none
K13n1296,13,11,,,,11,unchecked,none
K13n1297,13,12,,,,12,unchecked,none
K13n1298,13,12,,,,12,unchecked,none
K13n1299,13,12,,,,12,unchecked,none
K13n13,13,12,,,,12,unchecked,none
K13n130,13,11,,,,11,matched,none
K13n1300,13,12,,,,12,unchecked,none
K13n1301,13,12,,,,12,unchecked,none
K13n1302,13,12,,,,12,unchecked,none
K13n1303,13,12,,,,12,unchecked,none
K13n1304,13,12,,,,12,unchecked,none
K13n1305,13,12,,,,12,unchecked,none
K13n1306,13,12,,,,12,unchecked,none
K13n1307,13,12,,,,12,unchecked,none
K13n1308,13,12,,,,12,unchecked,none
K13n1309,13,12,,,,12,unchecked,none
K13n131,13,12,,,,12,unchecked,none
K13n1310,13,12,,,,12,unchecked,none
K13n1311,13,12,,,,12,unchecked,none
K13n1312,13,12,,,,12,unchecked,none
K13n1313,13,12,,,,12,unchecked,none
K13n1314,13,12,,,,12,unchecked,none
K13n1315,13,12,,,,12,unchecked,none
K13n1316,13,12,,,,12,unchecked,none
K13n1317,13,12,,,,12,unchecked,none
K13n1318,13,12,,,,12,unchecked,none
K13n1319,13,12,,,,12,unchecked,none
K13n132,13,12,,,,12,unchecked,none
K13n1320,13,13,,,,13,unchecked,none
K13n1321,13,12,,,,12,unchecked,none
K13n1322,13,12,,,,12,unchecked,none
K13n1323,13,12,,,,12,unchecked,none
K13n1324,13,12,,,,12,unchecked,none
K13n1325,13,12,,,,12,unchecked,none
K13n1326,13,12,,,,12,unchecked,none
K13n1327,13,12,,,,12,unchecked,none
K13n1328,13,12,,,,12,unchecked,none
K13n1329,13,12,,,,12,unchecked,none
K13n133,13,12,,,,12,unchecked,none
K13n1330,13,12,,,,12,unchecked,none
K13n1331,13,12,,,,12,unchecked,none
K13n1332,13,12,,,,12,unchecked,none
K13n1333,13,12,,,,12,unchecked,none
K13n1334,13,12,,,,12,unchecked,none
K13n1335,13,12,,,,12,unchecked,none
K13n1336,13,12,,,,12,unchecked,none
K13n1337,13,12,,,,12,unchecked,none
K13n1338,13,11,,,,11,unchecked,none
K13n1339,13,11,,,,11,unchecked,none
K13n134,13,12,,,,12,unchecked,none
K13n1340,13,12,,,,12,unchecked,none
K13n1341,13,12,,,,12,unchecked,none
K13n1342,13,11,,,,11,unchecked,none
K13n1343,13,11,,12,1,11,unchecked,reported_only
K13n1344,13,12,,,,12,unchecked,none
K13n1345,13,12,,,,12,unchecked,none
K13n1346,13,11,,,,11,unchecked,none
K13n1347,13,11,,,,11,unchecked,none
K13n1348,13,12,,,,12,unchecked,none
K13n1349,13,11,,,,11,unchecked,none
K13n135,13,12,,,,12,unchecked,none
K13n1350,13,12,,,,12,unchecked,none
K13n1351,13,12,,,,12,unchecked,none
K13n1352,13,12,,,,12,unchecked,none
K13n1353,13,11,,,,11,unchecked,none
K13n1354,13,12,,,,12,unchecked,none
K13n1355,13,11,,,,11,unchecked,none
K13n1356,13,11,,,,11,unchecked,none
K13n1357,13,11,,,,11,unchecked,none
K13n1358,13,11,,11,0,11,unchecked,reported_only
K13n1359,13,12,,,,12,unchecked,none
K13n136,13,12,,,,12,unchecked,none
K13n1360,13,12,,,,12,unchecked,none
K13n1361,13,11,,,,11,unchecked,none
K13n1362,13,12,,,,12,unchecked,none
K13n1363,13,12,,,,12,unchecked,none
K13n1364,13,12,,,,12,unchecked,none
K13n1365,13,12,,,,12,unchecked,none
K13n1366,13,12,,,,12,unchecked,none
K13n1367,13,11,,,,11,unchecked,none
K13n1368,13,11,,11,0,11,unchecked,reported_only
K13n1369,13,11,,,,11,unchecked,none
K13n137,13,11,,,,11,unchecked,none
K13n1370,13,11,,,,11,unchecked,none
K13n1371,13,12,,,,12,unchecked,none
K13n1372,13,11,,,,11,unchecked,none
K13n1373,13,11,,,,11,unchecked,none
K13n1374,13,11,,,,11,unchecked,none
K13n1375,13,11,,,,11,unchecked,none
K13n1376,13,12,,,,12,unchecked,none
K13n1377,13,11,,,,11,unchecked,none
K13n1378,13,11,,,,11,unchecked,none
K13n1379,13,12,,,,12,unchecked,none
K13n138,13,11,,,,11,unchecked,none
K13n1380,13,12,,,,12,unchecked,none
K13n1381,13,12,,,,12,unchecked,none
K13n1382,13,12,,,,12,unchecked,none
K13n1383,13,12,,,,12,unchecked,none
K13n1384,13,12,,,,12,unchecked,none
K13n1385,13,12,,,,12,unchecked,none
K13n1386,13,12,,,,12,unchecked,none
K13n1387,13,12,,,,12,unchecked,none
K13n1388,13,12,,,,12,unchecked,none
K13n1389,13,12,,,,12,unchecked,none
K13n139,13,11,,,,11,unchecked,none
K13n1390,13,11,,,,11,unchecked,none
K13n1391,13,12,,,,12,unchecked,none
K13n1392,13,12,,,,12,unchecked,none
K13n1393,13,11,,12,1,11,unchecked,reported_only
K13n1394,13,11,,11,0,11,unchecked,reported_only
K13n1395,13,11,,,,11,unchecked,none
K13n1396,13,11,,11,0,11,unchecked,reported_only
K13n1397,13,11,,,,11,unchecked,none
K13n1398,13,11,,,,11,unchecked,none
K13n1399,13,11,,,,11,unchecked,none
K13n14,13,12,,,,12,unchecked,none
K13n140,13,11,,12,1,11,unchecked,reported_only
K13n1400,13,11,,,,11,unchecked,none
K13n1401,13,11,,,,11,unchecked,none
K13n1402,13,11,,,,11,unchecked,none
K13n1403,13,11,,,,11,unchecked,none
K13n1404,13,11,,,,11,unchecked,none
K13n1405,13,11,,,,11,unchecked,none
K13n1406,13,11,,,,11,matched,none
K13n1407,13,12,,,,12,unchecked,none
K13n1408,13,11,,,,11,unchecked,none
K13n1409,13,11,,,,11,unchecked,none
K13n141,13,11,,,,11,unchecked,none
K13n1410,13,12,,,,12,unchecked,none
K13n1411,13,12,,,,12,unchecked,none
K13n1412,13,12,,,,12,unchecked,none
K13n1413,13,12,,,,12,unchecked,none
K13n1414,13,12,,,,12,unchecked,none
K13n1415,13,12,,,,12,unchecked,none
K13n1416,13,12,,,,12,unchecked,none
K13n1417,13,12,,,,12,unchecked,none
K13n1418,13,12,,,,12,unchecked,none
K13n1419,13,12,,,,12,unchecked,none
K13n142,13,12,,,,12,unchecked,none
K13n1420,13,12,,,,12,unchecked,none
K13n1421,13,12,,,,12,unchecked,none
K13n1422,13,12,,,,12,unchecked,none
K13n1423,13,12,,,,12,unchecked,none
K13n1424,13,11,,12,1,11,unchecked,reported_only
K13n1425,13,11,,11,0,11,unchecked,reported_only
K13n1426,13,11,,11,0,11,unchecked,reported_only
K13n1427,13,11,,12,1,11,unchecked,reported_only
K13n1428,13,11,,12,1,11,unchecked,reported_only
K13n1429,13,12,,,,12,unchecked,none
K13n143,13,12,,,,12,unchecked,none
K13n1430,13,12,,,,12,unchecked,none
K13n1431,13,11,,,,11,unchecked,none
K13n1432,13,11,,,,11,unchecked,none
K13n1433,13,11,,,,11,unchecked,none
K13n1434,13,11,,,,11,unchecked,none
K13n1435,13,11,,,,11,unchecked,none
K13n1436,13,11,,12,1,11,unchecked,reported_only
K13n1437,13,11,,,,11,unchecked,none
K13n1438,13,11,,,,11,unchecked,none
K13n1439,13,12,,,,12,unchecked,none
K13n144,13,12,,,,12,unchecked,none
K13n1440,13,12,,,,12,unchecked,none
K13n1441,13,11,,11,0,11,unchecked,reported_only
K13n1442,13,11,,,,11,unchecked,none
K13n1443,13,12,,,,12,unchecked,none
K13n1444,13,11,,,,11,matched,none
K13n1445,13,11,,11,0,11,unchecked,reported_only
K13n1446,13,11,,,,11,unchecked,none
K13n1447,13,12,,,,12,unchecked,none
K13n1448,13,12,,,,12,unchecked,none
K13n1449,13,11,,,,11,unchecked,none
K13n145,13,11,,,,11,unchecked,none
K13n1450,13,11,,,,11,unchecked,none
K13n1451,13,12,,,,12,unchecked,none
K13n1452,13,12,,,,12,unchecked,none
K13n1453,13,12,,,,12,unchecked,none
K13n1454,13,12,,,,12,unchecked,none
K13n1455,13,10,,10,0,10,unchecked,reported_only
K13n1456,13,11,,12,1,11,unchecked,reported_only
K13n1457,13,12,,,,12,unchecked,none
K13n1458,13,11,,,,11,unchecked,none
K13n1459,13,11,,12,1,11,unchecked,reported_only
K13n146,13,12,,,,12,unchecked,none
K13n1460,13,11,,12,1,11,unchecked,reported_only
K13n1461,13,12,,,,12,unchecked,none
K13n1462,13,11,,,,11,unchecked,none
K13n1463,13,12,,,,12,unchecked,none
K13n1464,13,12,,,,12,unchecked,none
K13n1465,13,11,,,,11,unchecked,none
K13n1466,13,11,,11,0,11,unchecked,reported_only
K13n1467,13,11,,12,1,11,unchecked,reported_only
K13n1468,13,11,,,,11,unchecked,none
K13n1469,13,11,,,,11,unchecked,none
K13n147,13,12,,,,12,unchecked,none
K13n1470,13,11,,11,0,11,unchecked,reported_only
K13n1471,13,11,,,,11,unchecked,none
K13n1472,13,11,,12,1,11,unchecked,reported_only
K13n1473,13,11,,,,11,unchecked,none
K13n1474,13,11,,,,11,unchecked,none
K13n1475,13,11,,,,11,unchecked,none
K13n1476,13,11,,12,1,11,unchecked,reported_only
K13n1477,13,11,,,,11,unchecked,none
K13n1478,13,12,,,,12,unchecked,none
K13n1479,13,12,,,,12,unchecked,none
K13n148,13,12,,,,12,unchecked,none
K13n1480,13,12,,,,12,unchecked,none
K13n1481,13,11,,12,1,11,unchecked,reported_only
K13n1482,13,11,,11,0,11,unchecked,reported_only
K13n1483,13,11,,,,11,unchecked,none
K13n1484,13,11,,,,11,unchecked,none
K13n1485,13,12,,,,12,unchecked,none
K13n1486,13,11,,12,1,11,unchecked,reported_only
K13n1487,13,11,,,,11,unchecked,none
K13n1488,13,11,,,,11,unchecked,none
K13n1489,13,12,,,,12,unchecked,none
K13n149,13,12,,,,12,unchecked,none
K13n1490,13,12,,,,12,unchecked,none
K13n1491,13,12,,,,12,unchecked,none
K13n1492,13,12,,,,12,unchecked,none
K13n1493,13,12,,,,12,unchecked,none
K13n1494,13,12,,,,12,unchecked,none
K13n1495,13,12,,,,12,unchecked,none
K13n1496,13,11,,11,0,11,unchecked,reported_only
K13n1497,13,12,,,,12,unchecked,none
K13n1498,13,12,,,,12,unchecked,none
K13n1499,13,12,,,,12,unchecked,none
K13n15,13,12,,,,12,unchecked,none
K13n150,13,12,,,,12,unchecked,none
K13n1500,13,12,,,,12,unchecked,none
K13n1501,13,12,,,,12,unchecked,none
K13n1502,13,12,,,,12,unchecked,none
K13n1503,13,12,,,,12,unchecked,none
K13n1504,13,12,,,,12,unchecked,none
K13n1505,13,12,,,,12,unchecked,none
K13n1506,13,12,,,,12,unchecked,none
K13n1507,13,11,,,,11,unchecked,none
K13n1508,13,11,,,,11,unchecked,none
K13n1509,13,11,,,,11,unchecked,none
K13n151,13,12,,,,12,unchecked,none
K13n1510,13,11,,,,11,unchecked,none
K13n1511,13,12,,,,12,unchecked,none
K13n1512,13,12,,,,12,unchecked,none
K13n1513,13,11,,11,0,11,unchecked,reported_only
K13n1514,13,11,,,,11,unchecked,none
K13n1515,13,11,,,,11,unchecked,none
K13n1516,13,12,,,,12,unchecked,none
K13n1517,13,12,,,,12,unchecked,none
K13n1518,13,11,,,,11,unchecked,none
K13n1519,13,11,,,,11,unchecked,none
K13n152,13,12,,,,12,unchecked,none
K13n1520,13,12,,,,12,unchecked,none
K13n1521,13,11,,,,11,unchecked,none
K13n1522,13,12,,,,12,unchecked,none
K13n1523,13,12,,,,12,unchecked,none
K13n1524,13,12,,,,12,unchecked,none
K13n1525,13,12,,,,12,unchecked,none
K13n1526,13,11,,,,11,unchecked,none
K13n1527,13,11,,12,1,11,unchecked,reported_only
K13n1528,13,11,,12,1,11,unchecked,reported_only
K13n1529,13,11,,12,1,11,unchecked,reported_only
K13n153,13,12,,,,12,unchecked,none
K13n1530,13,11,,,,11,unchecked,none
K13n1531,13,11,,,,11,unchecked,none
K13n1532,13,11,,12,1,11,unchecked,reported_only
K13n1533,13,11,,12,1,11,unchecked,reported_only
K13n1534,13,11,,12,1,11,unchecked,reported_only
K13n1535,13,12,,,,12,unchecked,none
K13n1536,13,12,,,,12,unchecked,none
K13n1537,13,11,,,,11,unchecked,none
K13n1538,13,12,,,,12,unchecked,none
K13n1539,13,11,,,,11,unchecked,none
K13n154,13,12,,,,12,unchecked,none
K13n1540,13,12,,,,12,unchecked,none
K13n1541,13,11,,11,0,11,unchecked,reported_only
K13n1542,13,11,,11,0,11,unchecked,reported_only
K13n1543,13,12,,,,12,unchecked,none
K13n1544,13,11,,,,11,unchecked,none
K13n1545,13,11,,,,11,unchecked,none
K13n1546,13,11,,11,0,11,unchecked,reported_only
K13n1547,13,11,,,,11,unchecked,none
K13n1548,13,12,,,,12,unchecked,none
K13n1549,13,11,,,,11,unchecked,none
K13n155,13,12,,,,12,unchecked,none
K13n1550,13,11,,,,11,unchecked,none
K13n1551,13,11,,,,11,unchecked,none
K13n1552,13,12,,,,12,unchecked,none
K13n1553,13,11,,,,11,unchecked,none
K13n1554,13,12,,,,12,unchecked,none
K13n1555,13,11,,,,11,unchecked,none
K13n1556,13,11,,,,11,unchecked,none
K13n1557,13,12,,,,12,unchecked,none
K13n1558,13,11,,,,11,unchecked,none
K13n1559,13,11,,,,11,unchecked,none
K13n156,13,11,,,,11,unchecked,none
K13n1560,13,11,,,,11,unchecked,none
K13n1561,13,11,,,,11,unchecked,none
K13n1562,13,12,,,,12,unchecked,none
K13n1563,13,12,,,,12,unchecked,none
K13n1564,13,11,,,,11,unchecked,none
K13n1565,13,12,,,,12,unchecked,none
K13n1566,13,11,,,,11,unchecked,none
K13n1567,13,12,,,,12,unchecked,none
K13n1568,13,11,,,,11,unchecked,none
K13n1569,13,11,,,,11,unchecked,none
K13n157,13,12,,,,12,unchecked,none
K13n1570,13,11,,,,11,unchecked,none
K13n1571,13,11,,,,11,unchecked,none
K13n1572,13,12,,,,12,unchecked,none
K13n1573,13,11,,,,11,unchecked,none
K13n1574,13,12,,,,12,unchecked,none
K13n1575,13,11,,,,11,unchecked,none
K13n1576,13,12,,,,12,unchecked,none
K13n1577,13,12,,,,12,unchecked,none
K13n1578,13,12,,,,12,unchecked,none
K13n1579,13,12,,,,12,unchecked,none
K13n158,13,12,,,,12,unchecked,none
K13n1580,13,12,,,,12,unchecked,none
K13n1581,13,12,,,,12,unchecked,none
K13n1582,13,12,,,,12,unchecked,none
K13n1583,13,12,,,,12,unchecked,none
K13n1584,13,12,,,,12,unchecked,none
K13n1585,13,12,,,,12,unchecked,none
K13n1586,13,12,,,,12,unchecked,none
K13n1587,13,11,,,,11,unchecked,none
K13n1588,13,12,,,,12,unchecked,none
K13n1589,13,12,,,,12,unchecked,none
K13n159,13,11,,,,11,unchecked,none
K13n1590,13,12,,,,12,unchecked,none
K13n1591,13,11,,12,1,11,unchecked,reported_only
K13n1592,13,12,,,,12,unchecked,none
K13n1593,13,11,,11,0,11,unchecked,reported_only
K13n1594,13,12,,,,12,unchecked,none
K13n1595,13,11,,,,11,unchecked,none
K13n1596,13,12,,,,12,unchecked,none
K13n1597,13,11,,,,11,unchecked,none
K13n1598,13,11,,,,11,unchecked,none
K13n1599,13,11,,,,11,unchecked,none
K13n16,13,12,,,,12,unchecked,none
K13n160,13,12,,,,12,unchecked,none
K13n1600,13,12,,,,12,unchecked,none
K13n1601,13,12,,,,12,unchecked,none
K13n1602,13,12,,,,12,unchecked,none
K13n1603,13,11,,12,1,11,unchecked,reported_only
K13n1604,13,11,,,,11,unchecked,none
K13n1605,13,11,,,,11,unchecked,none
K13n1606,13,11,,,,11,unchecked,none
K13n1607,13,11,,,,11,unchecked,none
K13n1608,13,11,,,,11,unchecked,none
K13n1609,13,11,,,,11,unchecked,none
K13n161,13,12,,,,12,unchecked,none
K13n1610,13,11,,,,11,unchecked,none
K13n1611,13,11,,,,11,unchecked,none
K13n1612,13,11,,,,11,unchecked,none
K13n1613,13,12,,,,12,unchecked,none
K13n1614,13,11,,,,11,unchecked,none
K13n1615,13,11,,,,11,unchecked,none
K13n1616,13,11,,,,11,unchecked,none
K13n1617,13,11,,,,11,unchecked,none
K13n1618,13,12,,,,12,unchecked,none
K13n1619,13,11,,12,1,11,unchecked,reported_only
K13n162,13,12,,,,12,unchecked,none
K13n1620,13,11,,,,11,unchecked,none
K13n1621,13,11,,12,1,11,unchecked,reported_only
K13n1622,13,11,,,,11,unchecked,none
K13n1623,13,12,,,,12,unchecked,none
K13n1624,13,12,,,,12,unchecked,none
K13n1625,13,11,,,,11,unchecked,none
K13n1626,13,11,,,,11,unchecked,none
K13n1627,13,12,,,,12,unchecked,none
K13n1628,13,11,,,,11,unchecked,none
K13n1629,13,11,,11,0,11,unchecked,reported_only
K13n163,13,12,,,,12,unchecked,none
K13n1630,13,11,,11,0,11,unchecked,reported_only
K13n1631,13,11,,11,0,11,unchecked,reported_only
K13n1632,13,12,,,,12,unchecked,none
K13n1633,13,11,,,,11,unchecked,none
K13n1634,13,11,,,,11,unchecked,none
K13n1635,13,11,,,,11,unchecked,none
K13n1636,13,11,,,,11,unchecked,none
K13n1637,13,11,,,,11,unchecked,none
K13n1638,13,11,,,,11,unchecked,none
K13n1639,13,11,,,,11,unchecked,none
K13n164,13,12,,,,12,unchecked,none
K13n1640,13,11,,12,1,11,unchecked,reported_only
K13n1641,13,11,,12,1,11,unchecked,reported_only
K13n1642,13,10,,10,0,10,unchecked,reported_only
K13n1643,13,12,,,,12,unchecked,none
K13n1644,13,10,,10,0,10,unchecked,reported_only
K13n1645,13,11,,,,11,unchecked,none
K13n1646,13,11,,11,0,11,unchecked,reported_only
K13n1647,13,11,,,,11,unchecked,none
K13n1648,13,11,,11,0,11,unchecked,reported_only
K13n1649,13,12,,,,12,unchecked,none
K13n165,13,12,,,,12,unchecked,none
K13n1650,13,11,,,,11,unchecked,none
K13n1651,13,11,,,,11,unchecked,none
K13n1652,13,11,,,,11,unchecked,none
K13n1653,13,12,,,,12,unchecked,none
K13n1654,13,12,,,,12,unchecked,none
K13n1655,13,12,,,,12,unchecked,none
K13n1656,13,11,,,,11,unchecked,none
K13n1657,13,11,,,,11,unchecked,none
K13n1658,13,12,,,,12,unchecked,none
K13n1659,13,11,,,,11,unchecked,none
K13n166,13,12,,,,12,unchecked,none
K13n1660,13,12,,,,12,unchecked,none
K13n1661,13,12,,,,12,unchecked,none
K13n1662,13,12,,,,12,unchecked,none
K13n1663,13,12,,,,12,unchecked,none
K13n1664,13,11,,,,11,unchecked,none
K13n1665,13,12,,,,12,unchecked,none
K13n1666,13,12,,,,12,unchecked,none
K13n1667,13,12,,,,12,unchecked,none
K13n1668,13,12,,,,12,unchecked,none
K13n1669,13,11,,,,11,unchecked,none
K13n167,13,12,,,,12,unchecked,none
K13n1670,13,11,,,,11,unchecked,none
K13n1671,13,12,,,,12,unchecked,none
K13n1672,13,12,,,,12,unchecked,none
K13n1673,13,12,,,,12,unchecked,none
K13n1674,13,12,,,,12,unchecked,none
K13n1675,13,12,,,,12,unchecked,none
K13n1676,13,11,,,,11,unchecked,none
K13n1677,13,11,,,,11,unchecked,none
K13n1678,13,12,,,,12,unchecked,none
K13n1679,13,11,,,,11,unchecked,none
K13n168,13,12,,,,12,unchecked,none
K13n1680,13,12,,,,12,unchecked,none
K13n1681,13,11,,,,11,unchecked,none
K13n1682,13,11,,,,11,unchecked,none
K13n1683,13,12,,,,12,unchecked,none
K13n1684,13,12,,,,12,unchecked,none
K13n1685,13,12,,,,12,unchecked,none
K13n1686,13,12,,,,12,unchecked,none
K13n1687,13,11,,,,11,unchecked,none
K13n1688,13,12,,12,0,12,unchecked,reported_only
K13n1689,13,12,,,,12,unchecked,none
K13n169,13,12,,,,12,unchecked,none
K13n1690,13,11,,12,1,11,unchecked,reported_only
K13n1691,13,11,,12,1,11,unchecked,reported_only
K13n1692,13,10,,11,1,10,unchecked,reported_only
K13n1693,13,11,,12,1,11,unchecked,reported_only
K13n1694,13,11,,,,11,unchecked,none
K13n1695,13,12,,,,12,unchecked,none
K13n1696,13,11,,11,0,11,unchecked,reported_only
K13n1697,13,11,,11,0,11,unchecked,reported_only
K13n1698,13,11,,,,11,unchecked,none
K13n1699,13,12,,,,12,unchecked,none
K13n17,13,12,,,,12,unchecked,none
K13n170,13,12,,,,12,unchecked,none
K13n1700,13,11,,11,0,11,unchecked,reported_only
K13n1701,13,11,,,,11,unchecked,none
K13n1702,13,11,,11,0,11,unchecked,reported_only
K13n1703,13,12,,,,12,unchecked,none
K13n1704,13,12,,,,12,unchecked,none
K13n1705,13,11,,11,0,11,unchecked,reported_only
K13n1706,13,11,,,,11,unchecked,none
K13n1707,13,12,,,,12,unchecked,none
K13n1708,13,10,,11,1,10,unchecked,reported_only
K13n1709,13,12,,,,12,unchecked,none
K13n171,13,12,,,,12,unchecked,none
K13n1710,13,12,,,,12,unchecked,none
K13n1711,13,11,,,,11,unchecked,none
K13n1712,13,12,,,,12,unchecked,none
K13n1713,13,11,,,,11,unchecked,none
K13n1714,13,11,,,,11,unchecked,none
K13n1715,13,11,,,,11,unchecked,none
K13n1716,13,10,,11,1,10,unchecked,reported_only
K13n1717,13,11,,11,0,11,unchecked,reported_only
K13n1718,13,10,,11,1,10,unchecked,reported_only
K13n1719,13,10,,11,1,10,unchecked,reported_only
K13n172,13,12,,,,12,unchecked,none
K13n1720,13,11,,11,0,11,unchecked,reported_only
K13n1721,13,12,,,,12,unchecked,none
K13n1722,13,12,,,,12,unchecked,none
K13n1723,13,12,,,,12,unchecked,none
K13n1724,13,11,,,,11,unchecked,none
K13n1725,13,11,,12,1,11,unchecked,reported_only
K13n1726,13,11,,,,11,unchecked,none
K13n1727,13,10,,11,1,10,unchecked,reported_only
K13n1728,13,11,,12,1,11,unchecked,reported_only
K13n1729,13,11,,,,11,unchecked,none
K13n173,13,12,,,,12,unchecked,none
K13n1730,13,12,,,,12,unchecked,none
K13n1731,13,11,,11,0,11,unchecked,reported_only
K13n1732,13,12,,,,12,unchecked,none
K13n1733,13,10,,11,1,10,unchecked,reported_only
K13n1734,13,10,,11,1,10,unchecked,reported_only
K13n1735,13,10,,11,1,10,unchecked,reported_only
K13n1736,13,11,,11,0,11,unchecked,reported_only
K13n1737,13,12,,12,0,12,unchecked,reported_only
K13n1738,13,12,,,,12,unchecked,none
K13n1739,13,10,,10,0,10,unchecked,reported_only
K13n174,13,12,,,,12,unchecked,none
K13n1740,13,11,,,,11,unchecked,none
K13n1741,13,12,,,,12,unchecked,none
K13n1742,13,12,,,,12,unchecked,none
K13n1743,13,12,,,,12,unchecked,none
K13n1744,13,12,,,,12,unchecked,none
K13n1745,13,12,,,,12,unchecked,none
K13n1746,13,12,,,,12,unchecked,none
K13n1747,13,11,,,,11,unchecked,none
K13n1748,13,12,,,,12,unchecked,none
K13n1749,13,11,,,,11,unchecked,none
K13n175,13,12,,,,12,unchecked,none
K13n1750,13,11,,,,11,unchecked,none
K13n1751,13,11,,,,11,unchecked,none
K13n1752,13,10,,10,0,10,unchecked,reported_only
K13n1753,13,11,,,,11,unchecked,none
K13n1754,13,11,,11,0,11,unchecked,reported_only
K13n1755,13,12,,12,0,12,unchecked,reported_only
K13n1756,13,11,,11,0,11,unchecked,reported_only
K13n1757,13,11,,11,0,11,unchecked,reported_only
K13n1758,13,12,,,,12,unchecked,none
K13n1759,13,11,,,,11,unchecked,none
K13n176,13,12,,,,12,unchecked,none
K13n1760,13,11,,12,1,11,unchecked,reported_only
K13n1761,13,11,,11,0,11,unchecked,reported_only
K13n1762,13,11,,11,0,11,unchecked,reported_only
K13n1763,13,11,,11,0,11,unchecked,reported_only
K13n1764,13,12,,,,12,unchecked,none
K13n1765,13,11,,11,0,11,unchecked,reported_only
K13n1766,13,11,,,,11,unchecked,none
K13n1767,13,11,,12,1,11,unchecked,reported_only
K13n1768,13,11,,,,11,unchecked,none
K13n1769,13,12,,,,12,unchecked,none
K13n177,13,13,,,,13,unchecked,none
K13n1770,13,12,,,,12,unchecked,none
K13n1771,13,12,,,,12,unchecked,none
K13n1772,13,11,,,,11,unchecked,none
K13n1773,13,12,,,,12,unchecked,none
K13n1774,13,12,,,,12,unchecked,none
K13n1775,13,11,,,,11,unchecked,none
K13n1776,13,12,,,,12,unchecked,none
K13n1777,13,12,,,,12,unchecked,none
K13n1778,13,11,,12,1,11,unchecked,reported_only
K13n1779,13,11,,11,0,11,unchecked,reported_only
K13n178,13,13,,,,13,unchecked,none
K13n1780,13,11,,11,0,11,unchecked,reported_only
K13n1781,13,11,,11,0,11,unchecked,reported_only
K13n1782,13,12,,,,12,unchecked,none
K13n1783,13,12,,,,12,unchecked,none
K13n1784,13,12,,,,12,unchecked,none
K13n1785,13,11,,11,0,11,unchecked,reported_only
K13n1786,13,11,,11,0,11,unchecked,reported_only
K13n1787,13,12,,,,12,unchecked,none
K13n1788,13,12,,,,12,unchecked,none
K13n1789,13,12,,,,12,unchecked,none
K13n179,13,12,,,,12,unchecked,none
K13n1790,13,12,,,,12,unchecked,none
K13n1791,13,12,,,,12,unchecked,none
K13n1792,13,11,,,,11,unchecked,none
K13n1793,13,11,,,,11,unchecked,none
K13n1794,13,11,,,,11,unchecked,none
K13n1795,13,11,,11,0,11,unchecked,reported_only
K13n1796,13,11,,12,1,11,unchecked,reported_only
K13n1797,13,11,,,,11,unchecked,none
K13n1798,13,11,,,,11,unchecked,none
K13n1799,13,12,,,,12,unchecked,none
K13n18,13,12,,,,12,unchecked,none
K13n180,13,13,,,,13,unchecked,none
K13n1800,13,12,,,,12,unchecked,none
K13n1801,13,12,,,,12,unchecked,none
K13n1802,13,12,,,,12,unchecked,none
K13n1803,13,11,,12,1,11,unchecked,reported_only
K13n1804,13,12,,,,12,unchecked,none
K13n1805,13,11,,,,11,unchecked,none
K13n1806,13,12,,,,12,unchecked,none
K13n1807,13,11,,,,11,unchecked,none
K13n1808,13,12,,,,12,unchecked,none
K13n1809,13,11,,,,11,unchecked,none
K13n181,13,12,,,,12,unchecked,none
K13n1810,13,11,,,,11,unchecked,none
K13n1811,13,11,,,,11,unchecked,none
K13n1812,13,11,,,,11,unchecked,none
K13n1813,13,12,,,,12,unchecked,none
K13n1814,13,11,,,,11,unchecked,none
K13n1815,13,11,,,,11,unchecked,none
K13n1816,13,11,,,,11,unchecked,none
K13n1817,13,11,,12,1,11,unchecked,reported_only
K13n1818,13,11,,,,11,unchecked,none
K13n1819,13,11,,,,11,unchecked,none
K13n182,13,12,,,,12,unchecked,none
K13n1820,13,11,,,,11,unchecked,none
K13n1821,13,11,,12,1,11,unchecked,reported_only
K13n1822,13,11,,,,11,unchecked,none
K13n1823,13,11,,,,11,unchecked,none
K13n1824,13,11,,,,11,unchecked,none
K13n1825,13,11,,12,1,11,unchecked,reported_only
K13n1826,13,11,,,,11,unchecked,none
K13n1827,13,11,,,,11,unchecked,none
K13n1828,13,12,,,,12,unchecked,none
K13n1829,13,11,,,,11,unchecked,none
K13n183,13,12,,,,12,unchecked,none
K13n1830,13,11,,,,11,unchecked,none
K13n1831,13,12,,,,12,unchecked,none
K13n1832,13,11,,11,0,11,unchecked,reported_only
K13n1833,13,11,,,,11,unchecked,none
K13n1834,13,11,,12,1,11,unchecked,reported_only
K13n1835,13,11,,,,11,unchecked,none
K13n1836,13,10,,10,0,10,unchecked,reported_only
K13n1837,13,11,,,,11,unchecked,none
K13n1838,13,11,,11,0,11,unchecked,reported_only
K13n1839,13,11,,,,11,unchecked,none
K13n184,13,12,,,,12,unchecked,none
K13n1840,13,10,,10,0,10,unchecked,reported_only
K13n1841,13,10,,10,0,10,unchecked,reported_only
K13n1842,13,12,,,,12,unchecked,none
K13n1843,13,12,,,,12,unchecked,none
K13n1844,13,10,,10,0,10,unchecked,reported_only
K13n1845,13,11,,,,11,unchecked,none
K13n1846,13,11,,11,0,11,unchecked,reported_only
K13n1847,13,10,,10,0,10,unchecked,reported_only
K13n1848,13,11,,11,0,11,unchecked,reported_only
K13n1849,13,11,,12,1,11,unchecked,reported_only
K13n185,13,12,,,,12,unchecked,none
K13n1850,13,11,,,,11,unchecked,none
K13n1851,13,12,,,,12,unchecked,none
K13n1852,13,11,,,,11,unchecked,none
K13n1853,13,11,,,,11,unchecked,none
K13n1854,13,11,,,,11,unchecked,none
K13n1855,13,10,,10,0,10,unchecked,reported_only
K13n1856,13,10,,11,1,10,unchecked,reported_only
K13n1857,13,12,,,,12,unchecked,none
K13n1858,13,11,,11,0,11,unchecked,reported_only
K13n1859,13,11,,,,11,unchecked,none
K13n186,13,12,,,,12,unchecked,none
K13n1860,13,11,,11,0,11,unchecked,reported_only
K13n1861,13,10,,11,1,10,unchecked,reported_only
K13n1862,13,12,,,,12,unchecked,none
K13n1863,13,11,,11,0,11,unchecked,reported_only
K13n1864,13,11,,11,0,11,unchecked,reported_only
K13n1865,13,11,,12,1,11,unchecked,reported_only
K13n1866,13,11,,,,11,unchecked,none
K13n1867,13,11,,12,1,11,unchecked,reported_only
K13n1868,13,11,,11,0,11,unchecked,reported_only
K13n1869,13,11,,,,11,unchecked,none
K13n187,13,12,,,,12,unchecked,none
K13n1870,13,11,,,,11,unchecked,none
K13n1871,13,12,,,,12,unchecked,none
K13n1872,13,11,,12,1,11,unchecked,reported_only
K13n1873,13,11,,,,11,unchecked,none
K13n1874,13,11,,,,11,unchecked,none
K13n1875,13,11,,12,1,11,unchecked,reported_only
K13n1876,13,11,,12,1,11,unchecked,reported_only
K13n1877,13,12,,,,12,unchecked,none
K13n1878,13,11,,,,11,unchecked,none
K13n1879,13,11,,12,1,11,unchecked,reported_only
K13n188,13,12,,,,12,unchecked,none
K13n1880,13,11,,,,11,unchecked,none
K13n1881,13,11,,,,11,unchecked,none
K13n1882,13,11,,,,11,unchecked,none
K13n1883,13,11,,,,11,unchecked,none
K13n1884,13,11,,11,0,11,unchecked,reported_only
K13n1885,13,11,,,,11,unchecked,none
K13n1886,13,11,,11,0,11,unchecked,reported_only
K13n1887,13,11,,,,11,unchecked,none
K13n1888,13,11,,11,0,11,unchecked,reported_only
K13n1889,13,12,,,,12,unchecked,none
K13n189,13,12,,,,12,unchecked,none
K13n1890,13,11,,,,11,unchecked,none
K13n1891,13,11,,,,11,unchecked,none
K13n1892,13,11,,12,1,11,unchecked,reported_only
K13n1893,13,12,,,,12,unchecked,none
K13n1894,13,12,,,,12,unchecked,none
K13n1895,13,11,,,,11,unchecked,none
K13n1896,13,11,,,,11,unchecked,none
K13n1897,13,11,,,,11,unchecked,none
K13n1898,13,11,,,,11,unchecked,none
K13n1899,13,11,,,,11,unchecked,none
K13n19,13,12,,,,12,unchecked,none
K13n190,13,12,,,,12,unchecked,none
K13n1900,13,11,,,,11,unchecked,none
K13n1901,13,11,,11,0,11,unchecked,reported_only
K13n1902,13,11,,,,11,unchecked,none
K13n1903,13,11,,,,11,unchecked,none
K13n1904,13,11,,,,11,unchecked,none
K13n1905,13,12,,,,12,unchecked,none
K13n1906,13,11,,12,1,11,unchecked,reported_only
K13n1907,13,11,,11,0,11,unchecked,reported_only
K13n1908,13,11,,,,11,unchecked,none
K13n1909,13,12,,,,12,unchecked,none
K13n191,13,12,,,,12,unchecked,none
K13n1910,13,11,,,,11,unchecked,none
K13n1911,13,11,,11,0,11,unchecked,reported_only
K13n1912,13,12,,,,12,unchecked,none
K13n1913,13,11,,,,11,unchecked,none
K13n1914,13,12,,,,12,unchecked,none
K13n1915,13,11,,,,11,unchecked,none
K13n1916,13,10,,11,1,10,unchecked,reported_only
K13n1917,13,11,,,,11,unchecked,none
K13n1918,13,11,,,,11,unchecked,none
K13n1919,13,11,,12,1,11,unchecked,reported_only
K13n192,13,11,,12,1,11,unchecked,reported_only
K13n1920,13,11,,,,11,unchecked,none
K13n1921,13,12,,,,12,unchecked,none
K13n1922,13,11,,,,11,unchecked,none
K13n1923,13,11,,12,1,11,unchecked,reported_only
K13n1924,13,12,,,,12,unchecked,none
K13n1925,13,11,,,,11,unchecked,none
K13n1926,13,11,,11,0,11,unchecked,reported_only
K13n1927,13,12,,,,12,unchecked,none
K13n1928,13,12,,,,12,unchecked,none
K13n1929,13,12,,,,12,unchecked,none
K13n193,13,11,,,,11,unchecked,none
K13n1930,13,11,,12,1,11,unchecked,reported_only
K13n1931,13,11,,11,0,11,unchecked,reported_only
K13n1932,13,11,,,,11,unchecked,none
K13n1933,13,12,,,,12,unchecked,none
K13n1934,13,11,,,,11,unchecked,none
K13n1935,13,12,,,,12,unchecked,none
K13n1936,13,12,,,,12,unchecked,none
K13n1937,13,12,,,,12,unchecked,none
K13n1938,13,11,,,,11,unchecked,none
K13n1939,13,11,,11,0,11,unchecked,reported_only
K13n194,13,11,,,,11,unchecked,none
K13n1940,13,11,,12,1,11,unchecked,reported_only
K13n1941,13,11,,,,11,unchecked,none
K13n1942,13,12,,,,12,unchecked,none
K13n1943,13,11,,11,0,11,unchecked,reported_only
K13n1944,13,11,,,,11,unchecked,none
K13n1945,13,10,,10,0,10,unchecked,reported_only
K13n1946,13,11,,11,0,11,unchecked,reported_only
K13n1947,13,11,,,,11,unchecked,none
K13n1948,13,12,,,,12,unchecked,none
K13n1949,13,11,,,,11,unchecked,none
K13n195,13,11,,,,11,unchecked,none
K13n1950,13,12,,,,12,unchecked,none
K13n1951,13,12,,,,12,unchecked,none
K13n1952,13,11,,,,11,unchecked,none
K13n1953,13,11,,,,11,unchecked,none
K13n1954,13,11,,,,11,unchecked,none
K13n1955,13,12,,,,12,unchecked,none
K13n1956,13,12,,,,12,unchecked,none
K13n1957,13,11,,11,0,11,unchecked,reported_only
K13n1958,13,11,,,,11,unchecked,none
K13n1959,13,11,,,,11,unchecked,none
K13n196,13,12,,,,12,unchecked,none
K13n1960,13,12,,,,12,unchecked,none
K13n1961,13,11,,,,11,unchecked,none
K13n1962,13,11,,,,11,unchecked,none
K13n1963,13,12,,12,0,12,unchecked,reported_only
K13n1964,13,11,,12,1,11,unchecked,reported_only
K13n1965,13,11,,11,0,11,unchecked,reported_only
K13n1966,13,11,,,,11,unchecked,none
K13n1967,13,11,,,,11,unchecked,none
K13n1968,13,11,,,,11,unchecked,none
K13n1969,13,12,,,,12,unchecked,none
K13n197,13,12,,,,12,unchecked,none
K13n1970,13,12,,,,12,unchecked,none
K13n1971,13,11,,,,11,unchecked,none
K13n1972,13,12,,,,12,unchecked,none
K13n1973,13,12,,,,12,unchecked,none
K13n1974,13,12,,,,12,unchecked,none
K13n1975,13,12,,,,12,unchecked,none
K13n1976,13,12,,,,12,unchecked,none
K13n1977,13,12,,,,12,unchecked,none
K13n1978,13,12,,,,12,unchecked,none
K13n1979,13,12,,,,12,unchecked,none
K13n198,13,12,,,,12,unchecked,none
K13n1980,13,12,,,,12,unchecked,none
K13n1981,13,11,,,,11,unchecked,none
K13n1982,13,12,,,,12,matched,none
K13n1983,13,12,,,,12,unchecked,none
K13n1984,13,11,,,,11,unchecked,none
K13n1985,13,11,,,,11,unchecked,none
K13n1986,13,12,,,,12,unchecked,none
K13n1987,13,12,,,,12,unchecked,none
K13n1988,13,12,,,,12,unchecked,none
K13n1989,13,11,,,,11,unchecked,none
K13n199,13,12,,,,12,unchecked,none
K13n1990,13,11,,,,11,unchecked,none
K13n1991,13,11,,,,11,unchecked,none
K13n1992,13,11,,11,0,11,unchecked,reported_only
K13n1993,13,12,,,,12,unchecked,none
K13n1994,13,11,,11,0,11,unchecked,reported_only
K13n1995,13,11,,12,1,11,unchecked,reported_only
K13n1996,13,12,,,,12,unchecked,none
K13n1997,13,11,,,,11,unchecked,none
K13n1998,13,11,,,,11,unchecked,none
K13n1999,13,11,,,,11,unchecked,none
K13n2,13,12,,,,12,unchecked,none
K13n20,13,12,,,,12,unchecked,none
K13n200,13,12,,,,12,unchecked,none
K13n2000,13,11,,11,0,11,unchecked,reported_only
K13n2001,13,11,,,,11,unchecked,none
K13n2002,13,11,,,,11,unchecked,none
K13n2003,13,11,,11,0,11,unchecked,reported_only
K13n2004,13,11,,,,11,unchecked,none
K13n2005,13,11,,,,11,unchecked,none
K13n2006,13,11,,,,11,unchecked,none
K13n2007,13,11,,,,11,unchecked,none
K13n2008,13,12,,,,12,unchecked,none
K13n2009,13,12,,,,12,unchecked,none
K13n201,13,12,,,,12,unchecked,none
K13n2010,13,11,,,,11,unchecked,none
K13n2011,13,11,,,,11,unchecked,none
K13n2012,13,12,,,,12,unchecked,none
K13n2013,13,12,,,,12,unchecked,none
K13n2014,13,11,,,,11,unchecked,none
K13n2015,13,12,,,,12,unchecked,none
K13n2016,13,12,,,,12,unchecked,none
K13n2017,13,12,,,,12,unchecked,none
K13n2018,13,12,,,,12,unchecked,none
K13n2019,13,12,,12,0,12,unchecked,reported_only
K13n202,13,12,,,,12,unchecked,none
K13n2020,13,12,,,,12,unchecked,none
K13n2021,13,12,,,,12,unchecked,none
K13n2022,13,11,,12,1,11,unchecked,reported_only
K13n2023,13,11,,,,11,unchecked,none
K13n2024,13,11,,,,11,unchecked,none
K13n2025,13,12,,,,12,unchecked,none
K13n2026,13,11,,,,11,unchecked,none
K13n2027,13,11,,,,11,unchecked,none
K13n2028,13,11,,,,11,unchecked,none
K13n2029,13,12,,12,0,12,unchecked,reported_only
K13n203,13,11,,,,11,unchecked,none
K13n2030,13,11,,12,1,11,unchecked,reported_only
K13n2031,13,12,,,,12,unchecked,none
K13n2032,13,11,,12,1,11,unchecked,reported_only
K13n2033,13,11,,,,11,unchecked,none
K13n2034,13,11,,,,11,unchecked,none
K13n2035,13,10,,10,0,10,unchecked,reported_only
K13n2036,13,11,,11,0,11,unchecked,reported_only
K13n2037,13,11,,,,11,unchecked,none
K13n2038,13,11,,,,11,unchecked,none
K13n2039,13,11,,,,11,unchecked,none
K13n204,13,11,,,,11,unchecked,none
K13n2040,13,11,,,,11,unchecked,none
K13n2041,13,12,,,,12,unchecked,none
K13n2042,13,11,,,,11,unchecked,none
K13n2043,13,11,,,,11,unchecked,none
K13n2044,13,11,,,,11,unchecked,none
K13n2045,13,12,,,,12,unchecked,none
K13n2046,13,10,,11,1,10,unchecked,reported_only
K13n2047,13,12,,,,12,unchecked,none
K13n2048,13,11,,11,0,11,unchecked,reported_only
K13n2049,13,12,,,,12,unchecked,none
K13n205,13,12,,,,12,unchecked,none
K13n2050,13,12,,,,12,unchecked,none
K13n2051,13,12,,,,12,unchecked,none
K13n2052,13,12,,,,12,unchecked,none
K13n2053,13,10,,11,1,10,unchecked,reported_only
K13n2054,13,12,,,,12,unchecked,none
K13n2055,13,12,,,,12,unchecked,none
K13n2056,13,11,,,,11,unchecked,none
K13n2057,13,12,,,,12,unchecked,none
K13n2058,13,12,,,,12,unchecked,none
K13n2059,13,11,,,,11,unchecked,none
K13n206,13,12,,,,12,unchecked,none
K13n2060,13,12,,,,12,unchecked,none
K13n2061,13,12,,,,12,unchecked,none
K13n2062,13,12,,,,12,unchecked,none
K13n2063,13,12,,,,12,unchecked,none
K13n2064,13,12,,,,12,unchecked,none
K13n2065,13,12,,,,12,unchecked,none
K13n2066,13,11,,12,1,11,unchecked,reported_only
K13n2067,13,11,,,,11,unchecked,none
K13n2068,13,12,,,,12,unchecked,none
K13n2069,13,11,,,,11,unchecked,none
K13n207,13,12,,,,12,unchecked,none
K13n2070,13,11,,,,11,unchecked,none
K13n2071,13,12,,,,12,unchecked,none
K13n2072,13,12,,,,12,unchecked,none
K13n2073,13,11,,11,0,11,unchecked,reported_only
K13n2074,13,11,,12,1,11,unchecked,reported_only
K13n2075,13,11,,,,11,unchecked,none
K13n2076,13,12,,,,12,unchecked,none
K13n2077,13,12,,,,12,unchecked,none
K13n2078,13,12,,,,12,unchecked,none
K13n2079,13,12,,,,12,unchecked,none
K13n208,13,12,,,,12,unchecked,none
K13n2080,13,11,,,,11,unchecked,none
K13n2081,13,12,,,,12,unchecked,none
K13n2082,13,12,,,,12,unchecked,none
K13n2083,13,11,,,,11,unchecked,none
K13n2084,13,11,,,,11,unchecked,none
K13n2085,13,12,,,,12,unchecked,none
K13n2086,13,11,,,,11,unchecked,none
K13n2087,13,11,,,,11,unchecked,none
K13n2088,13,11,,,,11,unchecked,none
K13n2089,13,11,,,,11,unchecked,none
K13n209,13,11,,,,11,unchecked,none
K13n2090,13,11,,,,11,unchecked,none
K13n2091,13,12,,,,12,unchecked,none
K13n2092,13,11,,,,11,unchecked,none
K13n2093,13,11,,,,11,unchecked,none
K13n2094,13,11,,,,11,unchecked,none
K13n2095,13,11,,,,11,unchecked,none
K13n2096,13,11,,,,11,unchecked,none
K13n2097,13,12,,,,12,unchecked,none
K13n2098,13,12,,,,12,unchecked,none
K13n2099,13,12,,,,12,unchecked,none
K13n21,13,12,,,,12,unchecked,none
K13n210,13,11,,,,11,unchecked,none
K13n2100,13,12,,,,12,unchecked,none
K13n2101,13,12,,,,12,unchecked,none
K13n2102,13,11,,11,0,11,unchecked,reported_only
K13n2103,13,12,,,,12,unchecked,none
K13n2104,13,11,,11,0,11,unchecked,reported_only
K13n2105,13,11,,,,11,unchecked,none
K13n2106,13,11,,,,11,unchecked,none
K13n2107,13,12,,,,12,unchecked,none
K13n2108,13,11,,,,11,unchecked,none
K13n2109,13,12,,,,12,unchecked,none
K13n211,13,12,,,,12,unchecked,none
K13n2110,13,12,,,,12,unchecked,none
K13n2111,13,11,,,,11,unchecked,none
K13n2112,13,11,,,,11,unchecked,none
K13n2113,13,12,,,,12,unchecked,none
K13n2114,13,12,,,,12,unchecked,none
K13n2115,13,12,,,,12,unchecked,none
K13n2116,13,11,,,,11,unchecked,none
K13n2117,13,11,,,,11,unchecked,none
K13n2118,13,11,,11,0,11,unchecked,reported_only
K13n2119,13,11,,11,0,11,unchecked,reported_only
K13n212,13,12,,,,12,unchecked,none
K13n2120,13,12,,,,12,unchecked,none
K13n2121,13,12,,,,12,unchecked,none
K13n2122,13,11,,11,0,11,unchecked,reported_only
K13n2123,13,11,,,,11,unchecked,none
K13n2124,13,11,,,,11,unchecked,none
K13n2125,13,11,,,,11,unchecked,none
K13n2126,13,11,,,,11,unchecked,none
K13n2127,13,12,,,,12,unchecked,none
K13n2128,13,11,,,,11,unchecked,none
K13n2129,13,11,,,,11,unchecked,none
K13n213,13,12,,,,12,unchecked,none
K13n2130,13,11,,,,11,unchecked,none
K13n2131,13,11,,,,11,unchecked,none
K13n2132,13,11,,,,11,unchecked,none
K13n2133,13,12,,,,12,unchecked,none
K13n2134,13,12,,12,0,12,unchecked,reported_only
K13n2135,13,12,,,,12,unchecked,none
K13n2136,13,12,,,,12,unchecked,none
K13n2137,13,11,,12,1,11,matched,reported_only
K13n2138,13,12,,,,12,unchecked,none
K13n2139,13,11,,,,11,unchecked,none
K13n214,13,12,,,,12,unchecked,none
K13n2140,13,11,,,,11,unchecked,none
K13n2141,13,11,,,,11,unchecked,none
K13n2142,13,12,,,,12,unchecked,none
K13n2143,13,11,,,,11,unchecked,none
K13n2144,13,12,,,,12,unchecked,none
K13n2145,13,12,,,,12,unchecked,none
K13n2146,13,12,,12,0,12,unchecked,reported_only
K13n2147,13,12,,,,12,unchecked,none
K13n2148,13,11,,12,1,11,unchecked,reported_only
K13n2149,13,11,,11,0,11,unchecked,reported_only
K13n215,13,12,,,,12,unchecked,none
K13n2150,13,11,,11,0,11,unchecked,reported_only
K13n2151,13,11,,,,11,unchecked,none
K13n2152,13,11,,,,11,unchecked,none
K13n2153,13,11,,,,11,unchecked,none
K13n2154,13,10,,,,10,unchecked,none
K13n2155,13,12,,,,12,unchecked,none
K13n2156,13,11,,,,11,unchecked,none
K13n2157,13,11,,11,0,11,unchecked,reported_only
K13n2158,13,11,,,,11,unchecked,none
K13n2159,13,12,,,,12,unchecked,none
K13n216,13,12,,,,12,unchecked,none
K13n2160,13,12,,,,12,unchecked,none
K13n2161,13,11,,,,11,unchecked,none
K13n2162,13,12,,,,12,unchecked,none
K13n2163,13,12,,,,12,unchecked,none
K13n2164,13,12,,,,12,unchecked,none
K13n2165,13,11,,,,11,unchecked,none
K13n2166,13,12,,12,0,12,unchecked,reported_only
K13n2167,13,11,,,,11,unchecked,none
K13n2168,13,11,,,,11,unchecked,none
K13n2169,13,12,,,,12,unchecked,none
K13n217,13,12,,,,12,unchecked,none
K13n2170,13,11,,,,11,unchecked,none
K13n2171,13,11,,,,11,matched,none
K13n2172,13,12,,,,12,unchecked,none
K13n2173,13,11,,,,11,unchecked,none
K13n2174,13,11,,,,11,unchecked,none
K13n2175,13,11,,,,11,unchecked,none
K13n2176,13,11,,,,11,unchecked,none
K13n2177,13,11,,,,11,unchecked,none
K13n2178,13,11,,,,11,unchecked,none
K13n2179,13,11,,,,11,unchecked,none
K13n218,13,12,,,,12,unchecked,none
K13n2180,13,11,,11,0,11,unchecked,reported_only
K13n2181,13,12,,,,12,unchecked,none
K13n2182,13,12,,,,12,unchecked,none
K13n2183,13,11,,,,11,unchecked,none
K13n2184,13,12,,,,12,unchecked,none
K13n2185,13,12,,,,12,unchecked,none
K13n2186,13,12,,,,12,unchecked,none
K13n2187,13,11,,,,11,unchecked,none
K13n2188,13,11,,,,11,unchecked,none
K13n2189,13,12,,,,12,unchecked,none
K13n219,13,12,,,,12,unchecked,none
K13n2190,13,12,,,,12,unchecked,none
K13n2191,13,11,,12,1,11,unchecked,reported_only
K13n2192,13,12,,,,12,unchecked,none
K13n2193,13,11,,,,11,unchecked,none
K13n2194,13,12,,,,12,unchecked,none
K13n2195,13,11,,,,11,unchecked,none
K13n2196,13,11,,,,11,unchecked,none
K13n2197,13,11,,12,1,11,unchecked,reported_only
K13n2198,13,11,,12,1,11,unchecked,reported_only
K13n2199,13,12,,,,12,unchecked,none
K13n22,13,12,,,,12,unchecked,none
K13n220,13,12,,,,12,unchecked,none
K13n2200,13,11,,,,11,unchecked,none
K13n2201,13,12,,,,12,unchecked,none
K13n2202,13,11,,,,11,unchecked,none
K13n2203,13,12,,,,12,unchecked,none
K13n2204,13,12,,,,12,unchecked,none
K13n2205,13,12,,,,12,unchecked,none
K13n2206,13,11,,,,11,unchecked,none
K13n2207,13,11,,,,11,unchecked,none
K13n2208,13,11,,,,11,unchecked,none
K13n2209,13,12,,,,12,unchecked,none
K13n221,13,12,,,,12,unchecked,none
K13n2210,13,11,,,,11,unchecked,none
K13n2211,13,11,,,,11,unchecked,none
K13n2212,13,12,,,,12,unchecked,none
K13n2213,13,11,,,,11,unchecked,none
K13n2214,13,11,,,,11,unchecked,none
K13n2215,13,11,,,,11,unchecked,none
K13n2216,13,12,,,,12,unchecked,none
K13n2217,13,11,,,,11,unchecked,none
K13n2218,13,12,,,,12,unchecked,none
K13n2219,13,12,,,,12,unchecked,none
K13n222,13,12,,,,12,unchecked,none
K13n2220,13,11,,,,11,unchecked,none
K13n2221,13,12,,,,12,unchecked,none
K13n2222,13,11,,11,0,11,unchecked,reported_only
K13n2223,13,11,,,,11,unchecked,none
K13n2224,13,11,,11,0,11,unchecked,reported_only
K13n2225,13,11,,11,0,11,unchecked,reported_only
K13n2226,13,11,,,,11,unchecked,none
K13n2227,13,11,,12,1,11,unchecked,reported_only
K13n2228,13,11,,,,11,unchecked,none
K13n2229,13,12,,,,12,unchecked,none
K13n223,13,12,,,,12,unchecked,none
K13n2230,13,11,,,,11,unchecked,none
K13n2231,13,11,,,,11,unchecked,none
K13n2232,13,11,,,,11,unchecked,none
K13n2233,13,12,,,,12,unchecked,none
K13n2234,13,12,,,,12,unchecked,none
K13n2235,13,11,,12,1,11,unchecked,reported_only
K13n2236,13,11,,,,11,unchecked,none
K13n2237,13,11,,,,11,unchecked,none
K13n2238,13,12,,,,12,unchecked,none
K13n2239,13,12,,,,12,unchecked,none
K13n224,13,12,,,,12,unchecked,none
K13n2240,13,12,,,,12,unchecked,none
K13n2241,13,11,,,,11,unchecked,none
K13n2242,13,11,,,,11,unchecked,none
K13n2243,13,12,,,,12,unchecked,none
K13n2244,13,11,,12,1,11,unchecked,reported_only
K13n2245,13,11,,,,11,unchecked,none
K13n2246,13,11,,,,11,unchecked,none
K13n2247,13,11,,,,11,unchecked,none
K13n2248,13,12,,,,12,unchecked,none
K13n2249,13,12,,,,12,unchecked,none
K13n225,13,10,10,10,0,10,matched,checked
K13n2250,13,12,,,,12,unchecked,none
K13n2251,13,12,,,,12,unchecked,none
K13n2252,13,11,,,,11,unchecked,none
K13n2253,13,11,,,,11,unchecked,none
K13n2254,13,11,,,,11,unchecked,none
K13n2255,13,11,,11,0,11,unchecked,reported_only
K13n2256,13,11,,12,1,11,unchecked,reported_only
K13n2257,13,11,,,,11,unchecked,none
K13n2258,13,11,,,,11,unchecked,none
K13n2259,13,12,,12,0,12,unchecked,reported_only
K13n226,13,11,,12,1,11,unchecked,reported_only
K13n2260,13,11,,11,0,11,unchecked,reported_only
K13n2261,13,11,,11,0,11,unchecked,reported_only
K13n2262,13,12,,,,12,unchecked,none
K13n2263,13,11,,,,11,unchecked,none
K13n2264,13,11,,11,0,11,unchecked,reported_only
K13n2265,13,11,,11,0,11,unchecked,reported_only
K13n2266,13,11,,,,11,unchecked,none
K13n2267,13,11,,11,0,11,unchecked,reported_only
K13n2268,13,12,,,,12,unchecked,none
K13n2269,13,12,,,,12,unchecked,none
K13n227,13,12,,,,12,unchecked,none
K13n2270,13,11,,,,11,unchecked,none
K13n2271,13,11,,,,11,unchecked,none
K13n2272,13,11,,12,1,11,unchecked,reported_only
K13n2273,13,12,,,,12,unchecked,none
K13n2274,13,11,,,,11,unchecked,none
K13n2275,13,11,,,,11,unchecked,none
K13n2276,13,12,,,,12,unchecked,none
K13n2277,13,11,,12,1,11,unchecked,reported_only
K13n2278,13,11,,12,1,11,unchecked,reported_only
K13n2279,13,11,,,,11,unchecked,none
K13n228,13,12,,,,12,unchecked,none
K13n2280,13,11,,11,0,11,unchecked,reported_only
K13n2281,13,11,,,,11,unchecked,none
K13n2282,13,11,,,,11,unchecked,none
K13n2283,13,11,,12,1,11,unchecked,reported_only
K13n2284,13,11,,,,11,unchecked,none
K13n2285,13,11,,,,11,unchecked,none
K13n2286,13,11,,,,11,unchecked,none
K13n2287,13,12,,,,12,unchecked,none
K13n2288,13,11,,,,11,unchecked,none
K13n2289,13,11,,,,11,unchecked,none
K13n229,13,11,,,,11,unchecked,none
K13n2290,13,10,,11,1,10,unchecked,reported_only
K13n2291,13,11,,11,0,11,unchecked,reported_only
K13n2292,13,12,,,,12,unchecked,none
K13n2293,13,10,,11,1,10,unchecked,reported_only
K13n2294,13,12,,,,12,unchecked,none
K13n2295,13,11,,,,11,matched,none
K13n2296,13,11,,,,11,unchecked,none
K13n2297,13,11,,,,11,unchecked,none
K13n2298,13,12,,,,12,unchecked,none
K13n2299,13,12,,,,12,unchecked,none
K13n23,13,12,,,,12,unchecked,none
K13n230,13,10,10,10,0,10,matched,checked
K13n2300,13,11,,,,11,unchecked,none
K13n2301,13,11,,,,11,unchecked,none
K13n2302,13,11,,12,1,11,unchecked,reported_only
K13n2303,13,10,,10,0,10,unchecked,reported_only
K13n2304,13,11,,11,0,11,unchecked,reported_only
K13n2305,13,11,,,,11,unchecked,none
K13n2306,13,10,,11,1,10,unchecked,reported_only
K13n2307,13,11,,,,11,unchecked,none
K13n2308,13,11,,11,0,11,unchecked,reported_only
K13n2309,13,11,,,,11,unchecked,none
K13n231,13,12,,,,12,unchecked,none
K13n2310,13,11,,,,11,unchecked,none
K13n2311,13,12,,,,12,unchecked,none
K13n2312,13,12,,,,12,unchecked,none
K13n2313,13,11,,,,11,unchecked,none
K13n2314,13,11,,,,11,unchecked,none
K13n2315,13,11,,12,1,11,unchecked,reported_only
K13n2316,13,11,,,,11,unchecked,none
K13n2317,13,11,,12,1,11,unchecked,reported_only
K13n2318,13,11,,12,1,11,unchecked,reported_only
K13n2319,13,11,,12,1,11,unchecked,reported_only
K13n232,13,12,,,,12,unchecked,none
K13n2320,13,11,,,,11,unchecked,none
K13n2321,13,12,,,,12,unchecked,none
K13n2322,13,12,,,,12,unchecked,none
K13n2323,13,11,,,,11,unchecked,none
K13n2324,13,11,,,,11,unchecked,none
K13n2325,13,11,,,,11,unchecked,none
K13n2326,13,11,,,,11,unchecked,none
K13n2327,13,11,,,,11,unchecked,none
K13n2328,13,11,,,,11,unchecked,none
K13n2329,13,12,,,,12,unchecked,none
K13n233,13,11,,11,0,11,unchecked,reported_only
K13n2330,13,12,,,,12,unchecked,none
K13n2331,13,11,,,,11,unchecked,none
K13n2332,13,11,,,,11,unchecked,none
K13n2333,13,11,,12,1,11,unchecked,reported_only
K13n2334,13,11,,12,1,11,unchecked,reported_only
K13n2335,13,11,,,,11,unchecked,none
K13n2336,13,11,,,,11,unchecked,none
K13n2337,13,11,,,,11,unchecked,none
K13n2338,13,11,,11,0,11,unchecked,reported_only
K13n2339,13,12,,,,12,unchecked,none
K13n234,13,11,,12,1,11,unchecked,reported_only
K13n2340,13,12,,,,12,unchecked,none
K13n2341,13,11,,,,11,unchecked,none
K13n2342,13,11,,12,1,11,unchecked,reported_only
K13n2343,13,11,,12,1,11,unchecked,reported_only
K13n2344,13,11,,,,11,unchecked,none
K13n2345,13,11,,,,11,unchecked,none
K13n2346,13,11,,11,0,11,unchecked,reported_only
K13n2347,13,12,,,,12,unchecked,none
K13n2348,13,12,,,,12,unchecked,none
K13n2349,13,12,,,,12,unchecked,none
K13n235,13,12,,,,12,unchecked,none
K13n2350,13,11,,,,11,unchecked,none
K13n2351,13,11,,,,11,unchecked,none
K13n2352,13,12,,,,12,unchecked,none
K13n2353,13,11,,,,11,unchecked,none
K13n2354,13,11,,,,11,unchecked,none
K13n2355,13,12,,,,12,unchecked,none
K13n2356,13,12,,,,12,unchecked,none
K13n2357,13,11,,11,0,11,unchecked,reported_only
K13n2358,13,11,,12,1,11,unchecked,reported_only
K13n2359,13,11,,,,11,unchecked,none
K13n236,13,12,,,,12,unchecked,none
K13n2360,13,12,,,,12,unchecked,none
K13n2361,13,11,,,,11,unchecked,none
K13n2362,13,11,,12,1,11,unchecked,reported_only
K13n2363,13,11,,,,11,unchecked,none
K13n2364,13,12,,,,12,unchecked,none
K13n2365,13,11,,,,11,unchecked,none
K13n2366,13,11,,12,1,11,unchecked,reported_only
K13n2367,13,12,,,,12,unchecked,none
K13n2368,13,12,,,,12,unchecked,none
K13n2369,13,12,,,,12,unchecked,none
K13n237,13,12,,,,12,unchecked,none
K13n2370,13,11,,,,11,unchecked,none
K13n2371,13,12,,,,12,unchecked,none
K13n2372,13,12,,,,12,unchecked,none
K13n2373,13,11,,,,11,unchecked,none
K13n2374,13,11,,,,11,unchecked,none
K13n2375,13,12,,,,12,unchecked,none
K13n2376,13,12,,,,12,unchecked,none
K13n2377,13,12,,,,12,unchecked,none
K13n2378,13,11,,,,11,unchecked,none
K13n2379,13,11,,,,11,unchecked,none
K13n238,13,12,,,,12,unchecked,none
K13n2380,13,11,,,,11,unchecked,none
K13n2381,13,12,,,,12,unchecked,none
K13n2382,13,12,,,,12,unchecked,none
K13n2383,13,11,,,,11,unchecked,none
K13n2384,13,12,,,,12,unchecked,none
K13n2385,13,11,,,,11,unchecked,none
K13n2386,13,11,,,,11,unchecked,none
K13n2387,13,12,,,,12,unchecked,none
K13n2388,13,12,,,,12,unchecked,none
K13n2389,13,11,,,,11,unchecked,none
K13n239,13,12,,,,12,unchecked,none
K13n2390,13,11,,,,11,unchecked,none
K13n2391,13,12,,,,12,unchecked,none
K13n2392,13,11,,,,11,unchecked,none
K13n2393,13,11,,,,11,unchecked,none
K13n2394,13,12,,,,12,unchecked,none
K13n2395,13,11,,,,11,unchecked,none
K13n2396,13,11,,,,11,unchecked,none
K13n2397,13,12,,,,12,unchecked,none
K13n2398,13,11,,11,0,11,unchecked,reported_only
K13n2399,13,12,,,,12,unchecked,none
K13n24,13,12,,,,12,unchecked,none
K13n240,13,12,,,,12,unchecked,none
K13n2400,13,12,,,,12,unchecked,none
K13n2401,13,12,,,,12,unchecked,none
K13n2402,13,12,,,,12,unchecked,none
K13n2403,13,12,,,,12,unchecked,none
K13n2404,13,12,,,,12,unchecked,none
K13n2405,13,12,,,,12,unchecked,none
K13n2406,13,12,,,,12,unchecked,none
K13n2407,13,12,,,,12,unchecked,none
K13n2408,13,12,,,,12,unchecked,none
K13n2409,13,12,,,,12,unchecked,none
K13n241,13,12,,,,12,unchecked,none
K13n2410,13,12,,,,12,unchecked,none
K13n2411,13,12,,,,12,unchecked,none
K13n2412,13,12,,,,12,unchecked,none
K13n2413,13,12,,,,12,unchecked,none
K13n2414,13,12,,,,12,unchecked,none
K13n2415,13,12,,,,12,unchecked,none
K13n2416,13,11,,,,11,unchecked,none
K13n2417,13,11,,,,11,unchecked,none
K13n2418,13,12,,,,12,unchecked,none
K13n2419,13,11,,12,1,11,unchecked,reported_only
K13n242,13,12,,,,12,unchecked,none
K13n2420,13,12,,,,12,unchecked,none
K13n2421,13,11,,11,0,11,unchecked,reported_only
K13n2422,13,11,,,,11,unchecked,none
K13n2423,13,12,,,,12,unchecked,none
K13n2424,13,11,,,,11,unchecked,none
K13n2425,13,11,,12,1,11,unchecked,reported_only
K13n2426,13,11,,,,11,unchecked,none
K13n2427,13,12,,,,12,unchecked,none
K13n2428,13,11,,11,0,11,unchecked,reported_only
K13n2429,13,11,,,,11,unchecked,none
K13n243,13,12,,,,12,unchecked,none
K13n2430,13,12,,,,12,unchecked,none
K13n2431,13,12,,,,12,unchecked,none
K13n2432,13,11,,11,0,11,unchecked,reported_only
K13n2433,13,11,,12,1,11,unchecked,reported_only
K13n2434,13,11,,,,11,unchecked,none
K13n2435,13,12,,,,12,unchecked,none
K13n2436,13,10,,10,0,10,unchecked,reported_only
K13n2437,13,12,,,,12,unchecked,none
K13n2438,13,11,,11,0,11,unchecked,reported_only
K13n2439,13,11,,,,11,unchecked,none
K13n244,13,12,,,,12,unchecked,none
K13n2440,13,11,,11,0,11,unchecked,reported_only
K13n2441,13,11,,,,11,unchecked,none
K13n2442,13,10,,11,1,10,unchecked,reported_only
K13n2443,13,11,,,,11,unchecked,none
K13n2444,13,11,,,,11,unchecked,none
K13n2445,13,11,,,,11,unchecked,none
K13n2446,13,11,,11,0,11,unchecked,reported_only
K13n2447,13,11,,,,11,unchecked,none
K13n2448,13,10,,10,0,10,unchecked,reported_only
K13n2449,13,12,,,,12,matched,none
K13n245,13,12,,,,12,unchecked,none
K13n2450,13,11,,,,11,unchecked,none
K13n2451,13,12,,,,12,unchecked,none
K13n2452,13,12,,,,12,unchecked,none
K13n2453,13,12,,,,12,unchecked,none
K13n2454,13,12,,,,12,unchecked,none
K13n2455,13,12,,,,12,unchecked,none
K13n2456,13,11,,,,11,unchecked,none
K13n2457,13,12,,,,12,unchecked,none
K13n2458,13,12,,,,12,unchecked,none
K13n2459,13,11,,,,11,unchecked,none
K13n246,13,12,,,,12,unchecked,none
K13n2460,13,12,,,,12,unchecked,none
K13n2461,13,12,,,,12,unchecked,none
K13n2462,13,11,,,,11,unchecked,none
K13n2463,13,11,,,,11,unchecked,none
K13n2464,13,12,,,,12,unchecked,none
K13n2465,13,11,,,,11,unchecked,none
K13n2466,13,11,,,,11,unchecked,none
K13n2467,13,12,,,,12,unchecked,none
K13n2468,13,12,,,,12,unchecked,none
K13n2469,13,12,,,,12,unchecked,none
K13n247,13,12,,,,12,unchecked,none
K13n2470,13,11,,,,11,unchecked,none
K13n2471,13,12,,,,12,unchecked,none
K13n2472,13,12,,,,12,unchecked,none
K13n2473,13,11,,11,0,11,unchecked,reported_only
K13n2474,13,12,,,,12,unchecked,none
K13n2475,13,11,,11,0,11,unchecked,reported_only
K13n2476,13,11,,,,11,unchecked,none
K13n2477,13,12,,12,0,12,unchecked,reported_only
K13n2478,13,11,,,,11,unchecked,none
K13n2479,13,11,,12,1,11,unchecked,reported_only
K13n248,13,12,,,,12,unchecked,none
K13n2480,13,12,,,,12,unchecked,none
K13n2481,13,12,,,,12,unchecked,none
K13n2482,13,12,,,,12,unchecked,none
K13n2483,13,11,,,,11,unchecked,none
K13n2484,13,11,,12,1,11,unchecked,reported_only
K13n2485,13,11,,,,11,unchecked,none
K13n2486,13,12,,,,12,unchecked,none
K13n2487,13,12,,,,12,unchecked,none
K13n2488,13,11,,12,1,11,unchecked,reported_only
K13n2489,13,11,,,,11,unchecked,none
K13n249,13,12,,,,12,unchecked,none
K13n2490,13,11,,11,0,11,unchecked,reported_only
K13n2491,13,10,,10,0,10,unchecked,reported_only
K13n2492,13,10,,10,0,10,unchecked,reported_only
K13n2493,13,12,,,,12,unchecked,none
K13n2494,13,12,,,,12,unchecked,none
K13n2495,13,11,,,,11,unchecked,none
K13n2496,13,12,,,,12,unchecked,none
K13n2497,13,12,,,,12,unchecked,none
K13n2498,13,10,,11,1,10,unchecked,reported_only
K13n2499,13,12,,,,12,unchecked,none
K13n25,13,12,,,,12,unchecked,none
K13n250,13,11,,11,0,11,unchecked,reported_only
K13n2500,13,12,,,,12,unchecked,none
K13n2501,13,10,,12,2,10,unchecked,reported_only
K13n2502,13,12,,,,12,unchecked,none
K13n2503,13,11,,11,0,11,unchecked,reported_only
K13n2504,13,12,,12,0,12,unchecked,reported_only
K13n2505,13,12,,,,12,unchecked,none
K13n2506,13,11,,,,11,unchecked,none
K13n2507,13,12,,,,12,unchecked,none
K13n2508,13,11,,,,11,unchecked,none
K13n2509,13,11,,,,11,unchecked,none
K13n251,13,12,,,,12,unchecked,none
K13n2510,13,11,,,,11,unchecked,none
K13n2511,13,11,,,,11,unchecked,none
K13n2512,13,11,,,,11,unchecked,none
K13n2513,13,12,,,,12,unchecked,none
K13n2514,13,12,,,,12,unchecked,none
K13n2515,13,12,,,,12,unchecked,none
K13n2516,13,12,,,,12,unchecked,none
K13n2517,13,12,,,,12,unchecked,none
K13n2518,13,11,,,,11,unchecked,none
K13n2519,13,12,,,,12,unchecked,none
K13n252,13,12,,,,12,unchecked,none
K13n2520,13,12,,,,12,unchecked,none
K13n2521,13,11,,,,11,unchecked,none
K13n2522,13,11,,11,0,11,unchecked,reported_only
K13n2523,13,11,,,,11,unchecked,none
K13n2524,13,11,,,,11,unchecked,none
K13n2525,13,11,,,,11,unchecked,none
K13n2526,13,11,,,,11,unchecked,none
K13n2527,13,10,,10,0,10,unchecked,reported_only
K13n2528,13,11,,11,0,11,unchecked,reported_only
K13n2529,13,11,,11,0,11,unchecked,reported_only
K13n253,13,12,,,,12,unchecked,none
K13n2530,13,11,,,,11,unchecked,none
K13n2531,13,11,,,,11,unchecked,none
K13n2532,13,12,,,,12,unchecked,none
K13n2533,13,11,,11,0,11,unchecked,reported_only
K13n2534,13,12,,,,12,unchecked,none
K13n2535,13,11,,,,11,unchecked,none
K13n2536,13,11,,,,11,unchecked,none
K13n2537,13,11,,,,11,unchecked,none
K13n2538,13,11,,12,1,11,unchecked,reported_only
K13n2539,13,11,,12,1,11,unchecked,reported_only
K13n254,13,12,,,,12,unchecked,none
K13n2540,13,11,,,,11,unchecked,none
K13n2541,13,12,,,,12,unchecked,none
K13n2542,13,11,,,,11,unchecked,none
K13n2543,13,11,,,,11,unchecked,none
K13n2544,13,11,,,,11,unchecked,none
K13n2545,13,11,,11,0,11,unchecked,reported_only
K13n2546,13,12,,,,12,unchecked,none
K13n2547,13,11,,,,11,unchecked,none
K13n2548,13,12,,,,12,unchecked,none
K13n2549,13,12,,,,12,unchecked,none
K13n255,13,12,,,,12,unchecked,none
K13n2550,13,11,,12,1,11,unchecked,reported_only
K13n2551,13,11,,,,11,unchecked,none
K13n2552,13,12,,,,12,unchecked,none
K13n2553,13,11,,11,0,11,unchecked,reported_only
K13n2554,13,11,,,,11,unchecked,none
K13n2555,13,12,,,,12,unchecked,none
K13n2556,13,11,,,,11,unchecked,none
K13n2557,13,12,,,,12,unchecked,none
K13n2558,13,12,,,,12,unchecked,none
K13n2559,13,12,,,,12,unchecked,none
K13n256,13,12,,,,12,unchecked,none
K13n2560,13,12,,,,12,unchecked,none
K13n2561,13,11,,,,11,unchecked,none
K13n2562,13,12,,,,12,unchecked,none
K13n2563,13,11,,,,11,unchecked,none
K13n2564,13,11,,,,11,unchecked,none
K13n2565,13,12,,,,12,unchecked,none
K13n2566,13,12,,,,12,unchecked,none
K13n2567,13,11,,,,11,unchecked,none
K13n2568,13,11,,11,0,11,unchecked,reported_only
K13n2569,13,11,,12,1,11,unchecked,reported_only
K13n257,13,12,,,,12,unchecked,none
K13n2570,13,11,,11,0,11,unchecked,reported_only
K13n2571,13,11,,,,11,unchecked,none
K13n2572,13,11,,,,11,unchecked,none
K13n2573,13,12,,,,12,unchecked,none
K13n2574,13,11,,,,11,unchecked,none
K13n2575,13,11,,,,11,unchecked,none
K13n2576,13,11,,,,11,unchecked,none
K13n2577,13,12,,,,12,unchecked,none
K13n2578,13,12,,,,12,unchecked,none
K13n2579,13,12,,,,12,unchecked,none
K13n258,13,12,,,,12,unchecked,none
K13n2580,13,12,,,,12,unchecked,none
K13n2581,13,11,,12,1,11,unchecked,reported_only
K13n2582,13,12,,,,12,unchecked,none
K13n2583,13,12,,,,12,unchecked,none
K13n2584,13,12,,,,12,unchecked,none
K13n2585,13,12,,,,12,unchecked,none
K13n2586,13,12,,,,12,unchecked,none
K13n2587,13,12,,,,12,unchecked,none
K13n2588,13,10,,11,1,10,unchecked,reported_only
K13n2589,13,12,,,,12,unchecked,none
K13n259,13,12,,,,12,unchecked,none
K13n2590,13,11,,,,11,unchecked,none
K13n2591,13,11,,,,11,unchecked,none
K13n2592,13,11,,,,11,unchecked,none
K13n2593,13,12,,,,12,unchecked,none
K13n2594,13,11,,,,11,unchecked,none
K13n2595,13,11,,,,11,unchecked,none
K13n2596,13,11,,12,1,11,unchecked,reported_only
K13n2597,13,11,,,,11,unchecked,none
K13n2598,13,12,,,,12,unchecked,none
K13n2599,13,11,,,,11,unchecked,none
K13n26,13,12,,,,12,unchecked,none
K13n260,13,12,,,,12,unchecked,none
K13n2600,13,11,,,,11,unchecked,none
K13n2601,13,11,,,,11,unchecked,none
K13n2602,13,11,,,,11,unchecked,none
K13n2603,13,11,,,,11,unchecked,none
K13n2604,13,12,,,,12,unchecked,none
K13n2605,13,12,,,,12,unchecked,none
K13n2606,13,11,,,,11,unchecked,none
K13n2607,13,11,,,,11,unchecked,none
K13n2608,13,12,,,,12,unchecked,none
K13n2609,13,12,,,,12,unchecked,none
K13n261,13,12,,,,12,unchecked,none
K13n2610,13,12,,,,12,unchecked,none
K13n2611,13,12,,,,12,unchecked,none
K13n2612,13,11,,11,0,11,unchecked,reported_only
K13n2613,13,11,,,,11,unchecked,none
K13n2614,13,11,,,,11,unchecked,none
K13n2615,13,11,,,,11,unchecked,none
K13n2616,13,11,,,,11,unchecked,none
K13n2617,13,11,,,,11,unchecked,none
K13n2618,13,11,,,,11,unchecked,none
K13n2619,13,11,,,,11,unchecked,none
K13n262,13,12,,,,12,unchecked,none
K13n2620,13,11,,,,11,unchecked,none
K13n2621,13,11,,12,1,11,unchecked,reported_only
K13n2622,13,11,,11,0,11,unchecked,reported_only
K13n2623,13,11,,,,11,unchecked,none
K13n2624,13,11,,,,11,unchecked,none
K13n2625,13,12,,,,12,unchecked,none
K13n2626,13,11,,,,11,unchecked,none
K13n2627,13,11,,,,11,unchecked,none
K13n2628,13,11,,,,11,unchecked,none
K13n2629,13,11,,,,11,unchecked,none
K13n263,13,12,,,,12,unchecked,none
K13n2630,13,11,,,,11,unchecked,none
K13n2631,13,11,,,,11,unchecked,none
K13n2632,13,11,,,,11,unchecked,none
K13n2633,13,11,,11,0,11,unchecked,reported_only
K13n2634,13,11,,,,11,unchecked,none
K13n2635,13,11,,,,11,unchecked,none
K13n2636,13,11,,,,11,unchecked,none
K13n2637,13,12,,12,0,12,unchecked,reported_only
K13n2638,13,12,,,,12,unchecked,none
K13n2639,13,11,,,,11,unchecked,none
K13n264,13,12,,,,12,unchecked,none
K13n2640,13,12,,,,12,unchecked,none
K13n2641,13,11,,12,1,11,unchecked,reported_only
K13n2642,13,11,,,,11,unchecked,none
K13n2643,13,12,,,,12,unchecked,none
K13n2644,13,12,,,,12,unchecked,none
K13n2645,13,12,,,,12,unchecked,none
K13n2646,13,12,,,,12,unchecked,none
K13n2647,13,12,,,,12,unchecked,none
K13n2648,13,11,,,,11,unchecked,none
K13n2649,13,12,,,,12,unchecked,none
K13n265,13,12,,,,12,unchecked,none
K13n2650,13,11,,,,11,unchecked,none
K13n2651,13,11,,,,11,unchecked,none
K13n2652,13,11,,,,11,unchecked,none
K13n2653,13,11,,12,1,11,unchecked,reported_only
K13n2654,13,12,,,,12,unchecked,none
K13n2655,13,11,,11,0,11,unchecked,reported_only
K13n2656,13,11,,,,11,unchecked,none
K13n2657,13,12,,,,12,unchecked,none
K13n2658,13,12,,,,12,unchecked,none
K13n2659,13,11,,,,11,unchecked,none
K13n266,13,12,,,,12,unchecked,none
K13n2660,13,11,,12,1,11,unchecked,reported_only
K13n2661,13,10,,11,1,10,unchecked,reported_only
K13n2662,13,11,,,,11,unchecked,none
K13n2663,13,11,,,,11,unchecked,none
K13n2664,13,11,,,,11,unchecked,none
K13n2665,13,12,,,,12,unchecked,none
K13n2666,13,11,,,,11,unchecked,none
K13n2667,13,12,,,,12,unchecked,none
K13n2668,13,12,,,,12,unchecked,none
K13n2669,13,12,,,,12,unchecked,none
K13n267,13,12,,,,12,unchecked,none
K13n2670,13,12,,,,12,unchecked,none
K13n2671,13,11,,11,0,11,unchecked,reported_only
K13n2672,13,12,,,,12,unchecked,none
K13n2673,13,12,,,,12,unchecked,none
K13n2674,13,12,,,,12,unchecked,none
K13n2675,13,11,,,,11,unchecked,none
K13n2676,13,11,,12,1,11,unchecked,reported_only
K13n2677,13,12,,,,12,unchecked,none
K13n2678,13,11,,,,11,unchecked,none
K13n2679,13,11,,,,11,unchecked,none
K13n268,13,12,,,,12,matched,none
K13n2680,13,12,,,,12,unchecked,none
K13n2681,13,11,,,,11,unchecked,none
K13n2682,13,12,,,,12,unchecked,none
K13n2683,13,11,,11,0,11,unchecked,reported_only
K13n2684,13,11,,,,11,unchecked,none
K13n2685,13,11,,12,1,11,unchecked,reported_only
K13n2686,13,11,,,,11,unchecked,none
K13n2687,13,12,,,,12,unchecked,none
K13n2688,13,11,,,,11,unchecked,none
K13n2689,13,12,,,,12,unchecked,none
K13n269,13,11,,11,0,11,unchecked,reported_only
K13n2690,13,12,,,,12,unchecked,none
K13n2691,13,12,,,,12,unchecked,none
K13n2692,13,11,,12,1,11,unchecked,reported_only
K13n2693,13,11,,,,11,unchecked,none
K13n2694,13,11,,,,11,unchecked,none
K13n2695,13,11,,,,11,unchecked,none
K13n2696,13,11,,12,1,11,unchecked,reported_only
K13n2697,13,12,,,,12,unchecked,none
K13n2698,13,11,,,,11,unchecked,none
K13n2699,13,11,,,,11,unchecked,none
K13n27,13,12,,,,12,unchecked,none
K13n270,13,12,,,,12,unchecked,none
K13n2700,13,12,,,,12,unchecked,none
K13n2701,13,12,,,,12,unchecked,none
K13n2702,13,12,,,,12,unchecked,none
K13n2703,13,12,,,,12,unchecked,none
K13n2704,13,11,,,,11,unchecked,none
K13n2705,13,11,,,,11,unchecked,none
K13n2706,13,11,,,,11,unchecked,none
K13n2707,13,12,,,,12,unchecked,none
K13n2708,13,12,,12,0,12,unchecked,reported_only
K13n2709,13,11,,,,11,unchecked,none
K13n271,13,12,,,,12,unchecked,none
K13n2710,13,12,,,,12,unchecked,none
K13n2711,13,12,,,,12,unchecked,none
K13n2712,13,12,,,,12,unchecked,none
K13n2713,13,12,,,,12,unchecked,none
K13n2714,13,12,,,,12,unchecked,none
K13n2715,13,11,,11,0,11,unchecked,reported_only
K13n2716,13,12,,,,12,unchecked,none
K13n2717,13,11,,,,11,unchecked,none
K13n2718,13,11,,,,11,unchecked,none
K13n2719,13,12,,12,0,12,unchecked,reported_only
K13n272,13,12,,,,12,unchecked,none
K13n2720,13,12,,,,12,unchecked,none
K13n2721,13,12,,,,12,unchecked,none
K13n2722,13,11,,,,11,unchecked,none
K13n2723,13,12,,,,12,unchecked,none
K13n2724,13,12,,,,12,unchecked,none
K13n2725,13,12,,,,12,unchecked,none
K13n2726,13,11,,,,11,unchecked,none
K13n2727,13,11,,,,11,unchecked,none
K13n2728,13,12,,,,12,unchecked,none
K13n2729,13,12,,,,12,unchecked,none
K13n273,13,11,,,,11,unchecked,none
K13n2730,13,11,,,,11,unchecked,none
K13n2731,13,11,,,,11,unchecked,none
K13n2732,13,12,,,,12,unchecked,none
K13n2733,13,11,,,,11,unchecked,none
K13n2734,13,11,,,,11,unchecked,none
K13n2735,13,11,,11,0,11,unchecked,reported_only
K13n2736,13,11,,,,11,unchecked,none
K13n2737,13,12,,,,12,unchecked,none
K13n2738,13,12,,,,12,unchecked,none
K13n2739,13,11,,,,11,unchecked,none
K13n274,13,12,,,,12,unchecked,none
K13n2740,13,11,,11,0,11,unchecked,reported_only
K13n2741,13,11,,,,11,unchecked,none
K13n2742,13,11,,,,11,unchecked,none
K13n2743,13,11,,,,11,unchecked,none
K13n2744,13,12,,,,12,unchecked,none
K13n2745,13,12,,,,12,unchecked,none
K13n2746,13,12,,,,12,unchecked,none
K13n2747,13,11,,,,11,unchecked,none
K13n2748,13,11,,,,11,unchecked,none
K13n2749,13,11,,,,11,unchecked,none
K13n275,13,12,,,,12,unchecked,none
K13n2750,13,11,,,,11,unchecked,none
K13n2751,13,11,,,,11,unchecked,none
K13n2752,13,11,,,,11,unchecked,none
K13n2753,13,12,,,,12,unchecked,none
K13n2754,13,12,,,,12,unchecked,none
K13n2755,13,11,,12,1,11,unchecked,reported_only
K13n2756,13,11,,,,11,unchecked,none
K13n2757,13,12,,,,12,unchecked,none
K13n2758,13,12,,,,12,unchecked,none
K13n2759,13,11,,,,11,unchecked,none
K13n276,13,12,,,,12,unchecked,none
K13n2760,13,12,,,,12,unchecked,none
K13n2761,13,12,,,,12,unchecked,none
K13n2762,13,12,,,,12,unchecked,none
K13n2763,13,12,,,,12,unchecked,none
K13n2764,13,12,,,,12,unchecked,none
K13n2765,13,11,,,,11,unchecked,none
K13n2766,13,11,,11,0,11,unchecked,reported_only
K13n2767,13,11,,,,11,unchecked,none
K13n2768,13,11,,,,11,unchecked,none
K13n2769,13,10,,11,1,10,unchecked,reported_only
K13n277,13,12,,,,12,unchecked,none
K13n2770,13,11,,,,11,unchecked,none
K13n2771,13,11,,,,11,unchecked,none
K13n2772,13,11,,,,11,unchecked,none
K13n2773,13,12,,,,12,unchecked,none
K13n2774,13,11,,,,11,unchecked,none
K13n2775,13,11,,,,11,unchecked,none
K13n2776,13,11,,,,11,unchecked,none
K13n2777,13,11,,,,11,unchecked,none
K13n2778,13,11,,,,11,unchecked,none
K13n2779,13,11,,,,11,unchecked,none
K13n278,13,12,,,,12,unchecked,none
K13n2780,13,12,,,,12,unchecked,none
K13n2781,13,11,,,,11,unchecked,none
K13n2782,13,12,,12,0,12,unchecked,reported_only
K13n2783,13,11,,,,11,unchecked,none
K13n2784,13,11,,11,0,11,unchecked,reported_only
K13n2785,13,12,,,,12,unchecked,none
K13n2786,13,11,,,,11,unchecked,none
K13n2787,13,10,,11,1,10,unchecked,reported_only
K13n2788,13,12,,,,12,unchecked,none
K13n2789,13,12,,,,12,unchecked,none
K13n279,13,12,,,,12,unchecked,none
K13n2790,13,12,,,,12,unchecked,none
K13n2791,13,11,,,,11,unchecked,none
K13n2792,13,11,,11,0,11,unchecked,reported_only
K13n2793,13,11,,,,11,unchecked,none
K13n2794,13,11,,,,11,unchecked,none
K13n2795,13,11,,12,1,11,unchecked,reported_only
K13n2796,13,11,,,,11,unchecked,none
K13n2797,13,11,,,,11,unchecked,none
K13n2798,13,11,,,,11,unchecked,none
K13n2799,13,11,,,,11,unchecked,none
K13n28,13,12,,,,12,unchecked,none
K13n280,13,12,,,,12,unchecked,none
K13n2800,13,12,,,,12,unchecked,none
K13n2801,13,11,,,,11,unchecked,none
K13n2802,13,12,,,,12,unchecked,none
K13n2803,13,12,,12,0,12,unchecked,reported_only
K13n2804,13,11,,,,11,unchecked,none
K13n2805,13,11,,,,11,unchecked,none
K13n2806,13,11,,11,0,11,unchecked,reported_only
K13n2807,13,11,,,,11,unchecked,none
K13n2808,13,12,,,,12,unchecked,none
K13n2809,13,12,,,,12,unchecked,none
K13n281,13,12,,,,12,unchecked,none
K13n2810,13,11,,12,1,11,unchecked,reported_only
K13n2811,13,11,,,,11,unchecked,none
K13n2812,13,12,,,,12,unchecked,none
K13n2813,13,12,,,,12,unchecked,none
K13n2814,13,11,,,,11,unchecked,none
K13n2815,13,11,,12,1,11,unchecked,reported_only
K13n2816,13,11,,12,1,11,unchecked,reported_only
K13n2817,13,12,,,,12,unchecked,none
K13n2818,13,12,,,,12,unchecked,none
K13n2819,13,12,,,,12,unchecked,none
K13n282,13,12,,,,12,unchecked,none
K13n2820,13,11,,12,1,11,unchecked,reported_only
K13n2821,13,11,,,,11,unchecked,none
K13n2822,13,11,,12,1,11,unchecked,reported_only
K13n2823,13,11,,11,0,11,unchecked,reported_only
K13n2824,13,11,,,,11,unchecked,none
K13n2825,13,11,,,,11,unchecked,none
K13n2826,13,11,,,,11,unchecked,none
K13n2827,13,11,,,,11,unchecked,none
K13n2828,13,11,,,,11,unchecked,none
K13n2829,13,11,,,,11,unchecked,none
K13n283,13,12,,,,12,unchecked,none
K13n2830,13,11,,,,11,unchecked,none
K13n2831,13,12,,,,12,unchecked,none
K13n2832,13,12,,,,12,unchecked,none
K13n2833,13,12,,,,12,unchecked,none
K13n2834,13,11,,,,11,unchecked,none
K13n2835,13,11,,,,11,unchecked,none
K13n2836,13,12,,,,12,unchecked,none
K13n2837,13,11,,,,11,unchecked,none
K13n2838,13,12,,,,12,unchecked,none
K13n2839,13,11,,,,11,unchecked,none
K13n284,13,11,,11,0,11,unchecked,reported_only
K13n2840,13,11,,11,0,11,unchecked,reported_only
K13n2841,13,12,,,,12,unchecked,none
K13n2842,13,12,,,,12,unchecked,none
K13n2843,13,12,,,,12,unchecked,none
K13n2844,13,12,,,,12,unchecked,none
K13n2845,13,12,,,,12,unchecked,none
K13n2846,13,12,,,,12,unchecked,none
K13n2847,13,11,,,,11,unchecked,none
K13n2848,13,12,,,,12,unchecked,none
K13n2849,13,11,,,,11,unchecked,none
K13n285,13,10,10,10,0,10,matched,checked
K13n2850,13,11,,,,11,unchecked,none
K13n2851,13,12,,,,12,unchecked,none
K13n2852,13,12,,,,12,unchecked,none
K13n2853,13,12,,,,12,unchecked,none
K13n2854,13,11,,,,11,unchecked,none
K13n2855,13,11,,,,11,unchecked,none
K13n2856,13,12,,,,12,unchecked,none
K13n2857,13,11,,,,11,unchecked,none
K13n2858,13,11,,,,11,unchecked,none
K13n2859,13,12,,,,12,unchecked,none
K13n286,13,12,,,,12,unchecked,none
K13n2860,13,12,,,,12,unchecked,none
K13n2861,13,12,,,,12,unchecked,none
K13n2862,13,11,,,,11,unchecked,none
K13n2863,13,12,,,,12,unchecked,none
K13n2864,13,12,,,,12,matched,none
K13n2865,13,11,,,,11,unchecked,none
K13n2866,13,11,,12,1,11,unchecked,reported_only
K13n2867,13,11,,,,11,unchecked,none
K13n2868,13,10,,10,0,10,unchecked,reported_only
K13n2869,13,11,,,,11,unchecked,none
K13n287,13,12,,,,12,unchecked,none
K13n2870,13,11,,,,11,unchecked,none
K13n2871,13,12,,,,12,unchecked,none
K13n2872,13,10,,10,0,10,unchecked,reported_only
K13n2873,13,11,,,,11,unchecked,none
K13n2874,13,12,,,,12,unchecked,none
K13n2875,13,12,,,,12,unchecked,none
K13n2876,13,11,,,,11,unchecked,none
K13n2877,13,11,,,,11,unchecked,none
K13n2878,13,11,,,,11,unchecked,none
K13n2879,13,11,,,,11,unchecked,none
K13n288,13,10,10,10,0,10,matched,checked
K13n2880,13,12,,,,12,unchecked,none
K13n2881,13,11,,,,11,unchecked,none
K13n2882,13,11,,,,11,unchecked,none
K13n2883,13,12,,,,12,unchecked,none
K13n2884,13,11,,,,11,unchecked,none
K13n2885,13,11,,,,11,unchecked,none
K13n2886,13,12,,,,12,unchecked,none
K13n2887,13,11,,11,0,11,unchecked,reported_only
K13n2888,13,12,,12,0,12,unchecked,reported_only
K13n2889,13,11,,,,11,unchecked,none
K13n289,13,11,,12,1,11,unchecked,reported_only
K13n2890,13,12,,,,12,unchecked,none
K13n2891,13,12,,,,12,unchecked,none
K13n2892,13,12,,,,12,unchecked,none
K13n2893,13,12,,,,12,unchecked,none
K13n2894,13,12,,,,12,unchecked,none
K13n2895,13,12,,,,12,unchecked,none
K13n2896,13,11,,,,11,unchecked,none
K13n2897,13,11,,,,11,unchecked,none
K13n2898,13,12,,,,12,unchecked,none
K13n2899,13,11,,12,1,11,unchecked,reported_only
K13n29,13,11,,,,11,unchecked,none
K13n290,13,12,,,,12,unchecked,none
K13n2900,13,11,,,,11,unchecked,none
K13n2901,13,12,,,,12,unchecked,none
K13n2902,13,11,,,,11,unchecked,none
K13n2903,13,12,,,,12,unchecked,none
K13n2904,13,12,,,,12,unchecked,none
K13n2905,13,11,,,,11,unchecked,none
K13n2906,13,12,,,,12,unchecked,none
K13n2907,13,11,,,,11,unchecked,none
K13n2908,13,11,,,,11,unchecked,none
K13n2909,13,12,,,,12,unchecked,none
K13n291,13,12,,,,12,unchecked,none
K13n2910,13,12,,,,12,unchecked,none
K13n2911,13,12,,,,12,unchecked,none
K13n2912,13,12,,,,12,unchecked,none
K13n2913,13,12,,,,12,unchecked,none
K13n2914,13,12,,,,12,unchecked,none
K13n2915,13,11,,,,11,unchecked,none
K13n2916,13,12,,,,12,unchecked,none
K13n2917,13,12,,,,12,unchecked,none
K13n2918,13,12,,,,12,unchecked,none
K13n2919,13,11,,,,11,unchecked,none
K13n292,13,11,,11,0,11,unchecked,reported_only
K13n2920,13,12,,,,12,unchecked,none
K13n2921,13,12,,,,12,unchecked,none
K13n2922,13,10,,10,0,10,unchecked,reported_only
K13n2923,13,11,,11,0,11,unchecked,reported_only
K13n2924,13,12,,,,12,unchecked,none
K13n2925,13,12,,,,12,unchecked,none
K13n2926,13,12,,,,12,unchecked,none
K13n2927,13,11,,,,11,unchecked,none
K13n2928,13,11,,,,11,unchecked,none
K13n2929,13,12,,,,12,unchecked,none
K13n293,13,11,,11,0,11,unchecked,reported_only
K13n2930,13,12,,,,12,unchecked,none
K13n2931,13,12,,,,12,unchecked,none
K13n2932,13,12,,,,12,unchecked,none
K13n2933,13,12,,,,12,unchecked,none
K13n2934,13,12,,,,12,unchecked,none
K13n2935,13,12,,,,12,unchecked,none
K13n2936,13,12,,,,12,unchecked,none
K13n2937,13,12,,,,12,unchecked,none
K13n2938,13,12,,,,12,unchecked,none
K13n2939,13,12,,,,12,unchecked,none
K13n294,13,12,,,,12,unchecked,none
K13n2940,13,11,,,,11,unchecked,none
K13n2941,13,12,,,,12,unchecked,none
K13n2942,13,11,,12,1,11,unchecked,reported_only
K13n2943,13,12,,,,12,unchecked,none
K13n2944,13,12,,,,12,unchecked,none
K13n2945,13,11,,,,11,unchecked,none
K13n2946,13,12,,,,12,unchecked,none
K13n2947,13,11,,,,11,unchecked,none
K13n2948,13,11,,,,11,unchecked,none
K13n2949,13,12,,,,12,unchecked,none
K13n295,13,12,,,,12,unchecked,none
K13n2950,13,12,,,,12,unchecked,none
K13n2951,13,12,,,,12,unchecked,none
K13n2952,13,11,,,,11,unchecked,none
K13n2953,13,12,,,,12,unchecked,none
K13n2954,13,12,,,,12,unchecked,none
K13n2955,13,12,,,,12,unchecked,none
K13n2956,13,12,,,,12,unchecked,none
K13n2957,13,11,,12,1,11,unchecked,reported_only
K13n2958,13,11,,11,0,11,unchecked,reported_only
K13n2959,13,11,,,,11,unchecked,none
K13n296,13,12,,,,12,unchecked,none
K13n2960,13,11,,12,1,11,unchecked,reported_only
K13n2961,13,11,,12,1,11,unchecked,reported_only
K13n2962,13,12,,,,12,unchecked,none
K13n2963,13,11,,,,11,unchecked,none
K13n2964,13,11,,,,11,unchecked,none
K13n2965,13,12,,,,12,unchecked,none
K13n2966,13,11,,,,11,unchecked,none
K13n2967,13,12,,,,12,unchecked,none
K13n2968,13,12,,,,12,unchecked,none
K13n2969,13,12,,,,12,unchecked,none
K13n297,13,12,,,,12,unchecked,none
K13n2970,13,11,,,,11,unchecked,none
K13n2971,13,12,,,,12,unchecked,none
K13n2972,13,12,,,,12,unchecked,none
K13n2973,13,12,,,,12,unchecked,none
K13n2974,13,11,,,,11,unchecked,none
K13n2975,13,12,,,,12,unchecked,none
K13n2976,13,12,,,,12,unchecked,none
K13n2977,13,12,,,,12,unchecked,none
K13n2978,13,12,,,,12,unchecked,none
K13n2979,13,11,,,,11,unchecked,none
K13n298,13,12,,,,12,unchecked,none
K13n2980,13,11,,,,11,unchecked,none
K13n2981,13,11,,,,11,unchecked,none
K13n2982,13,11,,,,11,unchecked,none
K13n2983,13,12,,,,12,unchecked,none
K13n2984,13,11,,,,11,unchecked,none
K13n2985,13,11,,12,1,11,unchecked,reported_only
K13n2986,13,11,,,,11,unchecked,none
K13n2987,13,11,,,,11,unchecked,none
K13n2988,13,12,,,,12,unchecked,none
K13n2989,13,11,,,,11,unchecked,none
K13n299,13,12,,,,12,unchecked,none
K13n2990,13,11,,,,11,unchecked,none
K13n2991,13,12,,,,12,unchecked,none
K13n2992,13,12,,,,12,unchecked,none
K13n2993,13,11,,,,11,unchecked,none
K13n2994,13,11,,,,11,unchecked,none
K13n2995,13,11,,12,1,11,unchecked,reported_only
K13n2996,13,11,,,,11,unchecked,none
K13n2997,13,11,,12,1,11,unchecked,reported_only
K13n2998,13,11,,,,11,unchecked,none
K13n2999,13,11,,,,11,unchecked,none
K13n3,13,12,,,,12,unchecked,none
K13n30,13,12,,,,12,unchecked,none
K13n300,13,12,,,,12,unchecked,none
K13n3000,13,12,,,,12,unchecked,none
K13n3001,13,12,,,,12,unchecked,none
K13n3002,13,11,,,,11,unchecked,none
K13n3003,13,12,,,,12,unchecked,none
K13n3004,13,12,,,,12,unchecked,none
K13n3005,13,12,,,,12,unchecked,none
K13n3006,13,12,,,,12,unchecked,none
K13n3007,13,11,,,,11,unchecked,none
K13n3008,13,11,,,,11,unchecked,none
K13n3009,13,11,,,,11,unchecked,none
K13n301,13,12,,,,12,unchecked,none
K13n3010,13,12,,,,12,unchecked,none
K13n3011,13,11,,11,0,11,unchecked,reported_only
K13n3012,13,12,,,,12,unchecked,none
K13n3013,13,11,,12,1,11,unchecked,reported_only
K13n3014,13,11,,,,11,unchecked,none
K13n3015,13,12,,,,12,unchecked,none
K13n3016,13,12,,,,12,unchecked,none
K13n3017,13,11,,,,11,unchecked,none
K13n3018,13,12,,,,12,unchecked,none
K13n3019,13,11,,,,11,unchecked,none
K13n302,13,12,,,,12,unchecked,none
K13n3020,13,12,,,,12,unchecked,none
K13n3021,13,11,,11,0,11,unchecked,reported_only
K13n3022,13,11,,,,11,unchecked,none
K13n3023,13,10,,12,2,10,unchecked,reported_only
K13n3024,13,11,,12,1,11,unchecked,reported_only
K13n3025,13,11,,,,11,unchecked,none
K13n3026,13,12,,,,12,unchecked,none
K13n3027,13,11,,12,1,11,unchecked,reported_only
K13n3028,13,11,,12,1,11,unchecked,reported_only
K13n3029,13,11,,,,11,unchecked,none
K13n303,13,12,,,,12,unchecked,none
K13n3030,13,12,,,,12,unchecked,none
K13n3031,13,12,,,,12,unchecked,none
K13n3032,13,12,,,,12,unchecked,none
K13n3033,13,11,,,,11,unchecked,none
K13n3034,13,11,,12,1,11,unchecked,reported_only
K13n3035,13,12,,,,12,unchecked,none
K13n3036,13,12,,,,12,unchecked,none
K13n3037,13,11,,,,11,unchecked,none
K13n3038,13,11,,,,11,unchecked,none
K13n3039,13,12,,,,12,unchecked,none
K13n304,13,12,,,,12,unchecked,none
K13n3040,13,10,,12,2,10,unchecked,reported_only
K13n3041,13,11,,12,1,11,unchecked,reported_only
K13n3042,13,11,,,,11,unchecked,none
K13n3043,13,11,,,,11,unchecked,none
K13n3044,13,11,,,,11,unchecked,none
K13n3045,13,11,,,,11,unchecked,none
K13n3046,13,12,,,,12,unchecked,none
K13n3047,13,11,,,,11,unchecked,none
K13n3048,13,11,,11,0,11,unchecked,reported_only
K13n3049,13,12,,,,12,unchecked,none
K13n305,13,12,,,,12,unchecked,none
K13n3050,13,11,,,,11,unchecked,none
K13n3051,13,12,,,,12,unchecked,none
K13n3052,13,11,,,,11,unchecked,none
K13n3053,13,11,,,,11,unchecked,none
K13n3054,13,11,,11,0,11,unchecked,reported_only
K13n3055,13,11,,,,11,unchecked,none
K13n3056,13,12,,,,12,unchecked,none
K13n3057,13,12,,,,12,unchecked,none
K13n3058,13,11,,,,11,unchecked,none
K13n3059,13,11,,,,11,unchecked,none
K13n306,13,12,,,,12,unchecked,none
K13n3060,13,12,,,,12,unchecked,none
K13n3061,13,12,,,,12,unchecked,none
K13n3062,13,12,,,,12,unchecked,none
K13n3063,13,11,,,,11,unchecked,none
K13n3064,13,11,,,,11,unchecked,none
K13n3065,13,12,,,,12,unchecked,none
K13n3066,13,12,,,,12,unchecked,none
K13n3067,13,12,,,,12,unchecked,none
K13n3068,13,12,,,,12,unchecked,none
K13n3069,13,11,,,,11,unchecked,none
K13n307,13,10,10,10,0,10,matched,checked
K13n3070,13,11,,,,11,unchecked,none
K13n3071,13,11,,,,11,unchecked,none
K13n3072,13,12,,,,12,unchecked,none
K13n3073,13,11,,,,11,unchecked,none
K13n3074,13,11,,,,11,unchecked,none
K13n3075,13,11,,,,11,unchecked,none
K13n3076,13,12,,,,12,unchecked,none
K13n3077,13,11,,,,11,unchecked,none
K13n3078,13,11,,,,11,unchecked,none
K13n3079,13,12,,,,12,unchecked,none
K13n308,13,12,,,,12,unchecked,none
K13n3080,13,12,,,,12,unchecked,none
K13n3081,13,11,,,,11,unchecked,none
K13n3082,13,10,,11,1,10,unchecked,reported_only
K13n3083,13,11,,,,11,unchecked,none
K13n3084,13,11,,,,11,unchecked,none
K13n3085,13,11,,,,11,unchecked,none
K13n3086,13,12,,,,12,unchecked,none
K13n3087,13,12,,,,12,unchecked,none
K13n3088,13,12,,,,12,unchecked,none
K13n3089,13,11,,11,0,11,unchecked,reported_only
K13n309,13,12,,,,12,unchecked,none
K13n3090,13,12,,,,12,unchecked,none
K13n3091,13,11,,,,11,unchecked,none
K13n3092,13,12,,,,12,unchecked,none
K13n3093,13,12,,,,12,unchecked,none
K13n3094,13,10,,11,1,10,unchecked,reported_only
K13n3095,13,11,,,,11,unchecked,none
K13n3096,13,11,,12,1,11,unchecked,reported_only
K13n3097,13,12,,,,12,unchecked,none
K13n3098,13,11,,12,1,11,unchecked,reported_only
K13n3099,13,11,,,,11,unchecked,none
K13n31,13,12,,,,12,unchecked,none
K13n310,13,12,,,,12,unchecked,none
K13n3100,13,12,,,,12,unchecked,none
K13n3101,13,11,,12,1,11,unchecked,reported_only
K13n3102,13,12,,,,12,unchecked,none
K13n3103,13,12,,,,12,unchecked,none
K13n3104,13,12,,,,12,unchecked,none
K13n3105,13,12,,,,12,unchecked,none
K13n3106,13,11,,11,0,11,unchecked,reported_only
K13n3107,13,11,,,,11,unchecked,none
K13n3108,13,11,,,,11,unchecked,none
K13n3109,13,11,,11,0,11,unchecked,reported_only
K13n311,13,12,,,,12,unchecked,none
K13n3110,13,12,,,,12,unchecked,none
K13n3111,13,11,,12,1,11,unchecked,reported_only
K13n3112,13,12,,,,12,unchecked,none
K13n3113,13,11,,,,11,unchecked,none
K13n3114,13,11,,,,11,unchecked,none
K13n3115,13,11,,,,11,unchecked,none
K13n3116,13,12,,,,12,unchecked,none
K13n3117,13,12,,,,12,unchecked,none
K13n3118,13,12,,,,12,unchecked,none
K13n3119,13,11,,,,11,unchecked,none
K13n312,13,12,,,,12,unchecked,none
K13n3120,13,11,,,,11,unchecked,none
K13n3121,13,12,,,,12,unchecked,none
K13n3122,13,11,,,,11,unchecked,none
K13n3123,13,12,,,,12,unchecked,none
K13n3124,13,12,,,,12,unchecked,none
K13n3125,13,11,,,,11,unchecked,none
K13n3126,13,11,,,,11,unchecked,none
K13n3127,13,12,,,,12,unchecked,none
K13n3128,13,11,,,,11,unchecked,none
K13n3129,13,12,,,,12,unchecked,none
K13n313,13,12,,,,12,unchecked,none
K13n3130,13,11,,11,0,11,unchecked,reported_only
K13n3131,13,11,,,,11,unchecked,none
K13n3132,13,12,,,,12,unchecked,none
K13n3133,13,12,,,,12,unchecked,none
K13n3134,13,11,,,,11,unchecked,none
K13n3135,13,12,,,,12,unchecked,none
K13n3136,13,12,,,,12,unchecked,none
K13n3137,13,11,,,,11,unchecked,none
K13n3138,13,12,,,,12,unchecked,none
K13n3139,13,11,,,,11,unchecked,none
K13n314,13,12,,,,12,unchecked,none
K13n3140,13,11,,,,11,unchecked,none
K13n3141,13,11,,,,11,unchecked,none
K13n3142,13,11,,,,11,unchecked,none
K13n3143,13,11,,,,11,unchecked,none
K13n3144,13,11,,,,11,unchecked,none
K13n3145,13,11,,,,11,unchecked,none
K13n3146,13,11,,,,11,unchecked,none
K13n3147,13,11,,,,11,unchecked,none
K13n3148,13,12,,,,12,unchecked,none
K13n3149,13,11,,11,0,11,unchecked,reported_only
K13n315,13,12,,,,12,unchecked,none
K13n3150,13,11,,12,1,11,unchecked,reported_only
K13n3151,13,11,,,,11,matched,none
K13n3152,13,12,,,,12,unchecked,none
K13n3153,13,11,,,,11,unchecked,none
K13n3154,13,12,,,,12,unchecked,none
K13n3155,13,11,,12,1,11,unchecked,reported_only
K13n3156,13,11,,11,0,11,unchecked,reported_only
K13n3157,13,11,,,,11,unchecked,none
K13n3158,13,10,,11,1,10,unchecked,reported_only
K13n3159,13,11,,,,11,unchecked,none
K13n316,13,12,,,,12,unchecked,none
K13n3160,13,11,,,,11,unchecked,none
K13n3161,13,12,,,,12,unchecked,none
K13n3162,13,12,,,,12,unchecked,none
K13n3163,13,11,,,,11,unchecked,none
K13n3164,13,10,,12,2,10,unchecked,reported_only
K13n3165,13,11,,,,11,unchecked,none
K13n3166,13,12,,,,12,unchecked,none
K13n3167,13,11,,,,11,unchecked,none
K13n3168,13,12,,,,12,unchecked,none
K13n3169,13,12,,,,12,unchecked,none
K13n317,13,11,,,,11,unchecked,none
K13n3170,13,12,,,,12,unchecked,none
K13n3171,13,12,,,,12,unchecked,none
K13n3172,13,11,,,,11,unchecked,none
K13n3173,13,12,,,,12,unchecked,none
K13n3174,13,12,,,,12,unchecked,none
K13n3175,13,12,,,,12,unchecked,none
K13n3176,13,11,,,,11,unchecked,none
K13n3177,13,11,,,,11,unchecked,none
K13n3178,13,11,,,,11,unchecked,none
K13n3179,13,12,,,,12,unchecked,none
K13n318,13,12,,,,12,unchecked,none
K13n3180,13,11,,11,0,11,unchecked,reported_only
K13n3181,13,12,,,,12,unchecked,none
K13n3182,13,11,,12,1,11,unchecked,reported_only
K13n3183,13,11,,11,0,11,unchecked,reported_only
K13n3184,13,11,,12,1,11,unchecked,reported_only
K13n3185,13,11,,12,1,11,unchecked,reported_only
K13n3186,13,12,,,,12,unchecked,none
K13n3187,13,11,,,,11,unchecked,none
K13n3188,13,11,,,,11,unchecked,none
K13n3189,13,11,,,,11,unchecked,none
K13n319,13,12,,,,12,unchecked,none
K13n3190,13,11,,11,0,11,unchecked,reported_only
K13n3191,13,11,,,,11,unchecked,none
K13n3192,13,11,,11,0,11,unchecked,reported_only
K13n3193,13,11,,,,11,unchecked,none
K13n3194,13,11,,,,11,unchecked,none
K13n3195,13,12,,,,12,unchecked,none
K13n3196,13,12,,,,12,unchecked,none
K13n3197,13,12,,,,12,unchecked,none
K13n3198,13,11,,,,11,unchecked,none
K13n3199,13,12,,,,12,unchecked,none
K13n32,13,12,,,,12,unchecked,none
K13n320,13,12,,,,12,unchecked,none
K13n3200,13,12,,,,12,unchecked,none
K13n3201,13,11,,,,11,unchecked,none
K13n3202,13,12,,,,12,unchecked,none
K13n3203,13,12,,,,12,unchecked,none
K13n3204,13,11,,,,11,unchecked,none
K13n3205,13,11,,,,11,unchecked,none
K13n3206,13,11,,,,11,unchecked,none
K13n3207,13,10,,10,0,10,unchecked,reported_only
K13n3208,13,11,,,,11,unchecked,none
K13n3209,13,12,,,,12,unchecked,none
K13n321,13,12,,,,12,unchecked,none
K13n3210,13,12,,,,12,unchecked,none
K13n3211,13,11,,,,11,unchecked,none
K13n3212,13,11,,12,1,11,unchecked,reported_only
K13n3213,13,11,,,,11,unchecked,none
K13n3214,13,12,,,,12,unchecked,none
K13n3215,13,12,,,,12,unchecked,none
K13n3216,13,12,,,,12,unchecked,none
K13n3217,13,11,,,,11,unchecked,none
K13n3218,13,11,,,,11,unchecked,none
K13n3219,13,12,,,,12,unchecked,none
K13n322,13,12,,,,12,unchecked,none
K13n3220,13,11,,,,11,unchecked,none
K13n3221,13,11,,12,1,11,unchecked,reported_only
K13n3222,13,12,,,,12,unchecked,none
K13n3223,13,12,,,,12,unchecked,none
K13n3224,13,12,,,,12,unchecked,none
K13n3225,13,12,,,,12,unchecked,none
K13n3226,13,11,,,,11,unchecked,none
K13n3227,13,11,,,,11,unchecked,none
K13n3228,13,11,,,,11,unchecked,none
K13n3229,13,12,,,,12,unchecked,none
K13n323,13,12,,,,12,unchecked,none
K13n3230,13,12,,,,12,unchecked,none
K13n3231,13,12,,,,12,unchecked,none
K13n3232,13,11,,11,0,11,unchecked,reported_only
K13n3233,13,12,,,,12,unchecked,none
K13n3234,13,11,,11,0,11,unchecked,reported_only
K13n3235,13,11,,,,11,unchecked,none
K13n3236,13,12,,,,12,unchecked,none
K13n3237,13,12,,,,12,unchecked,none
K13n3238,13,11,,11,0,11,unchecked,reported_only
K13n3239,13,12,,,,12,unchecked,none
K13n324,13,12,,,,12,unchecked,none
K13n3240,13,11,,,,11,unchecked,none
K13n3241,13,10,,10,0,10,unchecked,reported_only
K13n3242,13,11,,,,11,unchecked,none
K13n3243,13,11,,,,11,unchecked,none
K13n3244,13,12,,,,12,matched,none
K13n3245,13,11,,,,11,unchecked,none
K13n3246,13,11,,,,11,unchecked,none
K13n3247,13,12,,,,12,unchecked,none
K13n3248,13,11,,,,11,unchecked,none
K13n3249,13,11,,12,1,11,unchecked,reported_only
K13n325,13,12,,,,12,unchecked,none
K13n3250,13,11,,,,11,unchecked,none
K13n3251,13,12,,,,12,unchecked,none
K13n3252,13,10,,12,2,10,unchecked,reported_only
K13n3253,13,12,,,,12,unchecked,none
K13n3254,13,11,,,,11,unchecked,none
K13n3255,13,11,,12,1,11,unchecked,reported_only
K13n3256,13,11,,,,11,unchecked,none
K13n3257,13,11,,,,11,unchecked,none
K13n3258,13,10,,12,2,10,unchecked,reported_only
K13n3259,13,10,,,,10,unchecked,none
K13n326,13,11,,,,11,unchecked,none
K13n3260,13,11,,,,11,unchecked,none
K13n3261,13,12,,,,12,unchecked,none
K13n3262,13,12,,,,12,unchecked,none
K13n3263,13,11,,,,11,unchecked,none
K13n3264,13,12,,,,12,unchecked,none
K13n3265,13,11,,,,11,unchecked,none
K13n3266,13,12,,,,12,unchecked,none
K13n3267,13,12,,,,12,unchecked,none
K13n3268,13,12,,,,12,unchecked,none
K13n3269,13,11,,,,11,unchecked,none
K13n327,13,11,,11,0,11,unchecked,reported_only
K13n3270,13,12,,,,12,unchecked,none
K13n3271,13,11,,,,11,unchecked,none
K13n3272,13,12,,,,12,unchecked,none
K13n3273,13,12,,,,12,unchecked,none
K13n3274,13,12,,,,12,unchecked,none
K13n3275,13,12,,,,12,unchecked,none
K13n3276,13,11,,,,11,unchecked,none
K13n3277,13,12,,,,12,unchecked,none
K13n3278,13,12,,,,12,unchecked,none
K13n3279,13,11,,,,11,unchecked,none
K13n328,13,11,,12,1,11,unchecked,reported_only
K13n3280,13,12,,12,0,12,unchecked,reported_only
K13n3281,13,12,,,,12,unchecked,none
K13n3282,13,11,,,,11,unchecked,none
K13n3283,13,11,,,,11,unchecked,none
K13n3284,13,11,,,,11,unchecked,none
K13n3285,13,12,,,,12,unchecked,none
K13n3286,13,12,,,,12,unchecked,none
K13n3287,13,12,,,,12,unchecked,none
K13n3288,13,11,,11,0,11,unchecked,reported_only
K13n3289,13,11,,,,11,unchecked,none
K13n329,13,11,,,,11,unchecked,none
K13n3290,13,11,,,,11,unchecked,none
K13n3291,13,11,,,,11,unchecked,none
K13n3292,13,11,,,,11,unchecked,none
K13n3293,13,11,,11,0,11,unchecked,reported_only
K13n3294,13,11,,,,11,unchecked,none
K13n3295,13,12,,,,12,unchecked,none
K13n3296,13,11,,,,11,unchecked,none
K13n3297,13,11,,11,0,11,unchecked,reported_only
K13n3298,13,11,,12,1,11,unchecked,reported_only
K13n3299,13,11,,,,11,unchecked,none
K13n33,13,12,,,,12,unchecked,none
K13n330,13,12,,,,12,unchecked,none
K13n3300,13,12,,,,12,unchecked,none
K13n3301,13,11,,12,1,11,unchecked,reported_only
K13n3302,13,11,,,,11,unchecked,none
K13n3303,13,10,,11,1,10,unchecked,reported_only
K13n3304,13,11,,,,11,unchecked,none
K13n3305,13,11,,,,11,unchecked,none
K13n3306,13,11,,,,11,unchecked,none
K13n3307,13,12,,,,12,unchecked,none
K13n3308,13,12,,,,12,unchecked,none
K13n3309,13,11,,11,0,11,unchecked,reported_only
K13n331,13,12,,,,12,unchecked,none
K13n3310,13,11,,,,11,unchecked,none
K13n3311,13,11,,,,11,unchecked,none
K13n3312,13,12,,,,12,unchecked,none
K13n3313,13,11,,,,11,unchecked,none
K13n3314,13,12,,,,12,unchecked,none
K13n3315,13,12,,,,12,unchecked,none
K13n3316,13,12,,,,12,unchecked,none
K13n3317,13,12,,,,12,unchecked,none
K13n3318,13,12,,,,12,unchecked,none
K13n3319,13,11,,,,11,unchecked,none
K13n332,13,13,,,,13,unchecked,none
K13n3320,13,12,,,,12,unchecked,none
K13n3321,13,12,,,,12,unchecked,none
K13n3322,13,11,,,,11,unchecked,none
K13n3323,13,11,,,,11,unchecked,none
K13n3324,13,11,,,,11,unchecked,none
K13n3325,13,12,,,,12,unchecked,none
K13n3326,13,12,,,,12,unchecked,none
K13n3327,13,11,,,,11,unchecked,none
K13n3328,13,11,,,,11,unchecked,none
K13n3329,13,12,,,,12,unchecked,none
K13n333,13,12,,,,12,unchecked,none
K13n3330,13,12,,,,12,unchecked,none
K13n3331,13,11,,12,1,11,unchecked,reported_only
K13n3332,13,11,,,,11,unchecked,none
K13n3333,13,11,,11,0,11,unchecked,reported_only
K13n3334,13,11,,11,0,11,unchecked,reported_only
K13n3335,13,12,,,,12,unchecked,none
K13n3336,13,11,,,,11,unchecked,none
K13n3337,13,12,,,,12,unchecked,none
K13n3338,13,11,,,,11,unchecked,none
K13n3339,13,12,,,,12,unchecked,none
K13n334,13,12,,,,12,unchecked,none
K13n3340,13,11,,,,11,unchecked,none
K13n3341,13,11,,,,11,unchecked,none
K13n3342,13,12,,,,12,unchecked,none
K13n3343,13,11,,,,11,unchecked,none
K13n3344,13,11,,,,11,unchecked,none
K13n3345,13,11,,12,1,11,unchecked,reported_only
K13n3346,13,11,,,,11,unchecked,none
K13n3347,13,11,,,,11,unchecked,none
K13n3348,13,12,,,,12,unchecked,none
K13n3349,13,12,,,,12,unchecked,none
K13n335,13,12,,,,12,unchecked,none
K13n3350,13,12,,,,12,unchecked,none
K13n3351,13,11,,11,0,11,unchecked,reported_only
K13n3352,13,11,,11,0,11,unchecked,reported_only
K13n3353,13,11,,11,0,11,unchecked,reported_only
K13n3354,13,11,,11,0,11,unchecked,reported_only
K13n3355,13,11,,,,11,unchecked,none
K13n3356,13,11,,,,11,unchecked,none
K13n3357,13,12,,,,12,unchecked,none
K13n3358,13,11,,11,0,11,unchecked,reported_only
K13n3359,13,11,,11,0,11,unchecked,reported_only
K13n336,13,12,,,,12,unchecked,none
K13n3360,13,12,,,,12,unchecked,none
K13n3361,13,11,,,,11,unchecked,none
K13n3362,13,11,,,,11,unchecked,none
K13n3363,13,11,,,,11,unchecked,none
K13n3364,13,11,,,,11,unchecked,none
K13n3365,13,12,,,,12,unchecked,none
K13n3366,13,11,,11,0,11,unchecked,reported_only
K13n3367,13,11,,11,0,11,unchecked,reported_only
K13n3368,13,12,,,,12,unchecked,none
K13n3369,13,12,,,,12,unchecked,none
K13n337,13,12,,,,12,unchecked,none
K13n3370,13,11,,11,0,11,unchecked,reported_only
K13n3371,13,12,,,,12,unchecked,none
K13n3372,13,11,,,,11,unchecked,none
K13n3373,13,11,,,,11,unchecked,none
K13n3374,13,11,,,,11,unchecked,none
K13n3375,13,11,,,,11,unchecked,none
K13n3376,13,12,,,,12,unchecked,none
K13n3377,13,11,,,,11,unchecked,none
K13n3378,13,11,,,,11,unchecked,none
K13n3379,13,11,,,,11,unchecked,none
K13n338,13,12,,,,12,unchecked,none
K13n3380,13,11,,,,11,unchecked,none
K13n3381,13,11,,12,1,11,unchecked,reported_only
K13n3382,13,10,,11,1,10,unchecked,reported_only
K13n3383,13,12,,,,12,unchecked,none
K13n3384,13,12,,,,12,unchecked,none
K13n3385,13,10,,12,2,10,unchecked,reported_only
K13n3386,13,12,,,,12,unchecked,none
K13n3387,13,11,,,,11,unchecked,none
K13n3388,13,11,,11,0,11,unchecked,reported_only
K13n3389,13,11,,,,11,unchecked,none
K13n339,13,12,,,,12,unchecked,none
K13n3390,13,12,,,,12,unchecked,none
K13n3391,13,11,,,,11,unchecked,none
K13n3392,13,10,,11,1,10,unchecked,reported_only
K13n3393,13,10,,10,0,10,unchecked,reported_only
K13n3394,13,11,,,,11,unchecked,none
K13n3395,13,11,,,,11,unchecked,none
K13n3396,13,11,,,,11,unchecked,none
K13n3397,13,12,,,,12,unchecked,none
K13n3398,13,11,,11,0,11,unchecked,reported_only
K13n3399,13,12,,,,12,unchecked,none
K13n34,13,11,,,,11,unchecked,none
K13n340,13,12,,,,12,unchecked,none
K13n3400,13,11,,,,11,unchecked,none
K13n3401,13,11,,,,11,unchecked,none
K13n3402,13,12,,,,12,unchecked,none
K13n3403,13,11,,,,11,unchecked,none
K13n3404,13,11,,,,11,unchecked,none
K13n3405,13,11,,11,0,11,unchecked,reported_only
K13n3406,13,12,,,,12,unchecked,none
K13n3407,13,11,,,,11,unchecked,none
K13n3408,13,11,,,,11,unchecked,none
K13n3409,13,12,,,,12,unchecked,none
K13n341,13,11,,,,11,unchecked,none
K13n3410,13,12,,,,12,unchecked,none
K13n3411,13,11,,,,11,unchecked,none
K13n3412,13,11,,,,11,unchecked,none
K13n3413,13,11,,,,11,unchecked,none
K13n3414,13,11,,11,0,11,unchecked,reported_only
K13n3415,13,11,,,,11,unchecked,none
K13n3416,13,11,,,,11,unchecked,none
K13n3417,13,12,,,,12,unchecked,none
K13n3418,13,12,,,,12,unchecked,none
K13n3419,13,11,,,,11,unchecked,none
K13n342,13,11,,12,1,11,unchecked,reported_only
K13n3420,13,12,,,,12,unchecked,none
K13n3421,13,12,,,,12,unchecked,none
K13n3422,13,11,,,,11,unchecked,none
K13n3423,13,11,,,,11,unchecked,none
K13n3424,13,12,,,,12,unchecked,none
K13n3425,13,12,,,,12,unchecked,none
K13n3426,13,12,,,,12,unchecked,none
K13n3427,13,11,,,,11,unchecked,none
K13n3428,13,12,,,,12,unchecked,none
K13n3429,13,12,,,,12,unchecked,none
K13n343,13,11,,12,1,11,unchecked,reported_only
K13n3430,13,11,,,,11,unchecked,none
K13n3431,13,11,,12,1,11,unchecked,reported_only
K13n3432,13,11,,,,11,unchecked,none
K13n3433,13,12,,,,12,unchecked,none
K13n3434,13,11,,11,0,11,unchecked,reported_only
K13n3435,13,11,,,,11,unchecked,none
K13n3436,13,12,,,,12,unchecked,none
K13n3437,13,12,,,,12,unchecked,none
K13n3438,13,12,,,,12,unchecked,none
K13n3439,13,12,,,,12,unchecked,none
K13n344,13,12,,,,12,unchecked,none
K13n3440,13,12,,,,12,unchecked,none
K13n3441,13,11,,,,11,unchecked,none
K13n3442,13,11,,,,11,unchecked,none
K13n3443,13,11,,,,11,unchecked,none
K13n3444,13,12,,,,12,unchecked,none
K13n3445,13,12,,,,12,unchecked,none
K13n3446,13,12,,,,12,unchecked,none
K13n3447,13,12,,,,12,unchecked,none
K13n3448,13,11,,,,11,unchecked,none
K13n3449,13,12,,,,12,unchecked,none
K13n345,13,12,,,,12,unchecked,none
K13n3450,13,12,,,,12,unchecked,none
K13n3451,13,12,,,,12,unchecked,none
K13n3452,13,12,,,,12,unchecked,none
K13n3453,13,11,,,,11,unchecked,none
K13n3454,13,12,,,,12,unchecked,none
K13n3455,13,11,,,,11,unchecked,none
K13n3456,13,11,,,,11,unchecked,none
K13n3457,13,12,,,,12,unchecked,none
K13n3458,13,12,,,,12,unchecked,none
K13n3459,13,11,,,,11,unchecked,none
K13n346,13,12,,,,12,unchecked,none
K13n3460,13,12,,,,12,unchecked,none
K13n3461,13,12,,,,12,unchecked,none
K13n3462,13,11,,,,11,unchecked,none
K13n3463,13,12,,,,12,unchecked,none
K13n3464,13,11,,,,11,unchecked,none
K13n3465,13,12,,,,12,unchecked,none
K13n3466,13,12,,,,12,unchecked,none
K13n3467,13,12,,,,12,unchecked,none
K13n3468,13,12,,,,12,unchecked,none
K13n3469,13,12,,,,12,unchecked,none
K13n347,13,12,,,,12,unchecked,none
K13n3470,13,12,,,,12,unchecked,none
K13n3471,13,11,,,,11,unchecked,none
K13n3472,13,11,,,,11,unchecked,none
K13n3473,13,11,,,,11,unchecked,none
K13n3474,13,11,,12,1,11,unchecked,reported_only
K13n3475,13,11,,11,0,11,unchecked,reported_only
K13n3476,13,11,,,,11,unchecked,none
K13n3477,13,11,,11,0,11,unchecked,reported_only
K13n3478,13,11,,12,1,11,matched,reported_only
K13n3479,13,11,,,,11,unchecked,none
K13n348,13,11,,,,11,unchecked,none
K13n3480,13,11,,,,11,unchecked,none
K13n3481,13,11,,11,0,11,unchecked,reported_only
K13n3482,13,11,,,,11,unchecked,none
K13n3483,13,12,,,,12,unchecked,none
K13n3484,13,11,,,,11,unchecked,none
K13n3485,13,11,,11,0,11,unchecked,reported_only
K13n3486,13,12,,,,12,unchecked,none
K13n3487,13,11,,,,11,unchecked,none
K13n3488,13,12,,,,12,unchecked,none
K13n3489,13,12,,,,12,unchecked,none
K13n349,13,11,,,,11,unchecked,none
K13n3490,13,12,,12,0,12,unchecked,reported_only
K13n3491,13,11,,12,1,11,unchecked,reported_only
K13n3492,13,12,,12,0,12,unchecked,reported_only
K13n3493,13,12,,,,12,unchecked,none
K13n3494,13,12,,,,12,unchecked,none
K13n3495,13,12,,,,12,unchecked,none
K13n3496,13,11,,,,11,unchecked,none
K13n3497,13,11,,,,11,unchecked,none
K13n3498,13,12,,,,12,unchecked,none
K13n3499,13,12,,,,12,unchecked,none
K13n35,13,12,,,,12,unchecked,none
K13n350,13,11,,12,1,11,unchecked,reported_only
K13n3500,13,12,,,,12,unchecked,none
K13n3501,13,12,,,,12,unchecked,none
K13n3502,13,12,,,,12,unchecked,none
K13n3503,13,12,,,,12,unchecked,none
K13n3504,13,12,,,,12,unchecked,none
K13n3505,13,12,,,,12,unchecked,none
K13n3506,13,11,,,,11,unchecked,none
K13n3507,13,11,,12,1,11,unchecked,reported_only
K13n3508,13,11,,,,11,unchecked,none
K13n3509,13,12,,,,12,unchecked,none
K13n351,13,12,,12,0,12,unchecked,reported_only
K13n3510,13,12,,,,12,unchecked,none
K13n3511,13,11,,,,11,unchecked,none
K13n3512,13,11,,,,11,unchecked,none
K13n3513,13,12,,,,12,unchecked,none
K13n3514,13,12,,,,12,unchecked,none
K13n3515,13,12,,,,12,unchecked,none
K13n3516,13,11,,,,11,unchecked,none
K13n3517,13,11,,,,11,unchecked,none
K13n3518,13,12,,,,12,unchecked,none
K13n3519,13,11,,,,11,unchecked,none
K13n352,13,12,,,,12,matched,none
K13n3520,13,12,,,,12,unchecked,none
K13n3521,13,12,,,,12,unchecked,none
K13n3522,13,12,,,,12,unchecked,none
K13n3523,13,11,,,,11,unchecked,none
K13n3524,13,11,,,,11,unchecked,none
K13n3525,13,12,,,,12,unchecked,none
K13n3526,13,12,,,,12,unchecked,none
K13n3527,13,11,,,,11,unchecked,none
K13n3528,13,12,,,,12,unchecked,none
K13n3529,13,11,,,,11,unchecked,none
K13n353,13,12,,,,12,unchecked,none
K13n3530,13,11,,,,11,unchecked,none
K13n3531,13,11,,,,11,unchecked,none
K13n3532,13,12,,,,12,unchecked,none
K13n3533,13,12,,,,12,unchecked,none
K13n3534,13,11,,,,11,unchecked,none
K13n3535,13,12,,,,12,unchecked,none
K13n3536,13,11,,,,11,unchecked,none
K13n3537,13,11,,,,11,unchecked,none
K13n3538,13,11,,,,11,unchecked,none
K13n3539,13,11,,12,1,11,unchecked,reported_only
K13n354,13,12,,,,12,unchecked,none
K13n3540,13,11,,,,11,unchecked,none
K13n3541,13,11,,,,11,unchecked,none
K13n3542,13,11,,12,1,11,unchecked,reported_only
K13n3543,13,11,,,,11,unchecked,none
K13n3544,13,11,,11,0,11,unchecked,reported_only
K13n3545,13,11,,12,1,11,unchecked,reported_only
K13n3546,13,12,,,,12,unchecked,none
K13n3547,13,11,,,,11,unchecked,none
K13n3548,13,11,,,,11,unchecked,none
K13n3549,13,11,,,,11,unchecked,none
K13n355,13,11,,,,11,unchecked,none
K13n3550,13,12,,,,12,unchecked,none
K13n3551,13,11,,,,11,unchecked,none
K13n3552,13,12,,,,12,unchecked,none
K13n3553,13,12,,,,12,unchecked,none
K13n3554,13,12,,,,12,unchecked,none
K13n3555,13,11,,,,11,unchecked,none
K13n3556,13,11,,,,11,unchecked,none
K13n3557,13,11,,,,11,unchecked,none
K13n3558,13,11,,,,11,unchecked,none
K13n3559,13,11,,,,11,unchecked,none
K13n356,13,11,,11,0,11,unchecked,reported_only
K13n3560,13,11,,,,11,unchecked,none
K13n3561,13,12,,,,12,unchecked,none
K13n3562,13,12,,,,12,unchecked,none
K13n3563,13,11,,,,11,unchecked,none
K13n3564,13,11,,12,1,11,unchecked,reported_only
K13n3565,13,12,,,,12,unchecked,none
K13n3566,13,12,,,,12,unchecked,none
K13n3567,13,11,,11,0,11,unchecked,reported_only
K13n3568,13,11,,,,11,unchecked,none
K13n3569,13,12,,,,12,unchecked,none
K13n357,13,11,,,,11,unchecked,none
K13n3570,13,11,,,,11,unchecked,none
K13n3571,13,11,,,,11,unchecked,none
K13n3572,13,11,,,,11,unchecked,none
K13n3573,13,11,,11,0,11,unchecked,reported_only
K13n3574,13,11,,12,1,11,unchecked,reported_only
K13n3575,13,11,,,,11,unchecked,none
K13n3576,13,12,,,,12,unchecked,none
K13n3577,13,11,,,,11,unchecked,none
K13n3578,13,11,,,,11,unchecked,none
K13n3579,13,11,,,,11,unchecked,none
K13n358,13,12,,,,12,unchecked,none
K13n3580,13,11,,,,11,unchecked,none
K13n3581,13,11,,,,11,unchecked,none
K13n3582,13,10,,10,0,10,unchecked,reported_only
K13n3583,13,11,,,,11,unchecked,none
K13n3584,13,11,,,,11,unchecked,none
K13n3585,13,12,,,,12,unchecked,none
K13n3586,13,11,,,,11,unchecked,none
K13n3587,13,10,,12,2,10,unchecked,reported_only
K13n3588,13,11,,,,11,unchecked,none
K13n3589,13,11,,11,0,11,unchecked,reported_only
K13n359,13,12,,,,12,unchecked,none
K13n3590,13,11,,12,1,11,unchecked,reported_only
K13n3591,13,11,,11,0,11,unchecked,reported_only
K13n3592,13,11,,11,0,11,unchecked,reported_only
K13n3593,13,12,,,,12,unchecked,none
K13n3594,13,11,,,,11,unchecked,none
K13n3595,13,12,,,,12,unchecked,none
K13n3596,13,11,,11,0,11,unchecked,reported_only
K13n3597,13,11,,,,11,unchecked,none
K13n3598,13,11,,,,11,unchecked,none
K13n3599,13,11,,,,11,unchecked,none
K13n36,13,12,,,,12,unchecked,none
K13n360,13,12,,,,12,unchecked,none
K13n3600,13,11,,12,1,11,matched,reported_only
K13n3601,13,11,,12,1,11,unchecked,reported_only
K13n3602,13,11,,11,0,11,unchecked,reported_only
K13n3603,13,11,,11,0,11,unchecked,reported_only
K13n3604,13,11,,,,11,unchecked,none
K13n3605,13,11,,,,11,unchecked,none
K13n3606,13,12,,,,12,unchecked,none
K13n3607,13,11,,,,11,unchecked,none
K13n3608,13,12,,,,12,unchecked,none
K13n3609,13,12,,,,12,unchecked,none
K13n361,13,12,,,,12,unchecked,none
K13n3610,13,12,,,,12,unchecked,none
K13n3611,13,10,,12,2,10,unchecked,reported_only
K13n3612,13,12,,,,12,unchecked,none
K13n3613,13,12,,,,12,unchecked,none
K13n3614,13,12,,,,12,unchecked,none
K13n3615,13,11,,,,11,unchecked,none
K13n3616,13,12,,,,12,unchecked,none
K13n3617,13,11,,,,11,unchecked,none
K13n3618,13,11,,,,11,unchecked,none
K13n3619,13,11,,,,11,unchecked,none
K13n362,13,12,,,,12,unchecked,none
K13n3620,13,11,,11,0,11,unchecked,reported_only
K13n3621,13,11,,12,1,11,unchecked,reported_only
K13n3622,13,11,,11,0,11,unchecked,reported_only
K13n3623,13,11,,11,0,11,unchecked,reported_only
K13n3624,13,11,,,,11,unchecked,none
K13n3625,13,11,,,,11,unchecked,none
K13n3626,13,11,,,,11,unchecked,none
K13n3627,13,11,,,,11,unchecked,none
K13n3628,13,11,,,,11,unchecked,none
K13n3629,13,11,,,,11,unchecked,none
K13n363,13,12,,,,12,unchecked,none
K13n3630,13,11,,12,1,11,unchecked,reported_only
K13n3631,13,11,,,,11,unchecked,none
K13n3632,13,12,,,,12,unchecked,none
K13n3633,13,12,,12,0,12,unchecked,reported_only
K13n3634,13,11,,,,11,unchecked,none
K13n3635,13,12,,,,12,unchecked,none
K13n3636,13,11,,,,11,unchecked,none
K13n3637,13,12,,,,12,unchecked,none
K13n3638,13,12,,,,12,unchecked,none
K13n3639,13,11,,,,11,unchecked,none
K13n364,13,12,,,,12,unchecked,none
K13n3640,13,12,,,,12,unchecked,none
K13n3641,13,12,,,,12,unchecked,none
K13n3642,13,12,,,,12,unchecked,none
K13n3643,13,12,,,,12,unchecked,none
K13n3644,13,11,,,,11,unchecked,none
K13n3645,13,12,,,,12,unchecked,none
K13n3646,13,12,,,,12,unchecked,none
K13n3647,13,12,,,,12,unchecked,none
K13n3648,13,12,,,,12,unchecked,none
K13n3649,13,12,,,,12,unchecked,none
K13n365,13,12,,,,12,unchecked,none
K13n3650,13,12,,,,12,unchecked,none
K13n3651,13,12,,,,12,unchecked,none
K13n3652,13,12,,,,12,unchecked,none
K13n3653,13,12,,,,12,unchecked,none
K13n3654,13,12,,,,12,unchecked,none
K13n3655,13,12,,,,12,unchecked,none
K13n3656,13,12,,,,12,matched,none
K13n3657,13,12,,,,12,unchecked,none
K13n3658,13,12,,,,12,unchecked,none
K13n3659,13,12,,,,12,unchecked,none
K13n366,13,12,,,,12,unchecked,none
K13n3660,13,11,,,,11,unchecked,none
K13n3661,13,11,,,,11,unchecked,none
K13n3662,13,11,,,,11,unchecked,none
K13n3663,13,12,,,,12,unchecked,none
K13n3664,13,12,,,,12,unchecked,none
K13n3665,13,11,,,,11,unchecked,none
K13n3666,13,12,,,,12,unchecked,none
K13n3667,13,11,,,,11,unchecked,none
K13n3668,13,11,,,,11,unchecked,none
K13n3669,13,11,,,,11,unchecked,none
K13n367,13,12,,,,12,unchecked,none
K13n3670,13,12,,,,12,unchecked,none
K13n3671,13,12,,,,12,unchecked,none
K13n3672,13,12,,,,12,unchecked,none
K13n3673,13,11,,,,11,unchecked,none
K13n3674,13,11,,11,0,11,unchecked,reported_only
K13n3675,13,12,,,,12,unchecked,none
K13n3676,13,12,,,,12,unchecked,none
K13n3677,13,11,,,,11,unchecked,none
K13n3678,13,12,,,,12,unchecked,none
K13n3679,13,11,,,,11,unchecked,none
K13n368,13,12,,,,12,unchecked,none
K13n3680,13,11,,,,11,unchecked,none
K13n3681,13,12,,,,12,unchecked,none
K13n3682,13,11,,,,11,unchecked,none
K13n3683,13,11,,12,1,11,unchecked,reported_only
K13n3684,13,12,,,,12,unchecked,none
K13n3685,13,11,,12,1,11,unchecked,reported_only
K13n3686,13,11,,,,11,unchecked,none
K13n3687,13,11,,,,11,unchecked,none
K13n3688,13,12,,,,12,unchecked,none
K13n3689,13,11,,,,11,unchecked,none
K13n369,13,12,,,,12,unchecked,none
K13n3690,13,11,,12,1,11,unchecked,reported_only
K13n3691,13,11,,,,11,unchecked,none
K13n3692,13,11,,,,11,unchecked,none
K13n3693,13,11,,,,11,unchecked,none
K13n3694,13,12,,,,12,unchecked,none
K13n3695,13,11,,,,11,unchecked,none
K13n3696,13,11,,,,11,unchecked,none
K13n3697,13,11,,,,11,unchecked,none
K13n3698,13,11,,11,0,11,unchecked,reported_only
K13n3699,13,11,,,,11,unchecked,none
K13n37,13,11,,12,1,11,unchecked,reported_only
K13n370,13,12,,,,12,unchecked,none
K13n3700,13,11,,,,11,unchecked,none
K13n3701,13,12,,,,12,unchecked,none
K13n3702,13,11,,12,1,11,unchecked,reported_only
K13n3703,13,12,,,,12,unchecked,none
K13n3704,13,11,,,,11,unchecked,none
K13n3705,13,12,,,,12,unchecked,none
K13n3706,13,11,,12,1,11,unchecked,reported_only
K13n3707,13,12,,,,12,unchecked,none
K13n3708,13,12,,,,12,unchecked,none
K13n3709,13,12,,,,12,unchecked,none
K13n371,13,12,,,,12,unchecked,none
K13n3710,13,12,,,,12,unchecked,none
K13n3711,13,12,,,,12,unchecked,none
K13n3712,13,11,,,,11,unchecked,none
K13n3713,13,11,,,,11,unchecked,none
K13n3714,13,11,,,,11,unchecked,none
K13n3715,13,11,,,,11,unchecked,none
K13n3716,13,11,,,,11,unchecked,none
K13n3717,13,11,,,,11,unchecked,none
K13n3718,13,11,,,,11,unchecked,none
K13n3719,13,11,,,,11,unchecked,none
K13n372,13,12,,,,12,unchecked,none
K13n3720,13,12,,,,12,unchecked,none
K13n3721,13,12,,,,12,unchecked,none
K13n3722,13,11,,,,11,unchecked,none
K13n3723,13,12,,,,12,unchecked,none
K13n3724,13,12,,,,12,unchecked,none
K13n3725,13,11,,,,11,unchecked,none
K13n3726,13,11,,,,11,unchecked,none
K13n3727,13,12,,,,12,unchecked,none
K13n3728,13,12,,,,12,unchecked,none
K13n3729,13,12,,,,12,unchecked,none
K13n373,13,12,,,,12,unchecked,none
K13n3730,13,12,,,,12,unchecked,none
K13n3731,13,12,,,,12,unchecked,none
K13n3732,13,11,,,,11,unchecked,none
K13n3733,13,12,,12,0,12,unchecked,reported_only
K13n3734,13,12,,,,12,unchecked,none
K13n3735,13,12,,,,12,unchecked,none
K13n3736,13,12,,,,12,unchecked,none
K13n3737,13,12,,,,12,unchecked,none
K13n3738,13,12,,,,12,unchecked,none
K13n3739,13,13,,,,13,unchecked,none
K13n374,13,12,,,,12,unchecked,none
K13n3740,13,12,,,,12,unchecked,none
K13n3741,13,13,,,,13,unchecked,none
K13n3742,13,12,,,,12,unchecked,none
K13n3743,13,12,,,,12,unchecked,none
K13n3744,13,12,,,,12,unchecked,none
K13n3745,13,12,,,,12,unchecked,none
K13n3746,13,12,,,,12,unchecked,none
K13n3747,13,12,,,,12,unchecked,none
K13n3748,13,12,,,,12,unchecked,none
K13n3749,13,12,,,,12,unchecked,none
K13n375,13,12,,,,12,unchecked,none
K13n3750,13,12,,,,12,unchecked,none
K13n3751,13,12,,,,12,unchecked,none
K13n3752,13,12,,,,12,unchecked,none
K13n3753,13,12,,,,12,unchecked,none
K13n3754,13,12,,,,12,unchecked,none
K13n3755,13,12,,,,12,unchecked,none
K13n3756,13,12,,,,12,unchecked,none
K13n3757,13,12,,,,12,unchecked,none
K13n3758,13,12,,,,12,unchecked,none
K13n3759,13,12,,,,12,unchecked,none
K13n376,13,12,,,,12,unchecked,none
K13n3760,13,12,,,,12,unchecked,none
K13n3761,13,12,,,,12,unchecked,none
K13n3762,13,12,,,,12,unchecked,none
K13n3763,13,13,,,,13,unchecked,none
K13n3764,13,12,,,,12,unchecked,none
K13n3765,13,12,,,,12,unchecked,none
K13n3766,13,12,,,,12,unchecked,none
K13n3767,13,12,,,,12,unchecked,none
K13n3768,13,12,,,,12,unchecked,none
K13n3769,13,12,,,,12,unchecked,none
K13n377,13,12,,,,12,unchecked,none
K13n3770,13,12,,,,12,unchecked,none
K13n3771,13,12,,,,12,unchecked,none
K13n3772,13,13,,,,13,unchecked,none
K13n3773,13,12,,,,12,unchecked,none
K13n3774,13,12,,,,12,unchecked,none
K13n3775,13,12,,,,12,unchecked,none
K13n3776,13,12,,,,12,unchecked,none
K13n3777,13,12,,,,12,unchecked,none
K13n3778,13,12,,,,12,unchecked,none
K13n3779,13,12,,,,12,unchecked,none
K13n378,13,12,,,,12,unchecked,none
K13n3780,13,12,,,,12,unchecked,none
K13n3781,13,12,,,,12,unchecked,none
K13n3782,13,12,,,,12,unchecked,none
K13n3783,13,12,,,,12,unchecked,none
K13n3784,13,12,,,,12,unchecked,none
K13n3785,13,12,,,,12,unchecked,none
K13n3786,13,12,,,,12,unchecked,none
K13n3787,13,12,,,,12,unchecked,none
K13n3788,13,12,,,,12,unchecked,none
K13n3789,13,11,,,,11,unchecked,none
K13n379,13,12,,,,12,unchecked,none
K13n3790,13,12,,,,12,unchecked,none
K13n3791,13,11,,,,11,unchecked,none
K13n3792,13,12,,12,0,12,unchecked,reported_only
K13n3793,13,11,,,,11,unchecked,none
K13n3794,13,12,,,,12,unchecked,none
K13n3795,13,12,,,,12,unchecked,none
K13n3796,13,11,,,,11,unchecked,none
K13n3797,13,12,,,,12,unchecked,none
K13n3798,13,11,,12,1,11,unchecked,reported_only
K13n3799,13,11,,,,11,unchecked,none
K13n38,13,12,,,,12,unchecked,none
K13n380,13,11,,,,11,matched,none
K13n3800,13,12,,,,12,unchecked,none
K13n3801,13,12,,,,12,unchecked,none
K13n3802,13,12,,,,12,unchecked,none
K13n3803,13,12,,,,12,unchecked,none
K13n3804,13,11,,,,11,unchecked,none
K13n3805,13,12,,,,12,unchecked,none
K13n3806,13,12,,,,12,unchecked,none
K13n3807,13,11,,,,11,unchecked,none
K13n3808,13,12,,,,12,unchecked,none
K13n3809,13,12,,,,12,unchecked,none
K13n381,13,12,,,,12,unchecked,none
K13n3810,13,12,,,,12,unchecked,none
K13n3811,13,12,,,,12,unchecked,none
K13n3812,13,12,,,,12,unchecked,none
K13n3813,13,11,,,,11,unchecked,none
K13n3814,13,12,,,,12,unchecked,none
K13n3815,13,11,,,,11,unchecked,none
K13n3816,13,12,,,,12,unchecked,none
K13n3817,13,12,,,,12,unchecked,none
K13n3818,13,12,,,,12,unchecked,none
K13n3819,13,12,,,,12,unchecked,none
K13n382,13,12,,,,12,unchecked,none
K13n3820,13,12,,,,12,unchecked,none
K13n3821,13,12,,,,12,unchecked,none
K13n3822,13,11,,,,11,unchecked,none
K13n3823,13,11,,,,11,unchecked,none
K13n3824,13,12,,,,12,unchecked,none
K13n3825,13,12,,,,12,unchecked,none
K13n3826,13,12,,,,12,unchecked,none
K13n3827,13,12,,,,12,unchecked,none
K13n3828,13,12,,,,12,unchecked,none
K13n3829,13,11,,,,11,unchecked,none
K13n383,13,12,,,,12,unchecked,none
K13n3830,13,12,,,,12,unchecked,none
K13n3831,13,12,,,,12,unchecked,none
K13n3832,13,12,,,,12,unchecked,none
K13n3833,13,12,,,,12,unchecked,none
K13n3834,13,12,,,,12,unchecked,none
K13n3835,13,12,,,,12,unchecked,none
K13n3836,13,11,,,,11,unchecked,none
K13n3837,13,12,,,,12,unchecked,none
K13n3838,13,12,,,,12,unchecked,none
K13n3839,13,11,,,,11,unchecked,none
K13n384,13,12,,,,12,unchecked,none
K13n3840,13,12,,,,12,unchecked,none
K13n3841,13,12,,,,12,unchecked,none
K13n3842,13,12,,,,12,unchecked,none
K13n3843,13,12,,,,12,unchecked,none
K13n3844,13,12,,,,12,unchecked,none
K13n3845,13,12,,,,12,unchecked,none
K13n3846,13,12,,,,12,unchecked,none
K13n3847,13,12,,,,12,unchecked,none
K13n3848,13,12,,,,12,unchecked,none
K13n3849,13,11,,,,11,unchecked,none
K13n385,13,12,,,,12,unchecked,none
K13n3850,13,12,,,,12,unchecked,none
K13n3851,13,11,,,,11,unchecked,none
K13n3852,13,11,,11,0,11,unchecked,reported_only
K13n3853,13,12,,,,12,unchecked,none
K13n3854,13,12,,,,12,unchecked,none
K13n3855,13,12,,,,12,unchecked,none
K13n3856,13,12,,,,12,unchecked,none
K13n3857,13,12,,,,12,unchecked,none
K13n3858,13,12,,,,12,unchecked,none
K13n3859,13,12,,,,12,unchecked,none
K13n386,13,12,,,,12,unchecked,none
K13n3860,13,11,,,,11,unchecked,none
K13n3861,13,12,,,,12,unchecked,none
K13n3862,13,12,,,,12,unchecked,none
K13n3863,13,12,,,,12,unchecked,none
K13n3864,13,12,,,,12,unchecked,none
K13n3865,13,12,,,,12,unchecked,none
K13n3866,13,12,,,,12,unchecked,none
K13n3867,13,12,,,,12,unchecked,none
K13n3868,13,12,,,,12,unchecked,none
K13n3869,13,12,,,,12,unchecked,none
K13n387,13,12,,,,12,unchecked,none
K13n3870,13,12,,,,12,unchecked,none
K13n3871,13,12,,,,12,unchecked,none
K13n3872,13,12,,,,12,unchecked,none
K13n3873,13,12,,,,12,unchecked,none
K13n3874,13,12,,,,12,unchecked,none
K13n3875,13,11,,12,1,11,unchecked,reported_only
K13n3876,13,11,,,,11,unchecked,none
K13n3877,13,12,,,,12,unchecked,none
K13n3878,13,12,,,,12,unchecked,none
K13n3879,13,11,,,,11,unchecked,none
K13n388,13,12,,,,12,unchecked,none
K13n3880,13,11,,,,11,unchecked,none
K13n3881,13,12,,,,12,unchecked,none
K13n3882,13,12,,,,12,unchecked,none
K13n3883,13,12,,,,12,unchecked,none
K13n3884,13,12,,,,12,unchecked,none
K13n3885,13,12,,,,12,unchecked,none
K13n3886,13,12,,,,12,unchecked,none
K13n3887,13,12,,,,12,unchecked,none
K13n3888,13,12,,,,12,unchecked,none
K13n3889,13,11,,,,11,unchecked,none
K13n389,13,12,,,,12,unchecked,none
K13n3890,13,11,,,,11,unchecked,none
K13n3891,13,12,,,,12,unchecked,none
K13n3892,13,12,,,,12,unchecked,none
K13n3893,13,12,,,,12,unchecked,none
K13n3894,13,12,,,,12,unchecked,none
K13n3895,13,12,,,,12,unchecked,none
K13n3896,13,12,,,,12,unchecked,none
K13n3897,13,12,,,,12,unchecked,none
K13n3898,13,12,,,,12,unchecked,none
K13n3899,13,12,,,,12,unchecked,none
K13n39,13,12,,,,12,unchecked,none
K13n390,13,12,,,,12,unchecked,none
K13n3900,13,11,,,,11,unchecked,none
K13n3901,13,11,,,,11,unchecked,none
K13n3902,13,11,,12,1,11,unchecked,reported_only
K13n3903,13,12,,,,12,unchecked,none
K13n3904,13,11,,,,11,unchecked,none
K13n3905,13,11,,,,11,unchecked,none
K13n3906,13,11,,,,11,unchecked,none
K13n3907,13,12,,,,12,unchecked,none
K13n3908,13,12,,,,12,unchecked,none
K13n3909,13,12,,,,12,unchecked,none
K13n391,13,12,,,,12,unchecked,none
K13n3910,13,12,,,,12,unchecked,none
K13n3911,13,12,,,,12,unchecked,none
K13n3912,13,11,,,,11,unchecked,none
K13n3913,13,11,,,,11,unchecked,none
K13n3914,13,11,,,,11,unchecked,none
K13n3915,13,12,,,,12,unchecked,none
K13n3916,13,12,,,,12,unchecked,none
K13n3917,13,11,,,,11,unchecked,none
K13n3918,13,11,,12,1,11,unchecked,reported_only
K13n3919,13,12,,,,12,unchecked,none
K13n392,13,12,,,,12,unchecked,none
K13n3920,13,11,,,,11,unchecked,none
K13n3921,13,12,,,,12,unchecked,none
K13n3922,13,12,,,,12,unchecked,none
K13n3923,13,11,,,,11,unchecked,none
K13n3924,13,12,,,,12,unchecked,none
K13n3925,13,11,,,,11,unchecked,none
K13n3926,13,12,,,,12,unchecked,none
K13n3927,13,11,,,,11,unchecked,none
K13n3928,13,11,,,,11,unchecked,none
K13n3929,13,12,,,,12,unchecked,none
K13n393,13,12,,,,12,unchecked,none
K13n3930,13,11,,,,11,unchecked,none
K13n3931,13,11,,,,11,unchecked,none
K13n3932,13,11,,,,11,unchecked,none
K13n3933,13,11,,,,11,unchecked,none
K13n3934,13,12,,,,12,unchecked,none
K13n3935,13,11,,,,11,unchecked,none
K13n3936,13,12,,,,12,unchecked,none
K13n3937,13,12,,,,12,unchecked,none
K13n3938,13,12,,,,12,unchecked,none
K13n3939,13,11,,,,11,unchecked,none
K13n394,13,12,,,,12,unchecked,none
K13n3940,13,12,,,,12,unchecked,none
K13n3941,13,12,,,,12,unchecked,none
K13n3942,13,12,,,,12,unchecked,none
K13n3943,13,12,,,,12,unchecked,none
K13n3944,13,12,,,,12,unchecked,none
K13n3945,13,12,,,,12,unchecked,none
K13n3946,13,12,,,,12,unchecked,none
K13n3947,13,12,,,,12,unchecked,none
K13n3948,13,12,,,,12,unchecked,none
K13n3949,13,12,,,,12,unchecked,none
K13n395,13,12,,,,12,unchecked,none
K13n3950,13,11,,11,0,11,unchecked,reported_only
K13n3951,13,11,,11,0,11,unchecked,reported_only
K13n3952,13,11,,12,1,11,unchecked,reported_only
K13n3953,13,11,,,,11,unchecked,none
K13n3954,13,10,,11,1,10,unchecked,reported_only
K13n3955,13,11,,11,0,11,unchecked,reported_only
K13n3956,13,10,,11,1,10,unchecked,reported_only
K13n3957,13,11,,12,1,11,unchecked,reported_only
K13n3958,13,10,,10,0,10,unchecked,reported_only
K13n3959,13,10,,11,1,10,unchecked,reported_only
K13n396,13,12,,,,12,unchecked,none
K13n3960,13,11,,11,0,11,unchecked,reported_only
K13n3961,13,11,,12,1,11,unchecked,reported_only
K13n3962,13,11,,11,0,11,unchecked,reported_only
K13n3963,13,11,,,,11,unchecked,none
K13n3964,13,11,,12,1,11,unchecked,reported_only
K13n3965,13,11,,12,1,11,unchecked,reported_only
K13n3966,13,11,,,,11,unchecked,none
K13n3967,13,11,,12,1,11,unchecked,reported_only
K13n3968,13,11,,12,1,11,unchecked,reported_only
K13n3969,13,10,,11,1,10,unchecked,reported_only
K13n397,13,11,,,,11,unchecked,none
K13n3970,13,11,,11,0,11,unchecked,reported_only
K13n3971,13,11,,12,1,11,unchecked,reported_only
K13n3972,13,11,,11,0,11,unchecked,reported_only
K13n3973,13,11,,11,0,11,unchecked,reported_only
K13n3974,13,11,,11,0,11,unchecked,reported_only
K13n3975,13,11,,11,0,11,unchecked,reported_only
K13n3976,13,11,,,,11,unchecked,none
K13n3977,13,11,,,,11,unchecked,none
K13n3978,13,10,,10,0,10,unchecked,reported_only
K13n3979,13,11,,12,1,11,unchecked,reported_only
K13n398,13,12,,,,12,unchecked,none
K13n3980,13,11,,,,11,unchecked,none
K13n3981,13,11,,12,1,11,unchecked,reported_only
K13n3982,13,11,,,,11,unchecked,none
K13n3983,13,11,,,,11,unchecked,none
K13n3984,13,11,,,,11,unchecked,none
K13n3985,13,12,,,,12,unchecked,none
K13n3986,13,11,,,,11,unchecked,none
K13n3987,13,11,,,,11,unchecked,none
K13n3988,13,11,,,,11,unchecked,none
K13n3989,13,12,,,,12,unchecked,none
K13n399,13,12,,,,12,unchecked,none
K13n3990,13,11,,12,1,11,unchecked,reported_only
K13n3991,13,11,,,,11,unchecked,none
K13n3992,13,12,,,,12,unchecked,none
K13n3993,13,12,,,,12,unchecked,none
K13n3994,13,12,,,,12,unchecked,none
K13n3995,13,12,,12,0,12,unchecked,reported_only
K13n3996,13,11,,,,11,unchecked,none
K13n3997,13,11,,11,0,11,unchecked,reported_only
K13n3998,13,10,,11,1,10,unchecked,reported_only
K13n3999,13,11,,12,1,11,unchecked,reported_only
K13n4,13,12,,,,12,unchecked,none
K13n40,13,12,,,,12,unchecked,none
K13n400,13,12,,,,12,unchecked,none
K13n4000,13,10,,11,1,10,unchecked,reported_only
K13n4001,13,11,,,,11,unchecked,none
K13n4002,13,11,,,,11,unchecked,none
K13n4003,13,11,,,,11,unchecked,none
K13n4004,13,11,,,,11,unchecked,none
K13n4005,13,11,,,,11,unchecked,none
K13n4006,13,11,,12,1,11,unchecked,reported_only
K13n4007,13,11,,,,11,unchecked,none
K13n4008,13,11,,,,11,unchecked,none
K13n4009,13,11,,,,11,unchecked,none
K13n401,13,12,,,,12,unchecked,none
K13n4010,13,11,,12,1,11,unchecked,reported_only
K13n4011,13,11,,11,0,11,unchecked,reported_only
K13n4012,13,12,,,,12,unchecked,none
K13n4013,13,11,,11,0,11,unchecked,reported_only
K13n4014,13,11,,12,1,11,unchecked,reported_only
K13n4015,13,11,,11,0,11,unchecked,reported_only
K13n4016,13,11,,11,0,11,unchecked,reported_only
K13n4017,13,12,,,,12,unchecked,none
K13n4018,13,11,,12,1,11,unchecked,reported_only
K13n4019,13,11,,11,0,11,unchecked,reported_only
K13n402,13,12,,,,12,unchecked,none
K13n4020,13,11,,,,11,unchecked,none
K13n4021,13,11,,,,11,unchecked,none
K13n4022,13,11,,,,11,unchecked,none
K13n4023,13,12,,,,12,unchecked,none
K13n4024,13,10,,10,0,10,unchecked,reported_only
K13n4025,13,12,,,,12,unchecked,none
K13n4026,13,11,,,,11,unchecked,none
K13n4027,13,11,,,,11,unchecked,none
K13n4028,13,11,,11,0,11,unchecked,reported_only
K13n4029,13,11,,,,11,unchecked,none
K13n403,13,12,,,,12,unchecked,none
K13n4030,13,11,,,,11,unchecked,none
K13n4031,13,11,,11,0,11,unchecked,reported_only
K13n4032,13,11,,11,0,11,unchecked,reported_only
K13n4033,13,11,,11,0,11,unchecked,reported_only
K13n4034,13,11,,,,11,unchecked,none
K13n4035,13,10,,,,10,unchecked,none
K13n4036,13,10,,12,2,10,unchecked,reported_only
K13n4037,13,11,,,,11,unchecked,none
K13n4038,13,12,,,,12,unchecked,none
K13n4039,13,12,,,,12,unchecked,none
K13n404,13,12,,,,12,unchecked,none
K13n4040,13,12,,,,12,unchecked,none
K13n4041,13,11,,12,1,11,unchecked,reported_only
K13n4042,13,11,,12,1,11,unchecked,reported_only
K13n4043,13,11,,,,11,unchecked,none
K13n4044,13,11,,12,1,11,unchecked,reported_only
K13n4045,13,11,,,,11,unchecked,none
K13n4046,13,11,,12,1,11,unchecked,reported_only
K13n4047,13,12,,,,12,unchecked,none
K13n4048,13,11,,,,11,unchecked,none
K13n4049,13,11,,,,11,unchecked,none
K13n405,13,12,,,,12,unchecked,none
K13n4050,13,11,,,,11,unchecked,none
K13n4051,13,11,,,,11,unchecked,none
K13n4052,13,12,,,,12,unchecked,none
K13n4053,13,11,,,,11,unchecked,none
K13n4054,13,11,,,,11,unchecked,none
K13n4055,13,11,,,,11,unchecked,none
K13n4056,13,11,,,,11,unchecked,none
K13n4057,13,11,,,,11,unchecked,none
K13n4058,13,11,,11,0,11,unchecked,reported_only
K13n4059,13,11,,11,0,11,unchecked,reported_only
K13n406,13,12,,,,12,unchecked,none
K13n4060,13,11,,,,11,unchecked,none
K13n4061,13,10,,11,1,10,unchecked,reported_only
K13n4062,13,11,,,,11,unchecked,none
K13n4063,13,10,,11,1,10,unchecked,reported_only
K13n4064,13,11,,,,11,unchecked,none
K13n4065,13,11,,,,11,unchecked,none
K13n4066,13,11,,11,0,11,unchecked,reported_only
K13n4067,13,11,,,,11,unchecked,none
K13n4068,13,11,,,,11,unchecked,none
K13n4069,13,12,,,,12,unchecked,none
K13n407,13,12,,,,12,unchecked,none
K13n4070,13,12,,,,12,unchecked,none
K13n4071,13,11,,,,11,unchecked,none
K13n4072,13,11,,11,0,11,unchecked,reported_only
K13n4073,13,11,,,,11,unchecked,none
K13n4074,13,11,,,,11,matched,none
K13n4075,13,10,,10,0,10,unchecked,reported_only
K13n4076,13,11,,,,11,unchecked,none
K13n4077,13,11,,,,11,unchecked,none
K13n4078,13,11,,11,0,11,unchecked,reported_only
K13n4079,13,11,,,,11,unchecked,none
K13n408,13,12,,,,12,unchecked,none
K13n4080,13,11,,,,11,unchecked,none
K13n4081,13,11,,11,0,11,unchecked,reported_only
K13n4082,13,12,,,,12,unchecked,none
K13n4083,13,11,,,,11,unchecked,none
K13n4084,13,11,,11,0,11,unchecked,reported_only
K13n4085,13,11,,12,1,11,unchecked,reported_only
K13n4086,13,11,,11,0,11,unchecked,reported_only
K13n4087,13,11,,,,11,unchecked,none
K13n4088,13,12,,,,12,unchecked,none
K13n4089,13,11,,,,11,unchecked,none
K13n409,13,12,,,,12,unchecked,none
K13n4090,13,12,,,,12,unchecked,none
K13n4091,13,11,,,,11,unchecked,none
K13n4092,13,12,,,,12,unchecked,none
K13n4093,13,12,,,,12,unchecked,none
K13n4094,13,11,,,,11,unchecked,none
K13n4095,13,12,,,,12,unchecked,none
K13n4096,13,11,,,,11,unchecked,none
K13n4097,13,11,,,,11,unchecked,none
K13n4098,13,11,,,,11,unchecked,none
K13n4099,13,12,,,,12,unchecked,none
K13n41,13,12,,,,12,unchecked,none
K13n410,13,12,,,,12,unchecked,none
K13n4100,13,11,,,,11,unchecked,none
K13n4101,13,11,,11,0,11,unchecked,reported_only
K13n4102,13,12,,,,12,unchecked,none
K13n4103,13,11,,,,11,unchecked,none
K13n4104,13,10,,12,2,10,unchecked,reported_only
K13n4105,13,11,,12,1,11,unchecked,reported_only
K13n4106,13,11,,11,0,11,unchecked,reported_only
K13n4107,13,12,,,,12,unchecked,none
K13n4108,13,11,,,,11,unchecked,none
K13n4109,13,11,,,,11,unchecked,none
K13n411,13,12,,,,12,unchecked,none
K13n4110,13,12,,,,12,unchecked,none
K13n4111,13,11,,,,11,unchecked,none
K13n4112,13,12,,,,12,unchecked,none
K13n4113,13,12,,,,12,unchecked,none
K13n4114,13,11,,,,11,unchecked,none
K13n4115,13,11,,,,11,unchecked,none
K13n4116,13,11,,12,1,11,unchecked,reported_only
K13n4117,13,12,,,,12,unchecked,none
K13n4118,13,12,,,,12,unchecked,none
K13n4119,13,11,,,,11,unchecked,none
K13n412,13,12,,,,12,unchecked,none
K13n4120,13,11,,,,11,unchecked,none
K13n4121,13,11,,,,11,unchecked,none
K13n4122,13,11,,,,11,unchecked,none
K13n4123,13,11,,,,11,unchecked,none
K13n4124,13,12,,,,12,unchecked,none
K13n4125,13,12,,,,12,unchecked,none
K13n4126,13,11,,11,0,11,unchecked,reported_only
K13n4127,13,11,,,,11,unchecked,none
K13n4128,13,12,,,,12,unchecked,none
K13n4129,13,11,,,,11,unchecked,none
K13n413,13,11,,,,11,unchecked,none
K13n4130,13,11,,,,11,unchecked,none
K13n4131,13,11,,,,11,unchecked,none
K13n4132,13,11,,12,1,11,unchecked,reported_only
K13n4133,13,11,,,,11,unchecked,none
K13n4134,13,11,,11,0,11,unchecked,reported_only
K13n4135,13,11,,,,11,unchecked,none
K13n4136,13,10,,11,1,10,unchecked,reported_only
K13n4137,13,11,,,,11,unchecked,none
K13n4138,13,11,,12,1,11,unchecked,reported_only
K13n4139,13,11,,11,0,11,unchecked,reported_only
K13n414,13,11,,,,11,unchecked,none
K13n4140,13,10,,11,1,10,unchecked,reported_only
K13n4141,13,11,,,,11,unchecked,none
K13n4142,13,10,,11,1,10,unchecked,reported_only
K13n4143,13,11,,12,1,11,unchecked,reported_only
K13n4144,13,12,,12,0,12,unchecked,reported_only
K13n4145,13,11,,,,11,unchecked,none
K13n4146,13,12,,,,12,unchecked,none
K13n4147,13,11,,11,0,11,unchecked,reported_only
K13n4148,13,11,,,,11,unchecked,none
K13n4149,13,11,,12,1,11,unchecked,reported_only
K13n415,13,12,,,,12,unchecked,none
K13n4150,13,11,,12,1,11,unchecked,reported_only
K13n4151,13,12,,,,12,unchecked,none
K13n4152,13,12,,,,12,unchecked,none
K13n4153,13,11,,,,11,unchecked,none
K13n4154,13,11,,,,11,unchecked,none
K13n4155,13,12,,,,12,unchecked,none
K13n4156,13,11,,12,1,11,unchecked,reported_only
K13n4157,13,11,,12,1,11,unchecked,reported_only
K13n4158,13,11,,,,11,unchecked,none
K13n4159,13,11,,,,11,unchecked,none
K13n416,13,12,,,,12,unchecked,none
K13n4160,13,11,,,,11,unchecked,none
K13n4161,13,11,,,,11,unchecked,none
K13n4162,13,12,,,,12,unchecked,none
K13n4163,13,12,,,,12,unchecked,none
K13n4164,13,11,,,,11,unchecked,none
K13n4165,13,11,,,,11,unchecked,none
K13n4166,13,12,,,,12,unchecked,none
K13n4167,13,11,,,,11,unchecked,none
K13n4168,13,12,,,,12,unchecked,none
K13n4169,13,11,,,,11,unchecked,none
K13n417,13,12,,,,12,unchecked,none
K13n4170,13,11,,,,11,unchecked,none
K13n4171,13,11,,12,1,11,unchecked,reported_only
K13n4172,13,12,,,,12,unchecked,none
K13n4173,13,12,,,,12,unchecked,none
K13n4174,13,11,,,,11,unchecked,none
K13n4175,13,12,,,,12,unchecked,none
K13n4176,13,11,,,,11,unchecked,none
K13n4177,13,12,,,,12,unchecked,none
K13n4178,13,12,,,,12,unchecked,none
K13n4179,13,12,,,,12,unchecked,none
K13n418,13,12,,,,12,unchecked,none
K13n4180,13,12,,,,12,unchecked,none
K13n4181,13,12,,,,12,unchecked,none
K13n4182,13,12,,,,12,unchecked,none
K13n4183,13,12,,,,12,unchecked,none
K13n4184,13,12,,,,12,unchecked,none
K13n4185,13,12,,,,12,unchecked,none
K13n4186,13,12,,,,12,unchecked,none
K13n4187,13,12,,,,12,unchecked,none
K13n4188,13,11,,12,1,11,unchecked,reported_only
K13n4189,13,11,,,,11,unchecked,none
K13n419,13,12,,,,12,unchecked,none
K13n4190,13,11,,12,1,11,unchecked,reported_only
K13n4191,13,11,,12,1,11,unchecked,reported_only
K13n4192,13,11,,,,11,unchecked,none
K13n4193,13,11,,,,11,unchecked,none
K13n4194,13,11,,,,11,unchecked,none
K13n4195,13,12,,,,12,unchecked,none
K13n4196,13,12,,,,12,unchecked,none
K13n4197,13,12,,,,12,unchecked,none
K13n4198,13,12,,,,12,unchecked,none
K13n4199,13,12,,,,12,unchecked,none
K13n42,13,12,,,,12,unchecked,none
K13n420,13,11,,,,11,unchecked,none
K13n4200,13,12,,,,12,unchecked,none
K13n4201,13,11,,,,11,unchecked,none
K13n4202,13,12,,,,12,unchecked,none
K13n4203,13,12,,,,12,unchecked,none
K13n4204,13,12,,,,12,unchecked,none
K13n4205,13,11,,,,11,unchecked,none
K13n4206,13,12,,,,12,unchecked,none
K13n4207,13,12,,,,12,unchecked,none
K13n4208,13,12,,,,12,unchecked,none
K13n4209,13,12,,,,12,unchecked,none
K13n421,13,12,,,,12,unchecked,none
K13n4210,13,12,,,,12,unchecked,none
K13n4211,13,11,,,,11,unchecked,none
K13n4212,13,11,,,,11,unchecked,none
K13n4213,13,11,,,,11,unchecked,none
K13n4214,13,12,,,,12,unchecked,none
K13n4215,13,11,,,,11,unchecked,none
K13n4216,13,12,,,,12,unchecked,none
K13n4217,13,12,,,,12,unchecked,none
K13n4218,13,12,,,,12,unchecked,none
K13n4219,13,12,,,,12,unchecked,none
K13n422,13,11,,11,0,11,unchecked,reported_only
K13n4220,13,11,,,,11,unchecked,none
K13n4221,13,11,,,,11,unchecked,none
K13n4222,13,11,,,,11,unchecked,none
K13n4223,13,11,,,,11,unchecked,none
K13n4224,13,12,,,,12,unchecked,none
K13n4225,13,11,,,,11,unchecked,none
K13n4226,13,11,,,,11,unchecked,none
K13n4227,13,12,,,,12,unchecked,none
K13n4228,13,12,,12,0,12,unchecked,reported_only
K13n4229,13,12,,,,12,unchecked,none
K13n423,13,11,,11,0,11,unchecked,reported_only
K13n4230,13,12,,,,12,unchecked,none
K13n4231,13,12,,,,12,unchecked,none
K13n4232,13,11,,,,11,unchecked,none
K13n4233,13,12,,,,12,unchecked,none
K13n4234,13,11,,,,11,unchecked,none
K13n4235,13,12,,,,12,unchecked,none
K13n4236,13,11,,,,11,unchecked,none
K13n4237,13,12,,,,12,unchecked,none
K13n4238,13,11,,,,11,unchecked,none
K13n4239,13,12,,,,12,unchecked,none
K13n424,13,11,,12,1,11,unchecked,reported_only
K13n4240,13,12,,,,12,unchecked,none
K13n4241,13,11,,,,11,unchecked,none
K13n4242,13,11,,,,11,unchecked,none
K13n4243,13,12,,,,12,unchecked,none
K13n4244,13,12,,,,12,unchecked,none
K13n4245,13,11,,,,11,unchecked,none
K13n4246,13,12,,,,12,unchecked,none
K13n4247,13,11,,12,1,11,unchecked,reported_only
K13n4248,13,12,,,,12,unchecked,none
K13n4249,13,12,,,,12,unchecked,none
K13n425,13,11,,12,1,11,unchecked,reported_only
K13n4250,13,12,,,,12,unchecked,none
K13n4251,13,12,,,,12,unchecked,none
K13n4252,13,12,,,,12,unchecked,none
K13n4253,13,11,,12,1,11,unchecked,reported_only
K13n4254,13,11,,,,11,unchecked,none
K13n4255,13,12,,,,12,unchecked,none
K13n4256,13,11,,,,11,unchecked,none
K13n4257,13,11,,,,11,unchecked,none
K13n4258,13,11,,,,11,unchecked,none
K13n4259,13,12,,,,12,unchecked,none
K13n426,13,11,,11,0,11,unchecked,reported_only
K13n4260,13,12,,,,12,unchecked,none
K13n4261,13,12,,,,12,unchecked,none
K13n4262,13,12,,,,12,unchecked,none
K13n4263,13,12,,,,12,unchecked,none
K13n4264,13,12,,,,12,unchecked,none
K13n4265,13,11,,,,11,unchecked,none
K13n4266,13,12,,12,0,12,unchecked,reported_only
K13n4267,13,12,,,,12,unchecked,none
K13n4268,13,11,,12,1,11,unchecked,reported_only
K13n4269,13,12,,,,12,unchecked,none
K13n427,13,11,,,,11,unchecked,none
K13n4270,13,11,,,,11,unchecked,none
K13n4271,13,11,,,,11,unchecked,none
K13n4272,13,11,,,,11,unchecked,none
K13n4273,13,11,,,,11,unchecked,none
K13n4274,13,11,,,,11,unchecked,none
K13n4275,13,11,,12,1,11,unchecked,reported_only
K13n4276,13,11,,,,11,unchecked,none
K13n4277,13,11,,,,11,unchecked,none
K13n4278,13,12,,,,12,unchecked,none
K13n4279,13,11,,,,11,unchecked,none
K13n428,13,12,,,,12,unchecked,none
K13n4280,13,11,,,,11,unchecked,none
K13n4281,13,10,,12,2,10,unchecked,reported_only
K13n4282,13,11,,,,11,unchecked,none
K13n4283,13,11,,12,1,11,unchecked,reported_only
K13n4284,13,11,,11,0,11,unchecked,reported_only
K13n4285,13,11,,,,11,unchecked,none
K13n4286,13,11,,,,11,unchecked,none
K13n4287,13,11,,,,11,unchecked,none
K13n4288,13,12,,,,12,unchecked,none
K13n4289,13,11,,,,11,unchecked,none
K13n429,13,12,,,,12,unchecked,none
K13n4290,13,11,,,,11,unchecked,none
K13n4291,13,11,,,,11,unchecked,none
K13n4292,13,12,,,,12,unchecked,none
K13n4293,13,12,,,,12,unchecked,none
K13n4294,13,11,,,,11,unchecked,none
K13n4295,13,11,,11,0,11,unchecked,reported_only
K13n4296,13,11,,,,11,unchecked,none
K13n4297,13,12,,,,12,unchecked,none
K13n4298,13,11,,11,0,11,unchecked,reported_only
K13n4299,13,11,,11,0,11,unchecked,reported_only
K13n43,13,12,,,,12,unchecked,none
K13n430,13,12,,,,12,unchecked,none
K13n4300,13,12,,,,12,unchecked,none
K13n4301,13,11,,,,11,unchecked,none
K13n4302,13,12,,,,12,unchecked,none
K13n4303,13,12,,,,12,unchecked,none
K13n4304,13,10,,11,1,10,unchecked,reported_only
K13n4305,13,11,,11,0,11,unchecked,reported_only
K13n4306,13,11,,,,11,unchecked,none
K13n4307,13,12,,,,12,unchecked,none
K13n4308,13,11,,,,11,unchecked,none
K13n4309,13,12,,,,12,unchecked,none
K13n431,13,13,,,,13,unchecked,none
K13n4310,13,11,,,,11,unchecked,none
K13n4311,13,12,,,,12,unchecked,none
K13n4312,13,11,,,,11,unchecked,none
K13n4313,13,12,,,,12,unchecked,none
K13n4314,13,11,,,,11,unchecked,none
K13n4315,13,11,,11,0,11,unchecked,reported_only
K13n4316,13,11,,,,11,unchecked,none
K13n4317,13,11,,,,11,unchecked,none
K13n4318,13,12,,,,12,unchecked,none
K13n4319,13,12,,,,12,unchecked,none
K13n432,13,12,,,,12,unchecked,none
K13n4320,13,12,,,,12,unchecked,none
K13n4321,13,12,,,,12,unchecked,none
K13n4322,13,11,,,,11,unchecked,none
K13n4323,13,12,,,,12,unchecked,none
K13n4324,13,11,,,,11,matched,none
K13n4325,13,12,,,,12,unchecked,none
K13n4326,13,11,,,,11,unchecked,none
K13n4327,13,11,,,,11,unchecked,none
K13n4328,13,12,,,,12,unchecked,none
K13n4329,13,12,,,,12,unchecked,none
K13n433,13,13,,,,13,unchecked,none
K13n4330,13,12,,,,12,unchecked,none
K13n4331,13,11,,,,11,unchecked,none
K13n4332,13,11,,12,1,11,unchecked,reported_only
K13n4333,13,11,,,,11,unchecked,none
K13n4334,13,11,,,,11,unchecked,none
K13n4335,13,12,,,,12,unchecked,none
K13n4336,13,11,,12,1,11,unchecked,reported_only
K13n4337,13,11,,12,1,11,unchecked,reported_only
K13n4338,13,11,,11,0,11,unchecked,reported_only
K13n4339,13,11,,,,11,unchecked,none
K13n434,13,12,,,,12,unchecked,none
K13n4340,13,11,,12,1,11,unchecked,reported_only
K13n4341,13,12,,,,12,unchecked,none
K13n4342,13,11,,,,11,unchecked,none
K13n4343,13,11,,,,11,unchecked,none
K13n4344,13,11,,,,11,unchecked,none
K13n4345,13,11,,12,1,11,matched,reported_only
K13n4346,13,11,,,,11,unchecked,none
K13n4347,13,12,,,,12,unchecked,none
K13n4348,13,11,,,,11,unchecked,none
K13n4349,13,11,,,,11,unchecked,none
K13n435,13,12,,,,12,unchecked,none
K13n4350,13,12,,,,12,unchecked,none
K13n4351,13,11,,,,11,unchecked,none
K13n4352,13,11,,,,11,unchecked,none
K13n4353,13,12,,,,12,unchecked,none
K13n4354,13,12,,,,12,unchecked,none
K13n4355,13,11,,,,11,unchecked,none
K13n4356,13,11,,,,11,unchecked,none
K13n4357,13,11,,,,11,unchecked,none
K13n4358,13,12,,,,12,unchecked,none
K13n4359,13,12,,,,12,unchecked,none
K13n436,13,11,,,,11,unchecked,none
K13n4360,13,12,,,,12,unchecked,none
K13n4361,13,11,,,,11,unchecked,none
K13n4362,13,12,,,,12,unchecked,none
K13n4363,13,12,,,,12,unchecked,none
K13n4364,13,12,,,,12,unchecked,none
K13n4365,13,12,,,,12,unchecked,none
K13n4366,13,12,,,,12,unchecked,none
K13n4367,13,12,,,,12,unchecked,none
K13n4368,13,11,,,,11,unchecked,none
K13n4369,13,12,,,,12,unchecked,none
K13n437,13,11,,,,11,unchecked,none
K13n4370,13,11,,,,11,unchecked,none
K13n4371,13,11,,11,0,11,unchecked,reported_only
K13n4372,13,11,,12,1,11,unchecked,reported_only
K13n4373,13,11,,,,11,unchecked,none
K13n4374,13,11,,,,11,unchecked,none
K13n4375,13,12,,,,12,unchecked,none
K13n4376,13,11,,11,0,11,unchecked,reported_only
K13n4377,13,11,,,,11,unchecked,none
K13n4378,13,11,,,,11,unchecked,none
K13n4379,13,12,,,,12,unchecked,none
K13n438,13,11,,,,11,unchecked,none
K13n4380,13,12,,,,12,unchecked,none
K13n4381,13,11,,,,11,unchecked,none
K13n4382,13,11,,,,11,unchecked,none
K13n4383,13,11,,,,11,unchecked,none
K13n4384,13,11,,,,11,unchecked,none
K13n4385,13,12,,,,12,unchecked,none
K13n4386,13,12,,,,12,unchecked,none
K13n4387,13,12,,,,12,unchecked,none
K13n4388,13,11,,,,11,unchecked,none
K13n4389,13,11,,,,11,unchecked,none
K13n439,13,12,,,,12,unchecked,none
K13n4390,13,11,,,,11,unchecked,none
K13n4391,13,11,,,,11,unchecked,none
K13n4392,13,12,,,,12,unchecked,none
K13n4393,13,11,,,,11,unchecked,none
K13n4394,13,12,,,,12,unchecked,none
K13n4395,13,11,,,,11,unchecked,none
K13n4396,13,12,,,,12,unchecked,none
K13n4397,13,12,,,,12,unchecked,none
K13n4398,13,11,,,,11,unchecked,none
K13n4399,13,12,,,,12,unchecked,none
K13n44,13,12,,,,12,unchecked,none
K13n440,13,13,,,,13,unchecked,none
K13n4400,13,12,,,,12,unchecked,none
K13n4401,13,12,,,,12,unchecked,none
K13n4402,13,11,,,,11,unchecked,none
K13n4403,13,11,,,,11,unchecked,none
K13n4404,13,11,,,,11,unchecked,none
K13n4405,13,11,,,,11,unchecked,none
K13n4406,13,12,,,,12,unchecked,none
K13n4407,13,11,,,,11,unchecked,none
K13n4408,13,11,,12,1,11,unchecked,reported_only
K13n4409,13,11,,,,11,unchecked,none
K13n441,13,12,,,,12,unchecked,none
K13n4410,13,11,,,,11,unchecked,none
K13n4411,13,11,,,,11,unchecked,none
K13n4412,13,12,,,,12,unchecked,none
K13n4413,13,11,,,,11,unchecked,none
K13n4414,13,11,,,,11,unchecked,none
K13n4415,13,12,,,,12,unchecked,none
K13n4416,13,12,,,,12,unchecked,none
K13n4417,13,11,,,,11,unchecked,none
K13n4418,13,11,,11,0,11,unchecked,reported_only
K13n4419,13,11,,,,11,unchecked,none
K13n442,13,12,,,,12,unchecked,none
K13n4420,13,11,,11,0,11,unchecked,reported_only
K13n4421,13,11,,12,1,11,unchecked,reported_only
K13n4422,13,11,,,,11,unchecked,none
K13n4423,13,12,,,,12,unchecked,none
K13n4424,13,11,,,,11,unchecked,none
K13n4425,13,12,,,,12,unchecked,none
K13n4426,13,11,,11,0,11,unchecked,reported_only
K13n4427,13,11,,11,0,11,unchecked,reported_only
K13n4428,13,11,,,,11,unchecked,none
K13n4429,13,12,,,,12,unchecked,none
K13n443,13,12,,,,12,unchecked,none
K13n4430,13,11,,,,11,unchecked,none
K13n4431,13,11,,11,0,11,unchecked,reported_only
K13n4432,13,12,,,,12,unchecked,none
K13n4433,13,11,,,,11,unchecked,none
K13n4434,13,11,,,,11,unchecked,none
K13n4435,13,12,,,,12,unchecked,none
K13n4436,13,11,,,,11,unchecked,none
K13n4437,13,11,,,,11,unchecked,none
K13n4438,13,11,,,,11,unchecked,none
K13n4439,13,11,,,,11,unchecked,none
K13n444,13,12,,,,12,unchecked,none
K13n4440,13,12,,,,12,unchecked,none
K13n4441,13,12,,,,12,unchecked,none
K13n4442,13,12,,,,12,unchecked,none
K13n4443,13,11,,,,11,unchecked,none
K13n4444,13,12,,,,12,unchecked,none
K13n4445,13,12,,,,12,unchecked,none
K13n4446,13,11,,,,11,unchecked,none
K13n4447,13,12,,,,12,unchecked,none
K13n4448,13,12,,,,12,unchecked,none
K13n4449,13,11,,,,11,unchecked,none
K13n445,13,12,,,,12,unchecked,none
K13n4450,13,12,,,,12,unchecked,none
K13n4451,13,11,,,,11,unchecked,none
K13n4452,13,12,,,,12,unchecked,none
K13n4453,13,12,,,,12,unchecked,none
K13n4454,13,11,,,,11,unchecked,none
K13n4455,13,12,,,,12,unchecked,none
K13n4456,13,11,,,,11,unchecked,none
K13n4457,13,12,,,,12,unchecked,none
K13n4458,13,12,,,,12,unchecked,none
K13n4459,13,12,,,,12,unchecked,none
K13n446,13,11,,11,0,11,unchecked,reported_only
K13n4460,13,12,,,,12,unchecked,none
K13n4461,13,11,,12,1,11,unchecked,reported_only
K13n4462,13,11,,,,11,unchecked,none
K13n4463,13,11,,,,11,unchecked,none
K13n4464,13,11,,,,11,unchecked,none
K13n4465,13,12,,,,12,unchecked,none
K13n4466,13,11,,,,11,unchecked,none
K13n4467,13,12,,,,12,unchecked,none
K13n4468,13,12,,,,12,unchecked,none
K13n4469,13,12,,,,12,unchecked,none
K13n447,13,11,,,,11,unchecked,none
K13n4470,13,11,,,,11,unchecked,none
K13n4471,13,12,,,,12,unchecked,none
K13n4472,13,11,,11,0,11,unchecked,reported_only
K13n4473,13,12,,,,12,unchecked,none
K13n4474,13,12,,,,12,unchecked,none
K13n4475,13,11,,12,1,11,unchecked,reported_only
K13n4476,13,12,,,,12,unchecked,none
K13n4477,13,12,,,,12,unchecked,none
K13n4478,13,11,,,,11,unchecked,none
K13n4479,13,11,,12,1,11,unchecked,reported_only
K13n448,13,12,,,,12,unchecked,none
K13n4480,13,12,,,,12,unchecked,none
K13n4481,13,11,,,,11,unchecked,none
K13n4482,13,12,,,,12,unchecked,none
K13n4483,13,12,,,,12,unchecked,none
K13n4484,13,11,,12,1,11,unchecked,reported_only
K13n4485,13,11,,,,11,unchecked,none
K13n4486,13,11,,,,11,unchecked,none
K13n4487,13,12,,,,12,unchecked,none
K13n4488,13,11,,,,11,unchecked,none
K13n4489,13,11,,,,11,unchecked,none
K13n449,13,13,,,,13,unchecked,none
K13n4490,13,12,,,,12,unchecked,none
K13n4491,13,12,,,,12,unchecked,none
K13n4492,13,11,,12,1,11,unchecked,reported_only
K13n4493,13,11,,,,11,unchecked,none
K13n4494,13,11,,,,11,unchecked,none
K13n4495,13,12,,,,12,unchecked,none
K13n4496,13,11,,,,11,unchecked,none
K13n4497,13,12,,,,12,unchecked,none
K13n4498,13,12,,,,12,unchecked,none
K13n4499,13,12,,,,12,unchecked,none
K13n45,13,12,,,,12,unchecked,none
K13n450,13,12,,,,12,unchecked,none
K13n4500,13,11,,,,11,matched,none
K13n4501,13,12,,,,12,unchecked,none
K13n4502,13,12,,,,12,unchecked,none
K13n4503,13,12,,,,12,unchecked,none
K13n4504,13,12,,,,12,unchecked,none
K13n4505,13,12,,,,12,unchecked,none
K13n4506,13,12,,,,12,unchecked,none
K13n4507,13,11,,,,11,unchecked,none
K13n4508,13,11,,12,1,11,unchecked,reported_only
K13n4509,13,12,,,,12,unchecked,none
K13n451,13,12,,,,12,unchecked,none
K13n4510,13,12,,12,0,12,unchecked,reported_only
K13n4511,13,12,,,,12,unchecked,none
K13n4512,13,11,,,,11,unchecked,none
K13n4513,13,11,,,,11,unchecked,none
K13n4514,13,11,,12,1,11,unchecked,reported_only
K13n4515,13,11,,,,11,unchecked,none
K13n4516,13,11,,11,0,11,unchecked,reported_only
K13n4517,13,11,,11,0,11,unchecked,reported_only
K13n4518,13,11,,,,11,unchecked,none
K13n4519,13,11,,,,11,unchecked,none
K13n452,13,12,,,,12,unchecked,none
K13n4520,13,12,,,,12,unchecked,none
K13n4521,13,11,,,,11,unchecked,none
K13n4522,13,11,,12,1,11,unchecked,reported_only
K13n4523,13,11,,,,11,unchecked,none
K13n4524,13,11,,,,11,unchecked,none
K13n4525,13,11,,,,11,unchecked,none
K13n4526,13,11,,,,11,unchecked,none
K13n4527,13,12,,,,12,unchecked,none
K13n4528,13,11,,,,11,unchecked,none
K13n4529,13,12,,,,12,unchecked,none
K13n453,13,12,,,,12,unchecked,none
K13n4530,13,11,,,,11,unchecked,none
K13n4531,13,11,,12,1,11,unchecked,reported_only
K13n4532,13,11,,,,11,unchecked,none
K13n4533,13,11,,,,11,unchecked,none
K13n4534,13,11,,,,11,unchecked,none
K13n4535,13,11,,11,0,11,unchecked,reported_only
K13n4536,13,11,,12,1,11,unchecked,reported_only
K13n4537,13,11,,11,0,11,unchecked,reported_only
K13n4538,13,12,,,,12,unchecked,none
K13n4539,13,11,,,,11,unchecked,none
K13n454,13,12,,,,12,unchecked,none
K13n4540,13,11,,,,11,unchecked,none
K13n4541,13,11,,,,11,unchecked,none
K13n4542,13,12,,,,12,unchecked,none
K13n4543,13,11,,,,11,unchecked,none
K13n4544,13,11,,,,11,unchecked,none
K13n4545,13,11,,,,11,unchecked,none
K13n4546,13,11,,,,11,unchecked,none
K13n4547,13,11,,,,11,unchecked,none
K13n4548,13,11,,11,0,11,unchecked,reported_only
K13n4549,13,11,,,,11,unchecked,none
K13n455,13,12,,,,12,unchecked,none
K13n4550,13,11,,,,11,unchecked,none
K13n4551,13,11,,,,11,unchecked,none
K13n4552,13,11,,12,1,11,unchecked,reported_only
K13n4553,13,12,,,,12,unchecked,none
K13n4554,13,11,,,,11,unchecked,none
K13n4555,13,11,,,,11,unchecked,none
K13n4556,13,11,,,,11,unchecked,none
K13n4557,13,11,,12,1,11,unchecked,reported_only
K13n4558,13,11,,12,1,11,unchecked,reported_only
K13n4559,13,11,,,,11,unchecked,none
K13n456,13,12,,,,12,unchecked,none
K13n4560,13,11,,,,11,unchecked,none
K13n4561,13,11,,,,11,unchecked,none
K13n4562,13,11,,,,11,unchecked,none
K13n4563,13,12,,,,12,unchecked,none
K13n4564,13,11,,,,11,unchecked,none
K13n4565,13,12,,,,12,unchecked,none
K13n4566,13,11,,,,11,unchecked,none
K13n4567,13,11,,,,11,unchecked,none
K13n4568,13,11,,12,1,11,unchecked,reported_only
K13n4569,13,12,,,,12,unchecked,none
K13n457,13,12,,,,12,unchecked,none
K13n4570,13,11,,12,1,11,unchecked,reported_only
K13n4571,13,12,,,,12,unchecked,none
K13n4572,13,11,,,,11,unchecked,none
K13n4573,13,12,,,,12,unchecked,none
K13n4574,13,12,,,,12,unchecked,none
K13n4575,13,12,,,,12,unchecked,none
K13n4576,13,11,,,,11,unchecked,none
K13n4577,13,11,,12,1,11,unchecked,reported_only
K13n4578,13,12,,,,12,unchecked,none
K13n4579,13,12,,,,12,unchecked,none
K13n458,13,12,,,,12,unchecked,none
K13n4580,13,12,,,,12,unchecked,none
K13n4581,13,12,,,,12,unchecked,none
K13n4582,13,12,,,,12,unchecked,none
K13n4583,13,12,,,,12,unchecked,none
K13n4584,13,12,,,,12,unchecked,none
K13n4585,13,11,,,,11,unchecked,none
K13n4586,13,12,,,,12,unchecked,none
K13n4587,13,12,,,,12,unchecked,none
K13n4588,13,12,,,,12,unchecked,none
K13n4589,13,12,,,,12,unchecked,none
K13n459,13,12,,,,12,unchecked,none
K13n4590,13,11,,,,11,unchecked,none
K13n4591,13,12,,,,12,unchecked,none
K13n4592,13,11,,,,11,unchecked,none
K13n4593,13,12,,,,12,unchecked,none
K13n4594,13,12,,,,12,unchecked,none
K13n4595,13,12,,,,12,unchecked,none
K13n4596,13,12,,,,12,unchecked,none
K13n4597,13,12,,,,12,unchecked,none
K13n4598,13,12,,,,12,unchecked,none
K13n4599,13,11,,,,11,unchecked,none
K13n46,13,12,,,,12,unchecked,none
K13n460,13,12,,,,12,unchecked,none
K13n4600,13,12,,,,12,unchecked,none
K13n4601,13,11,,,,11,unchecked,none
K13n4602,13,12,,,,12,unchecked,none
K13n4603,13,11,,,,11,unchecked,none
K13n4604,13,11,,12,1,11,unchecked,reported_only
K13n4605,13,12,,,,12,unchecked,none
K13n4606,13,11,,12,1,11,unchecked,reported_only
K13n4607,13,11,,11,0,11,unchecked,reported_only
K13n4608,13,11,,,,11,unchecked,none
K13n4609,13,12,,,,12,unchecked,none
K13n461,13,12,,,,12,unchecked,none
K13n4610,13,12,,,,12,unchecked,none
K13n4611,13,11,,,,11,unchecked,none
K13n4612,13,12,,,,12,unchecked,none
K13n4613,13,12,,,,12,unchecked,none
K13n4614,13,11,,,,11,unchecked,none
K13n4615,13,12,,,,12,unchecked,none
K13n4616,13,11,,,,11,unchecked,none
K13n4617,13,12,,,,12,unchecked,none
K13n4618,13,12,,,,12,unchecked,none
K13n4619,13,12,,,,12,unchecked,none
K13n462,13,12,,,,12,unchecked,none
K13n4620,13,11,,,,11,unchecked,none
K13n4621,13,11,,,,11,unchecked,none
K13n4622,13,12,,,,12,unchecked,none
K13n4623,13,11,,,,11,unchecked,none
K13n4624,13,11,,12,1,11,unchecked,reported_only
K13n4625,13,12,,,,12,unchecked,none
K13n4626,13,12,,,,12,unchecked,none
K13n4627,13,12,,,,12,unchecked,none
K13n4628,13,12,,,,12,unchecked,none
K13n4629,13,11,,11,0,11,unchecked,reported_only
K13n463,13,11,,12,1,11,unchecked,reported_only
K13n4630,13,11,,,,11,unchecked,none
K13n4631,13,12,,,,12,unchecked,none
K13n4632,13,12,,,,12,unchecked,none
K13n4633,13,12,,,,12,unchecked,none
K13n4634,13,10,,11,1,10,unchecked,reported_only
K13n4635,13,12,,,,12,unchecked,none
K13n4636,13,12,,,,12,unchecked,none
K13n4637,13,12,,,,12,unchecked,none
K13n4638,13,12,,,,12,unchecked,none
K13n4639,13,12,,,,12,unchecked,none
K13n464,13,11,,,,11,unchecked,none
K13n4640,13,11,,12,1,11,unchecked,reported_only
K13n4641,13,11,,,,11,unchecked,none
K13n4642,13,12,,,,12,unchecked,none
K13n4643,13,11,,12,1,11,unchecked,reported_only
K13n4644,13,12,,,,12,unchecked,none
K13n4645,13,12,,,,12,unchecked,none
K13n4646,13,12,,,,12,unchecked,none
K13n4647,13,11,,,,11,unchecked,none
K13n4648,13,12,,,,12,unchecked,none
K13n4649,13,12,,,,12,unchecked,none
K13n465,13,11,,,,11,unchecked,none
K13n4650,13,12,,,,12,unchecked,none
K13n4651,13,11,,,,11,unchecked,none
K13n4652,13,11,,,,11,unchecked,none
K13n4653,13,12,,,,12,unchecked,none
K13n4654,13,12,,,,12,unchecked,none
K13n4655,13,11,,,,11,unchecked,none
K13n4656,13,11,,,,11,unchecked,none
K13n4657,13,11,,11,0,11,unchecked,reported_only
K13n4658,13,12,,,,12,unchecked,none
K13n4659,13,11,,12,1,11,unchecked,reported_only
K13n466,13,12,,,,12,unchecked,none
K13n4660,13,12,,,,12,unchecked,none
K13n4661,13,12,,,,12,unchecked,none
K13n4662,13,11,,,,11,unchecked,none
K13n4663,13,12,,,,12,unchecked,none
K13n4664,13,12,,,,12,unchecked,none
K13n4665,13,12,,,,12,unchecked,none
K13n4666,13,12,,,,12,unchecked,none
K13n4667,13,12,,,,12,unchecked,none
K13n4668,13,12,,,,12,unchecked,none
K13n4669,13,12,,,,12,unchecked,none
K13n467,13,13,,,,13,unchecked,none
K13n4670,13,11,,,,11,unchecked,none
K13n4671,13,12,,,,12,unchecked,none
K13n4672,13,12,,,,12,unchecked,none
K13n4673,13,11,,,,11,unchecked,none
K13n4674,13,12,,,,12,unchecked,none
K13n4675,13,12,,,,12,unchecked,none
K13n4676,13,12,,,,12,unchecked,none
K13n4677,13,12,,,,12,unchecked,none
K13n4678,13,12,,,,12,unchecked,none
K13n4679,13,12,,,,12,unchecked,none
K13n468,13,11,,11,0,11,unchecked,reported_only
K13n4680,13,12,,,,12,unchecked,none
K13n4681,13,12,,,,12,unchecked,none
K13n4682,13,12,,,,12,unchecked,none
K13n4683,13,12,,,,12,unchecked,none
K13n4684,13,12,,,,12,unchecked,none
K13n4685,13,12,,,,12,unchecked,none
K13n4686,13,12,,,,12,unchecked,none
K13n4687,13,11,,,,11,unchecked,none
K13n4688,13,11,,,,11,unchecked,none
K13n4689,13,11,,,,11,unchecked,none
K13n469,13,10,,10,0,10,unchecked,reported_only
K13n4690,13,12,,,,12,unchecked,none
K13n4691,13,12,,,,12,unchecked,none
K13n4692,13,12,,,,12,unchecked,none
K13n4693,13,11,,,,11,unchecked,none
K13n4694,13,11,,12,1,11,unchecked,reported_only
K13n4695,13,12,,,,12,unchecked,none
K13n4696,13,12,,,,12,unchecked,none
K13n4697,13,11,,,,11,unchecked,none
K13n4698,13,12,,,,12,unchecked,none
K13n4699,13,11,,,,11,unchecked,none
K13n47,13,12,,,,12,unchecked,none
K13n470,13,12,,,,12,unchecked,none
K13n4700,13,12,,,,12,unchecked,none
K13n4701,13,11,,,,11,unchecked,none
K13n4702,13,12,,,,12,unchecked,none
K13n4703,13,12,,,,12,unchecked,none
K13n4704,13,11,,,,11,unchecked,none
K13n4705,13,12,,,,12,unchecked,none
K13n4706,13,11,,,,11,unchecked,none
K13n4707,13,11,,11,0,11,unchecked,reported_only
K13n4708,13,11,,,,11,matched,none
K13n4709,13,11,,,,11,unchecked,none
K13n471,13,12,,,,12,unchecked,none
K13n4710,13,11,,11,0,11,unchecked,reported_only
K13n4711,13,11,,12,1,11,unchecked,reported_only
K13n4712,13,11,,,,11,unchecked,none
K13n4713,13,11,,,,11,unchecked,none
K13n4714,13,12,,,,12,unchecked,none
K13n4715,13,11,,,,11,unchecked,none
K13n4716,13,11,,,,11,unchecked,none
K13n4717,13,12,,,,12,unchecked,none
K13n4718,13,12,,,,12,unchecked,none
K13n4719,13,11,,,,11,unchecked,none
K13n472,13,12,,,,12,unchecked,none
K13n4720,13,11,,,,11,unchecked,none
K13n4721,13,12,,,,12,unchecked,none
K13n4722,13,11,,,,11,unchecked,none
K13n4723,13,11,,12,1,11,unchecked,reported_only
K13n4724,13,12,,,,12,unchecked,none
K13n4725,13,11,,,,11,unchecked,none
K13n4726,13,11,,11,0,11,unchecked,reported_only
K13n4727,13,11,,,,11,unchecked,none
K13n4728,13,12,,,,12,unchecked,none
K13n4729,13,11,,,,11,unchecked,none
K13n473,13,12,,,,12,unchecked,none
K13n4730,13,11,,,,11,unchecked,none
K13n4731,13,12,,,,12,unchecked,none
K13n4732,13,11,,,,11,unchecked,none
K13n4733,13,12,,,,12,unchecked,none
K13n4734,13,11,,,,11,unchecked,none
K13n4735,13,11,,,,11,unchecked,none
K13n4736,13,12,,,,12,unchecked,none
K13n4737,13,12,,,,12,unchecked,none
K13n4738,13,12,,,,12,unchecked,none
K13n4739,13,12,,,,12,unchecked,none
K13n474,13,12,,,,12,unchecked,none
K13n4740,13,11,,,,11,unchecked,none
K13n4741,13,11,,,,11,unchecked,none
K13n4742,13,12,,,,12,unchecked,none
K13n4743,13,12,,,,12,unchecked,none
K13n4744,13,11,,,,11,unchecked,none
K13n4745,13,12,,,,12,unchecked,none
K13n4746,13,12,,,,12,unchecked,none
K13n4747,13,11,,,,11,unchecked,none
K13n4748,13,12,,,,12,unchecked,none
K13n4749,13,11,,,,11,unchecked,none
K13n475,13,12,,,,12,unchecked,none
K13n4750,13,12,,,,12,unchecked,none
K13n4751,13,12,,,,12,unchecked,none
K13n4752,13,12,,12,0,12,unchecked,reported_only
K13n4753,13,12,,,,12,unchecked,none
K13n4754,13,11,,,,11,unchecked,none
K13n4755,13,11,,12,1,11,unchecked,reported_only
K13n4756,13,12,,,,12,unchecked,none
K13n4757,13,11,,,,11,unchecked,none
K13n4758,13,11,,,,11,unchecked,none
K13n4759,13,11,,,,11,unchecked,none
K13n476,13,12,,,,12,unchecked,none
K13n4760,13,11,,,,11,unchecked,none
K13n4761,13,12,,,,12,unchecked,none
K13n4762,13,12,,,,12,unchecked,none
K13n4763,13,11,,,,11,unchecked,none
K13n4764,13,11,,,,11,unchecked,none
K13n4765,13,12,,,,12,unchecked,none
K13n4766,13,11,,,,11,unchecked,none
K13n4767,13,11,,,,11,unchecked,none
K13n4768,13,11,,,,11,unchecked,none
K13n4769,13,11,,,,11,unchecked,none
K13n477,13,12,,,,12,unchecked,none
K13n4770,13,12,,,,12,unchecked,none
K13n4771,13,12,,,,12,unchecked,none
K13n4772,13,12,,12,0,12,unchecked,reported_only
K13n4773,13,11,,,,11,unchecked,none
K13n4774,13,12,,,,12,unchecked,none
K13n4775,13,12,,,,12,unchecked,none
K13n4776,13,12,,,,12,unchecked,none
K13n4777,13,12,,,,12,unchecked,none
K13n4778,13,12,,,,12,unchecked,none
K13n4779,13,11,,,,11,unchecked,none
K13n478,13,12,,,,12,unchecked,none
K13n4780,13,11,,,,11,unchecked,none
K13n4781,13,11,,,,11,unchecked,none
K13n4782,13,12,,,,12,unchecked,none
K13n4783,13,12,,,,12,unchecked,none
K13n4784,13,12,,,,12,unchecked,none
K13n4785,13,11,,,,11,unchecked,none
K13n4786,13,12,,,,12,unchecked,none
K13n4787,13,12,,,,12,unchecked,none
K13n4788,13,11,,,,11,unchecked,none
K13n4789,13,12,,,,12,unchecked,none
K13n479,13,12,,,,12,unchecked,none
K13n4790,13,11,,,,11,unchecked,none
K13n4791,13,11,,,,11,unchecked,none
K13n4792,13,12,,,,12,unchecked,none
K13n4793,13,12,,,,12,unchecked,none
K13n4794,13,11,,,,11,unchecked,none
K13n4795,13,11,,,,11,unchecked,none
K13n4796,13,11,,,,11,unchecked,none
K13n4797,13,12,,,,12,unchecked,none
K13n4798,13,12,,,,12,unchecked,none
K13n4799,13,11,,,,11,unchecked,none
K13n48,13,11,,,,11,unchecked,none
K13n480,13,12,,,,12,unchecked,none
K13n4800,13,11,,,,11,unchecked,none
K13n4801,13,12,,,,12,unchecked,none
K13n4802,13,11,,,,11,unchecked,none
K13n4803,13,11,,,,11,unchecked,none
K13n4804,13,11,,11,0,11,unchecked,reported_only
K13n4805,13,11,,,,11,unchecked,none
K13n4806,13,11,,11,0,11,unchecked,reported_only
K13n4807,13,11,,,,11,unchecked,none
K13n4808,13,11,,11,0,11,unchecked,reported_only
K13n4809,13,11,,11,0,11,unchecked,reported_only
K13n481,13,12,,,,12,unchecked,none
K13n4810,13,12,,,,12,unchecked,none
K13n4811,13,12,,,,12,unchecked,none
K13n4812,13,12,,,,12,unchecked,none
K13n4813,13,12,,,,12,unchecked,none
K13n4814,13,12,,,,12,unchecked,none
K13n4815,13,12,,,,12,unchecked,none
K13n4816,13,12,,,,12,unchecked,none
K13n4817,13,12,,,,12,unchecked,none
K13n4818,13,12,,,,12,unchecked,none
K13n4819,13,11,,,,11,unchecked,none
K13n482,13,12,,,,12,unchecked,none
K13n4820,13,12,,,,12,unchecked,none
K13n4821,13,12,,,,12,unchecked,none
K13n4822,13,12,,,,12,unchecked,none
K13n4823,13,11,,,,11,unchecked,none
K13n4824,13,11,,,,11,unchecked,none
K13n4825,13,11,,,,11,unchecked,none
K13n4826,13,12,,,,12,unchecked,none
K13n4827,13,12,,,,12,unchecked,none
K13n4828,13,11,,,,11,unchecked,none
K13n4829,13,12,,,,12,unchecked,none
K13n483,13,12,,,,12,unchecked,none
K13n4830,13,12,,,,12,unchecked,none
K13n4831,13,12,,,,12,unchecked,none
K13n4832,13,12,,,,12,unchecked,none
K13n4833,13,12,,,,12,unchecked,none
K13n4834,13,12,,,,12,unchecked,none
K13n4835,13,11,,,,11,unchecked,none
K13n4836,13,12,,,,12,unchecked,none
K13n4837,13,11,,,,11,unchecked,none
K13n4838,13,12,,,,12,unchecked,none
K13n4839,13,12,,,,12,unchecked,none
K13n484,13,12,,,,12,unchecked,none
K13n4840,13,12,,,,12,unchecked,none
K13n4841,13,12,,,,12,unchecked,none
K13n4842,13,12,,,,12,unchecked,none
K13n4843,13,12,,,,12,unchecked,none
K13n4844,13,11,,,,11,unchecked,none
K13n4845,13,12,,,,12,unchecked,none
K13n4846,13,12,,,,12,unchecked,none
K13n4847,13,12,,,,12,unchecked,none
K13n4848,13,11,,,,11,unchecked,none
K13n4849,13,12,,,,12,unchecked,none
K13n485,13,12,,,,12,unchecked,none
K13n4850,13,11,,,,11,unchecked,none
K13n4851,13,11,,,,11,unchecked,none
K13n4852,13,12,,,,12,unchecked,none
K13n4853,13,12,,,,12,unchecked,none
K13n4854,13,12,,,,12,unchecked,none
K13n4855,13,11,,12,1,11,unchecked,reported_only
K13n4856,13,11,,11,0,11,unchecked,reported_only
K13n4857,13,12,,,,12,unchecked,none
K13n4858,13,11,,,,11,unchecked,none
K13n4859,13,11,,,,11,unchecked,none
K13n486,13,12,,,,12,unchecked,none
K13n4860,13,11,,,,11,unchecked,none
K13n4861,13,11,,,,11,unchecked,none
K13n4862,13,11,,,,11,unchecked,none
K13n4863,13,12,,,,12,unchecked,none
K13n4864,13,12,,,,12,unchecked,none
K13n4865,13,10,,,,10,unchecked,none
K13n4866,13,12,,,,12,unchecked,none
K13n4867,13,11,,,,11,unchecked,none
K13n4868,13,11,,,,11,unchecked,none
K13n4869,13,12,,,,12,unchecked,none
K13n487,13,12,,,,12,unchecked,none
K13n4870,13,12,,12,0,12,unchecked,reported_only
K13n4871,13,12,,,,12,unchecked,none
K13n4872,13,12,,,,12,unchecked,none
K13n4873,13,12,,,,12,unchecked,none
K13n4874,13,11,,,,11,unchecked,none
K13n4875,13,11,,,,11,unchecked,none
K13n4876,13,11,,12,1,11,unchecked,reported_only
K13n4877,13,11,,,,11,unchecked,none
K13n4878,13,11,,,,11,unchecked,none
K13n4879,13,11,,,,11,unchecked,none
K13n488,13,12,,,,12,unchecked,none
K13n4880,13,11,,,,11,unchecked,none
K13n4881,13,12,,,,12,unchecked,none
K13n4882,13,12,,,,12,unchecked,none
K13n4883,13,12,,,,12,unchecked,none
K13n4884,13,12,,,,12,unchecked,none
K13n4885,13,12,,,,12,unchecked,none
K13n4886,13,11,,,,11,matched,none
K13n4887,13,12,,,,12,unchecked,none
K13n4888,13,12,,,,12,unchecked,none
K13n4889,13,12,,,,12,unchecked,none
K13n489,13,12,,,,12,unchecked,none
K13n4890,13,12,,,,12,unchecked,none
K13n4891,13,11,,,,11,unchecked,none
K13n4892,13,12,,,,12,unchecked,none
K13n4893,13,11,,,,11,unchecked,none
K13n4894,13,12,,,,12,unchecked,none
K13n4895,13,11,,,,11,matched,none
K13n4896,13,11,,12,1,11,unchecked,reported_only
K13n4897,13,11,,12,1,11,unchecked,reported_only
K13n4898,13,11,,,,11,unchecked,none
K13n4899,13,11,,,,11,unchecked,none
K13n49,13,12,,,,12,unchecked,none
K13n490,13,12,,,,12,unchecked,none
K13n4900,13,12,,,,12,unchecked,none
K13n4901,13,11,,,,11,unchecked,none
K13n4902,13,11,,,,11,unchecked,none
K13n4903,13,11,,,,11,unchecked,none
K13n4904,13,12,,,,12,unchecked,none
K13n4905,13,11,,,,11,unchecked,none
K13n4906,13,11,,,,11,unchecked,none
K13n4907,13,12,,,,12,unchecked,none
K13n4908,13,12,,,,12,unchecked,none
K13n4909,13,12,,,,12,unchecked,none
K13n491,13,12,,,,12,unchecked,none
K13n4910,13,12,,,,12,unchecked,none
K13n4911,13,12,,,,12,unchecked,none
K13n4912,13,11,,,,11,unchecked,none
K13n4913,13,11,,,,11,unchecked,none
K13n4914,13,11,,,,11,unchecked,none
K13n4915,13,12,,,,12,unchecked,none
K13n4916,13,12,,,,12,unchecked,none
K13n4917,13,12,,,,12,unchecked,none
K13n4918,13,12,,,,12,unchecked,none
K13n4919,13,12,,,,12,unchecked,none
K13n492,13,12,,,,12,unchecked,none
K13n4920,13,12,,,,12,unchecked,none
K13n4921,13,12,,,,12,unchecked,none
K13n4922,13,11,,,,11,unchecked,none
K13n4923,13,11,,,,11,unchecked,none
K13n4924,13,11,,,,11,unchecked,none
K13n4925,13,12,,,,12,unchecked,none
K13n4926,13,11,,,,11,unchecked,none
K13n4927,13,11,,,,11,unchecked,none
K13n4928,13,11,,12,1,11,unchecked,reported_only
K13n4929,13,11,,,,11,unchecked,none
K13n493,13,12,,,,12,unchecked,none
K13n4930,13,11,,,,11,unchecked,none
K13n4931,13,11,,12,1,11,unchecked,reported_only
K13n4932,13,11,,,,11,unchecked,none
K13n4933,13,11,,,,11,unchecked,none
K13n4934,13,11,,,,11,unchecked,none
K13n4935,13,12,,,,12,unchecked,none
K13n4936,13,12,,,,12,unchecked,none
K13n4937,13,11,,12,1,11,unchecked,reported_only
K13n4938,13,12,,,,12,unchecked,none
K13n4939,13,12,,,,12,unchecked,none
K13n494,13,12,,,,12,unchecked,none
K13n4940,13,12,,,,12,unchecked,none
K13n4941,13,12,,,,12,unchecked,none
K13n4942,13,12,,,,12,unchecked,none
K13n4943,13,12,,,,12,unchecked,none
K13n4944,13,12,,,,12,unchecked,none
K13n4945,13,12,,,,12,unchecked,none
K13n4946,13,12,,,,12,unchecked,none
K13n4947,13,12,,,,12,unchecked,none
K13n4948,13,12,,,,12,unchecked,none
K13n4949,13,12,,,,12,unchecked,none
K13n495,13,12,,,,12,unchecked,none
K13n4950,13,11,,,,11,unchecked,none
K13n4951,13,12,,,,12,unchecked,none
K13n4952,13,11,,,,11,unchecked,none
K13n4953,13,12,,,,12,unchecked,none
K13n4954,13,11,,,,11,unchecked,none
K13n4955,13,11,,,,11,unchecked,none
K13n4956,13,10,,12,2,10,unchecked,reported_only
K13n4957,13,11,,,,11,unchecked,none
K13n4958,13,12,,,,12,unchecked,none
K13n4959,13,11,,,,11,unchecked,none
K13n496,13,12,,,,12,unchecked,none
K13n4960,13,11,,,,11,unchecked,none
K13n4961,13,11,,,,11,unchecked,none
K13n4962,13,11,,,,11,unchecked,none
K13n4963,13,12,,,,12,unchecked,none
K13n4964,13,12,,,,12,unchecked,none
K13n4965,13,11,,,,11,unchecked,none
K13n4966,13,11,,,,11,unchecked,none
K13n4967,13,12,,,,12,unchecked,none
K13n4968,13,11,,,,11,unchecked,none
K13n4969,13,12,,,,12,unchecked,none
K13n497,13,12,,,,12,unchecked,none
K13n4970,13,12,,,,12,unchecked,none
K13n4971,13,12,,,,12,unchecked,none
K13n4972,13,12,,,,12,unchecked,none
K13n4973,13,12,,,,12,unchecked,none
K13n4974,13,12,,,,12,unchecked,none
K13n4975,13,12,,,,12,unchecked,none
K13n4976,13,12,,,,12,unchecked,none
K13n4977,13,11,,,,11,unchecked,none
K13n4978,13,12,,,,12,unchecked,none
K13n4979,13,11,,,,11,unchecked,none
K13n498,13,12,,,,12,unchecked,none
K13n4980,13,12,,,,12,unchecked,none
K13n4981,13,12,,,,12,unchecked,none
K13n4982,13,11,,,,11,unchecked,none
K13n4983,13,12,,,,12,unchecked,none
K13n4984,13,12,,,,12,unchecked,none
K13n4985,13,12,,,,12,unchecked,none
K13n4986,13,12,,,,12,unchecked,none
K13n4987,13,12,,,,12,unchecked,none
K13n4988,13,11,,11,0,11,unchecked,reported_only
K13n4989,13,11,,,,11,unchecked,none
K13n499,13,12,,,,12,unchecked,none
K13n4990,13,12,,,,12,unchecked,none
K13n4991,13,12,,,,12,unchecked,none
K13n4992,13,12,,,,12,unchecked,none
K13n4993,13,12,,,,12,unchecked,none
K13n4994,13,12,,,,12,unchecked,none
K13n4995,13,12,,,,12,unchecked,none
K13n4996,13,12,,,,12,unchecked,none
K13n4997,13,12,,,,12,unchecked,none
K13n4998,13,11,,,,11,unchecked,none
K13n4999,13,12,,,,12,unchecked,none
K13n5,13,12,,,,12,unchecked,none
K13n50,13,12,,,,12,unchecked,none
K13n500,13,11,,,,11,unchecked,none
K13n5000,13,11,,,,11,unchecked,none
K13n5001,13,11,,,,11,unchecked,none
K13n5002,13,12,,,,12,unchecked,none
K13n5003,13,11,,,,11,unchecked,none
K13n5004,13,11,,,,11,unchecked,none
K13n5005,13,12,,,,12,unchecked,none
K13n5006,13,11,,,,11,unchecked,none
K13n5007,13,11,,,,11,unchecked,none
K13n5008,13,12,,,,12,unchecked,none
K13n5009,13,12,,,,12,unchecked,none
K13n501,13,11,,11,0,11,unchecked,reported_only
K13n5010,13,11,,,,11,unchecked,none
K13n5011,13,11,,12,1,11,unchecked,reported_only
K13n5012,13,11,,,,11,unchecked,none
K13n5013,13,12,,,,12,unchecked,none
K13n5014,13,12,,,,12,unchecked,none
K13n5015,13,12,,,,12,unchecked,none
K13n5016,13,12,,,,12,unchecked,none
K13n5017,13,11,,,,11,unchecked,none
K13n5018,13,10,10,10,0,10,matched,checked
K13n5019,13,11,,11,0,11,unchecked,reported_only
K13n502,13,12,,,,12,unchecked,none
K13n5020,13,11,,,,11,unchecked,none
K13n5021,13,12,,,,12,unchecked,none
K13n5022,13,12,,,,12,unchecked,none
K13n5023,13,12,,,,12,unchecked,none
K13n5024,13,12,,,,12,unchecked,none
K13n5025,13,11,,,,11,unchecked,none
K13n5026,13,12,,,,12,unchecked,none
K13n5027,13,11,,,,11,unchecked,none
K13n5028,13,12,,,,12,unchecked,none
K13n5029,13,12,,,,12,unchecked,none
K13n503,13,12,,,,12,unchecked,none
K13n5030,13,12,,,,12,unchecked,none
K13n5031,13,12,,,,12,unchecked,none
K13n5032,13,12,,,,12,unchecked,none
K13n5033,13,12,,,,12,unchecked,none
K13n5034,13,12,,,,12,unchecked,none
K13n5035,13,12,,,,12,unchecked,none
K13n5036,13,12,,,,12,unchecked,none
K13n5037,13,12,,,,12,unchecked,none
K13n5038,13,12,,,,12,unchecked,none
K13n5039,13,11,,,,11,unchecked,none
K13n504,13,12,,,,12,unchecked,none
K13n5040,13,11,,,,11,unchecked,none
K13n5041,13,11,,,,11,unchecked,none
K13n5042,13,12,,,,12,unchecked,none
K13n5043,13,11,,,,11,unchecked,none
K13n5044,13,12,,,,12,unchecked,none
K13n5045,13,11,,,,11,unchecked,none
K13n5046,13,11,,,,11,unchecked,none
K13n5047,13,12,,,,12,unchecked,none
K13n5048,13,11,,,,11,unchecked,none
K13n5049,13,12,,,,12,unchecked,none
K13n505,13,11,,,,11,unchecked,none
K13n5050,13,12,,,,12,unchecked,none
K13n5051,13,12,,,,12,unchecked,none
K13n5052,13,12,,,,12,unchecked,none
K13n5053,13,12,,,,12,unchecked,none
K13n5054,13,12,,,,12,unchecked,none
K13n5055,13,11,,,,11,unchecked,none
K13n5056,13,11,,,,11,unchecked,none
K13n5057,13,11,,,,11,unchecked,none
K13n5058,13,11,,,,11,unchecked,none
K13n5059,13,12,,,,12,unchecked,none
K13n506,13,11,,,,11,unchecked,none
K13n5060,13,12,,,,12,unchecked,none
K13n5061,13,11,,,,11,unchecked,none
K13n5062,13,12,,,,12,unchecked,none
K13n5063,13,12,,,,12,unchecked,none
K13n5064,13,12,,,,12,unchecked,none
K13n5065,13,12,,,,12,unchecked,none
K13n5066,13,11,,,,11,unchecked,none
K13n5067,13,11,,,,11,unchecked,none
K13n5068,13,11,,,,11,unchecked,none
K13n5069,13,12,,,,12,unchecked,none
K13n507,13,12,,,,12,unchecked,none
K13n5070,13,12,,,,12,unchecked,none
K13n5071,13,11,,,,11,unchecked,none
K13n5072,13,11,,,,11,unchecked,none
K13n5073,13,11,,11,0,11,unchecked,reported_only
K13n5074,13,11,,,,11,unchecked,none
K13n5075,13,12,,,,12,unchecked,none
K13n5076,13,12,,,,12,unchecked,none
K13n5077,13,12,,,,12,unchecked,none
K13n5078,13,11,,,,11,unchecked,none
K13n5079,13,11,,,,11,unchecked,none
K13n508,13,12,,,,12,unchecked,none
K13n5080,13,12,,,,12,unchecked,none
K13n5081,13,11,,,,11,unchecked,none
K13n5082,13,11,,,,11,unchecked,none
K13n5083,13,11,,12,1,11,unchecked,reported_only
K13n5084,13,11,,,,11,unchecked,none
K13n5085,13,11,,,,11,unchecked,none
K13n5086,13,12,,,,12,unchecked,none
K13n5087,13,12,,,,12,unchecked,none
K13n5088,13,12,,,,12,unchecked,none
K13n5089,13,11,,,,11,unchecked,none
K13n509,13,12,,,,12,unchecked,none
K13n5090,13,11,,,,11,unchecked,none
K13n5091,13,11,,,,11,unchecked,none
K13n5092,13,11,,,,11,unchecked,none
K13n5093,13,11,,,,11,unchecked,none
K13n5094,13,12,,,,12,unchecked,none
K13n5095,13,11,,,,11,unchecked,none
K13n5096,13,11,,,,11,unchecked,none
K13n5097,13,11,,,,11,unchecked,none
K13n5098,13,12,,,,12,unchecked,none
K13n5099,13,11,,,,11,unchecked,none
K13n51,13,12,,,,12,unchecked,none
K13n510,13,11,,,,11,unchecked,none
K13n5100,13,11,,,,11,unchecked,none
K13n5101,13,11,,,,11,unchecked,none
K13n5102,13,12,,,,12,unchecked,none
K13n5103,13,12,,,,12,unchecked,none
K13n5104,13,12,,,,12,unchecked,none
K13n5105,13,11,,,,11,unchecked,none
K13n5106,13,11,,,,11,unchecked,none
K13n5107,13,11,,,,11,unchecked,none
K13n5108,13,12,,,,12,unchecked,none
K13n5109,13,12,,,,12,unchecked,none
K13n511,13,11,,,,11,unchecked,none
K13n5110,13,11,,,,11,unchecked,none
K13n512,13,11,,12,1,11,unchecked,reported_only
K13n513,13,11,,,,11,unchecked,none
K13n514,13,12,,,,12,unchecked,none
K13n515,13,12,,,,12,unchecked,none
K13n516,13,12,,,,12,unchecked,none
K13n517,13,11,,,,11,unchecked,none
K13n518,13,11,,,,11,unchecked,none
K13n519,13,11,,,,11,unchecked,none
K13n52,13,12,,,,12,unchecked,none
K13n520,13,11,,,,11,unchecked,none
K13n521,13,12,,,,12,unchecked,none
K13n522,13,12,,,,12,unchecked,none
K13n523,13,12,,,,12,unchecked,none
K13n524,13,11,,,,11,unchecked,none
K13n525,13,12,,,,12,unchecked,none
K13n526,13,12,,,,12,unchecked,none
K13n527,13,12,,,,12,unchecked,none
K13n528,13,12,,,,12,unchecked,none
K13n529,13,11,,12,1,11,unchecked,reported_only
K13n53,13,12,,,,12,unchecked,none
K13n530,13,11,,,,11,unchecked,none
K13n531,13,13,,,,13,unchecked,none
K13n532,13,12,,,,12,unchecked,none
K13n533,13,12,,,,12,unchecked,none
K13n534,13,12,,,,12,unchecked,none
K13n535,13,12,,,,12,unchecked,none
K13n536,13,12,,,,12,unchecked,none
K13n537,13,12,,,,12,unchecked,none
K13n538,13,12,,,,12,unchecked,none
K13n539,13,12,,,,12,unchecked,none
K13n54,13,11,,,,11,unchecked,none
K13n540,13,12,,,,12,unchecked,none
K13n541,13,12,,,,12,unchecked,none
K13n542,13,12,,,,12,unchecked,none
K13n543,13,12,,,,12,unchecked,none
K13n544,13,12,,,,12,unchecked,none
K13n545,13,12,,,,12,unchecked,none
K13n546,13,12,,,,12,unchecked,none
K13n547,13,12,,,,12,unchecked,none
K13n548,13,12,,,,12,unchecked,none
K13n549,13,12,,,,12,unchecked,none
K13n55,13,12,,,,12,unchecked,none
K13n550,13,12,,,,12,unchecked,none
K13n551,13,12,,,,12,unchecked,none
K13n552,13,12,,,,12,unchecked,none
K13n553,13,12,,,,12,unchecked,none
K13n554,13,12,,,,12,unchecked,none
K13n555,13,12,,,,12,unchecked,none
K13n556,13,12,,,,12,unchecked,none
K13n557,13,12,,,,12,unchecked,none
K13n558,13,11,,12,1,11,unchecked,reported_only
K13n559,13,12,,,,12,unchecked,none
K13n56,13,12,,,,12,unchecked,none
K13n560,13,12,,,,12,unchecked,none
K13n561,13,11,,,,11,unchecked,none
K13n562,13,11,,,,11,unchecked,none
K13n563,13,11,,,,11,unchecked,none
K13n564,13,12,,,,12,unchecked,none
K13n565,13,12,,,,12,unchecked,none
K13n566,13,12,,,,12,unchecked,none
K13n567,13,11,,,,11,unchecked,none
K13n568,13,11,,,,11,unchecked,none
K13n569,13,11,,,,11,unchecked,none
K13n57,13,12,,,,12,unchecked,none
K13n570,13,11,,,,11,unchecked,none
K13n571,13,11,,,,11,unchecked,none
K13n572,13,12,,,,12,unchecked,none
K13n573,13,12,,,,12,unchecked,none
K13n574,13,11,,,,11,unchecked,none
K13n575,13,12,,12,0,12,unchecked,reported_only
K13n576,13,11,,,,11,unchecked,none
K13n577,13,11,,,,11,unchecked,none
K13n578,13,11,,,,11,unchecked,none
K13n579,13,11,,,,11,unchecked,none
K13n58,13,12,,,,12,unchecked,none
K13n580,13,12,,,,12,unchecked,none
K13n581,13,12,,,,12,unchecked,none
K13n582,13,11,,,,11,unchecked,none
K13n583,13,11,,12,1,11,unchecked,reported_only
K13n584,13,10,10,10,0,10,matched,checked
K13n585,13,11,,,,11,unchecked,none
K13n586,13,10,10,10,0,10,matched,checked
K13n587,13,11,,11,0,11,unchecked,reported_only
K13n588,13,11,,11,0,11,unchecked,reported_only
K13n589,13,11,,12,1,11,unchecked,reported_only
K13n59,13,12,,,,12,unchecked,none
K13n590,13,12,,,,12,unchecked,none
K13n591,13,11,,,,11,unchecked,none
K13n592,13,10,10,10,0,10,unchecked,reported_only
K13n593,13,10,10,10,0,10,matched,checked
K13n594,13,12,,,,12,unchecked,none
K13n595,13,12,,,,12,unchecked,none
K13n596,13,12,,,,12,unchecked,none
K13n597,13,12,,,,12,unchecked,none
K13n598,13,11,,,,11,unchecked,none
K13n599,13,11,,,,11,unchecked,none
K13n6,13,12,,,,12,unchecked,none
K13n60,13,11,,,,11,unchecked,none
K13n600,13,11,,12,1,11,unchecked,reported_only
K13n601,13,11,,,,11,unchecked,none
K13n602,13,10,10,10,0,10,matched,checked
K13n603,13,10,10,10,0,10,matched,checked
K13n604,13,10,10,10,0,10,matched,checked
K13n605,13,11,,11,0,11,unchecked,reported_only
K13n606,13,11,,11,0,11,unchecked,reported_only
K13n607,13,10,10,10,0,10,matched,checked
K13n608,13,10,10,10,0,10,matched,checked
K13n609,13,11,,,,11,unchecked,none
K13n61,13,11,,,,11,unchecked,none
K13n610,13,11,,,,11,unchecked,none
K13n611,13,11,,11,0,11,unchecked,reported_only
K13n612,13,11,,11,0,11,unchecked,reported_only
K13n613,13,11,,12,1,11,unchecked,reported_only
K13n614,13,11,,,,11,unchecked,none
K13n615,13,12,,,,12,unchecked,none
K13n616,13,12,,12,0,12,unchecked,reported_only
K13n617,13,12,,,,12,unchecked,none
K13n618,13,12,,,,12,unchecked,none
K13n619,13,11,,,,11,unchecked,none
K13n62,13,11,,11,0,11,unchecked,reported_only
K13n620,13,12,,,,12,unchecked,none
K13n621,13,12,,,,12,unchecked,none
K13n622,13,11,,,,11,unchecked,none
K13n623,13,12,,,,12,unchecked,none
K13n624,13,12,,,,12,unchecked,none
K13n625,13,12,,,,12,unchecked,none
K13n626,13,12,,,,12,unchecked,none
K13n627,13,12,,,,12,unchecked,none
K13n628,13,11,,11,0,11,unchecked,reported_only
K13n629,13,11,,11,0,11,unchecked,reported_only
K13n63,13,12,,,,12,unchecked,none
K13n630,13,11,,,,11,unchecked,none
K13n631,13,11,,12,1,11,unchecked,reported_only
K13n632,13,12,,,,12,unchecked,none
K13n633,13,11,,,,11,unchecked,none
K13n634,13,11,,12,1,11,unchecked,reported_only
K13n635,13,11,,,,11,unchecked,none
K13n636,13,11,,,,11,unchecked,none
K13n637,13,12,,,,12,unchecked,none
K13n638,13,12,,,,12,unchecked,none
K13n639,13,12,,,,12,unchecked,none
K13n64,13,12,,,,12,unchecked,none
K13n640,13,12,,,,12,unchecked,none
K13n641,13,12,,,,12,unchecked,none
K13n642,13,12,,,,12,unchecked,none
K13n643,13,12,,,,12,unchecked,none
K13n644,13,11,,,,11,unchecked,none
K13n645,13,11,,,,11,unchecked,none
K13n646,13,11,,11,0,11,unchecked,reported_only
K13n647,13,11,,,,11,unchecked,none
K13n648,13,11,,,,11,unchecked,none
K13n649,13,11,,,,11,unchecked,none
K13n65,13,12,,,,12,unchecked,none
K13n650,13,12,,,,12,unchecked,none
K13n651,13,11,,,,11,unchecked,none
K13n652,13,11,,,,11,unchecked,none
K13n653,13,12,,,,12,unchecked,none
K13n654,13,12,,,,12,unchecked,none
K13n655,13,12,,,,12,unchecked,none
K13n656,13,12,,,,12,unchecked,none
K13n657,13,12,,,,12,unchecked,none
K13n658,13,12,,,,12,unchecked,none
K13n659,13,12,,,,12,unchecked,none
K13n66,13,12,,,,12,unchecked,none
K13n660,13,12,,,,12,unchecked,none
K13n661,13,11,,,,11,unchecked,none
K13n662,13,11,,,,11,unchecked,none
K13n663,13,12,,,,12,unchecked,none
K13n664,13,12,,,,12,unchecked,none
K13n665,13,12,,,,12,unchecked,none
K13n666,13,12,,,,12,unchecked,none
K13n667,13,11,,12,1,11,unchecked,reported_only
K13n668,13,12,,,,12,unchecked,none
K13n669,13,12,,,,12,unchecked,none
K13n67,13,12,,,,12,unchecked,none
K13n670,13,12,,,,12,unchecked,none
K13n671,13,12,,,,12,unchecked,none
K13n672,13,12,,,,12,unchecked,none
K13n673,13,11,,,,11,unchecked,none
K13n674,13,12,,,,12,unchecked,none
K13n675,13,12,,,,12,unchecked,none
K13n676,13,12,,,,12,unchecked,none
K13n677,13,12,,,,12,unchecked,none
K13n678,13,12,,,,12,unchecked,none
K13n679,13,11,,,,11,unchecked,none
K13n68,13,12,,,,12,unchecked,none
K13n680,13,12,,,,12,unchecked,none
K13n681,13,12,,,,12,unchecked,none
K13n682,13,12,,,,12,unchecked,none
K13n683,13,12,,,,12,unchecked,none
K13n684,13,12,,,,12,unchecked,none
K13n685,13,11,,,,11,unchecked,none
K13n686,13,12,,,,12,unchecked,none
K13n687,13,12,,,,12,unchecked,none
K13n688,13,12,,,,12,unchecked,none
K13n689,13,12,,,,12,unchecked,none
K13n69,13,12,,,,12,unchecked,none
K13n690,13,12,,12,0,12,unchecked,reported_only
K13n691,13,12,,,,12,unchecked,none
K13n692,13,12,,,,12,unchecked,none
K13n693,13,12,,,,12,unchecked,none
K13n694,13,11,,12,1,11,unchecked,reported_only
K13n695,13,11,,12,1,11,unchecked,reported_only
K13n696,13,11,,,,11,unchecked,none
K13n697,13,12,,,,12,unchecked,none
K13n698,13,12,,,,12,unchecked,none
K13n699,13,12,,,,12,unchecked,none
K13n7,13,11,,,,11,unchecked,none
K13n70,13,12,,,,12,unchecked,none
K13n700,13,11,,,,11,unchecked,none
K13n701,13,12,,,,12,unchecked,none
K13n702,13,12,,,,12,unchecked,none
K13n703,13,12,,,,12,unchecked,none
K13n704,13,11,,,,11,unchecked,none
K13n705,13,11,,,,11,unchecked,none
K13n706,13,11,,,,11,unchecked,none
K13n707,13,11,,,,11,unchecked,none
K13n708,13,12,,,,12,unchecked,none
K13n709,13,11,,,,11,unchecked,none
K13n71,13,12,,,,12,matched,none
K13n710,13,11,,11,0,11,unchecked,reported_only
K13n711,13,11,,11,0,11,unchecked,reported_only
K13n712,13,11,,,,11,unchecked,none
K13n713,13,11,,,,11,unchecked,none
K13n714,13,11,,11,0,11,unchecked,reported_only
K13n715,13,11,,,,11,unchecked,none
K13n716,13,11,,11,0,11,unchecked,reported_only
K13n717,13,11,,,,11,unchecked,none
K13n718,13,12,,,,12,unchecked,none
K13n719,13,12,,,,12,unchecked,none
K13n72,13,12,,,,12,unchecked,none
K13n720,13,12,,,,12,unchecked,none
K13n721,13,12,,,,12,unchecked,none
K13n722,13,12,,,,12,unchecked,none
K13n723,13,11,,12,1,11,unchecked,reported_only
K13n724,13,11,,,,11,unchecked,none
K13n725,13,11,,11,0,11,unchecked,reported_only
K13n726,13,10,,11,1,10,unchecked,reported_only
K13n727,13,11,,,,11,unchecked,none
K13n728,13,12,,,,12,unchecked,none
K13n729,13,12,,,,12,unchecked,none
K13n73,13,12,,,,12,unchecked,none
K13n730,13,12,,,,12,unchecked,none
K13n731,13,11,,11,0,11,unchecked,reported_only
K13n732,13,11,,12,1,11,unchecked,reported_only
K13n733,13,12,,,,12,unchecked,none
K13n734,13,12,,,,12,unchecked,none
K13n735,13,12,,,,12,unchecked,none
K13n736,13,12,,,,12,unchecked,none
K13n737,13,12,,,,12,unchecked,none
K13n738,13,12,,,,12,unchecked,none
K13n739,13,12,,,,12,unchecked,none
K13n74,13,12,,,,12,unchecked,none
K13n740,13,12,,,,12,unchecked,none
K13n741,13,12,,,,12,unchecked,none
K13n742,13,12,,,,12,unchecked,none
K13n743,13,12,,,,12,unchecked,none
K13n744,13,12,,,,12,unchecked,none
K13n745,13,12,,,,12,unchecked,none
K13n746,13,12,,,,12,unchecked,none
K13n747,13,11,,,,11,unchecked,none
K13n748,13,11,,,,11,unchecked,none
K13n749,13,12,,,,12,unchecked,none
K13n75,13,12,,,,12,unchecked,none
K13n750,13,12,,,,12,unchecked,none
K13n751,13,12,,,,12,unchecked,none
K13n752,13,11,,,,11,unchecked,none
K13n753,13,12,,,,12,unchecked,none
K13n754,13,12,,12,0,12,unchecked,reported_only
K13n755,13,12,,,,12,unchecked,none
K13n756,13,12,,,,12,unchecked,none
K13n757,13,12,,,,12,unchecked,none
K13n758,13,11,,,,11,unchecked,none
K13n759,13,12,,,,12,unchecked,none
K13n76,13,12,,,,12,unchecked,none
K13n760,13,12,,,,12,unchecked,none
K13n761,13,12,,,,12,unchecked,none
K13n762,13,11,,,,11,unchecked,none
K13n763,13,11,,,,11,unchecked,none
K13n764,13,12,,,,12,unchecked,none
K13n765,13,11,,,,11,unchecked,none
K13n766,13,12,,,,12,unchecked,none
K13n767,13,12,,,,12,unchecked,none
K13n768,13,12,,,,12,unchecked,none
K13n769,13,12,,,,12,matched,none
K13n77,13,12,,,,12,unchecked,none
K13n770,13,12,,12,0,12,unchecked,reported_only
K13n771,13,12,,,,12,unchecked,none
K13n772,13,12,,,,12,unchecked,none
K13n773,13,12,,,,12,unchecked,none
K13n774,13,12,,,,12,unchecked,none
K13n775,13,12,,,,12,unchecked,none
K13n776,13,12,,,,12,unchecked,none
K13n777,13,11,,,,11,unchecked,none
K13n778,13,11,,,,11,unchecked,none
K13n779,13,12,,,,12,unchecked,none
K13n78,13,12,,,,12,unchecked,none
K13n780,13,12,,,,12,unchecked,none
K13n781,13,12,,12,0,12,unchecked,reported_only
K13n782,13,12,,,,12,unchecked,none
K13n783,13,12,,,,12,unchecked,none
K13n784,13,12,,,,12,unchecked,none
K13n785,13,12,,,,12,unchecked,none
K13n786,13,12,,,,12,unchecked,none
K13n787,13,11,,,,11,unchecked,none
K13n788,13,12,,,,12,unchecked,none
K13n789,13,12,,,,12,unchecked,none
K13n79,13,12,,,,12,unchecked,none
K13n790,13,12,,12,0,12,unchecked,reported_only
K13n791,13,12,,,,12,unchecked,none
K13n792,13,12,,,,12,unchecked,none
K13n793,13,12,,,,12,unchecked,none
K13n794,13,12,,,,12,unchecked,none
K13n795,13,12,,,,12,unchecked,none
K13n796,13,12,,,,12,unchecked,none
K13n797,13,12,,,,12,unchecked,none
K13n798,13,12,,,,12,unchecked,none
K13n799,13,11,,12,1,11,unchecked,reported_only
K13n8,13,12,,,,12,unchecked,none
K13n80,13,12,,,,12,unchecked,none
K13n800,13,12,,,,12,unchecked,none
K13n801,13,11,,11,0,11,unchecked,reported_only
K13n802,13,12,,,,12,unchecked,none
K13n803,13,12,,,,12,unchecked,none
K13n804,13,11,,,,11,unchecked,none
K13n805,13,12,,,,12,unchecked,none
K13n806,13,12,,,,12,unchecked,none
K13n807,13,12,,,,12,unchecked,none
K13n808,13,12,,,,12,unchecked,none
K13n809,13,12,,,,12,unchecked,none
K13n81,13,12,,,,12,unchecked,none
K13n810,13,11,,,,11,unchecked,none
K13n811,13,12,,,,12,unchecked,none
K13n812,13,12,,,,12,unchecked,none
K13n813,13,12,,,,12,unchecked,none
K13n814,13,12,,,,12,unchecked,none
K13n815,13,12,,,,12,unchecked,none
K13n816,13,11,,12,1,11,unchecked,reported_only
K13n817,13,12,,,,12,unchecked,none
K13n818,13,12,,,,12,unchecked,none
K13n819,13,12,,,,12,unchecked,none
K13n82,13,12,,,,12,unchecked,none
K13n820,13,12,,,,12,unchecked,none
K13n821,13,12,,,,12,unchecked,none
K13n822,13,12,,,,12,unchecked,none
K13n823,13,11,,,,11,unchecked,none
K13n824,13,11,,,,11,unchecked,none
K13n825,13,12,,,,12,unchecked,none
K13n826,13,12,,,,12,unchecked,none
K13n827,13,12,,,,12,unchecked,none
K13n828,13,12,,,,12,unchecked,none
K13n829,13,12,,,,12,unchecked,none
K13n83,13,12,,,,12,unchecked,none
K13n830,13,11,,,,11,unchecked,none
K13n831,13,12,,,,12,unchecked,none
K13n832,13,12,,,,12,unchecked,none
K13n833,13,12,,,,12,unchecked,none
K13n834,13,12,,,,12,unchecked,none
K13n835,13,11,,11,0,11,unchecked,reported_only
K13n836,13,11,,11,0,11,unchecked,reported_only
K13n837,13,11,,,,11,unchecked,none
K13n838,13,12,,,,12,unchecked,none
K13n839,13,12,,,,12,unchecked,none
K13n84,13,12,,,,12,unchecked,none
K13n840,13,11,,,,11,unchecked,none
K13n841,13,12,,,,12,unchecked,none
K13n842,13,12,,,,12,unchecked,none
K13n843,13,12,,,,12,unchecked,none
K13n844,13,12,,,,12,unchecked,none
K13n845,13,12,,,,12,unchecked,none
K13n846,13,12,,,,12,unchecked,none
K13n847,13,12,,,,12,unchecked,none
K13n848,13,12,,,,12,unchecked,none
K13n849,13,12,,,,12,unchecked,none
K13n85,13,12,,,,12,unchecked,none
K13n850,13,12,,,,12,unchecked,none
K13n851,13,12,,,,12,unchecked,none
K13n852,13,12,,,,12,unchecked,none
K13n853,13,12,,,,12,unchecked,none
K13n854,13,12,,,,12,unchecked,none
K13n855,13,12,,,,12,unchecked,none
K13n856,13,12,,,,12,unchecked,none
K13n857,13,11,,,,11,unchecked,none
K13n858,13,12,,,,12,unchecked,none
K13n859,13,12,,,,12,unchecked,none
K13n86,13,12,,,,12,unchecked,none
K13n860,13,12,,,,12,unchecked,none
K13n861,13,12,,,,12,unchecked,none
K13n862,13,12,,,,12,unchecked,none
K13n863,13,12,,,,12,unchecked,none
K13n864,13,12,,,,12,unchecked,none
K13n865,13,12,,,,12,unchecked,none
K13n866,13,12,,,,12,unchecked,none
K13n867,13,12,,,,12,unchecked,none
K13n868,13,12,,,,12,unchecked,none
K13n869,13,12,,,,12,unchecked,none
K13n87,13,12,,,,12,unchecked,none
K13n870,13,12,,,,12,unchecked,none
K13n871,13,12,,,,12,unchecked,none
K13n872,13,12,,,,12,unchecked,none
K13n873,13,12,,,,12,unchecked,none
K13n874,13,12,,,,12,unchecked,none
K13n875,13,12,,,,12,unchecked,none
K13n876,13,12,,,,12,unchecked,none
K13n877,13,11,,,,11,unchecked,none
K13n878,13,12,,,,12,unchecked,none
K13n879,13,12,,,,12,unchecked,none
K13n88,13,12,,,,12,unchecked,none
K13n880,13,11,,,,11,unchecked,none
K13n881,13,11,,11,0,11,unchecked,reported_only
K13n882,13,11,,,,11,unchecked,none
K13n883,13,11,,,,11,unchecked,none
K13n884,13,11,,11,0,11,unchecked,reported_only
K13n885,13,12,,,,12,unchecked,none
K13n886,13,12,,,,12,unchecked,none
K13n887,13,11,,,,11,unchecked,none
K13n888,13,12,,,,12,unchecked,none
K13n889,13,12,,,,12,unchecked,none
K13n89,13,12,,,,12,unchecked,none
K13n890,13,11,,12,1,11,unchecked,reported_only
K13n891,13,12,,,,12,unchecked,none
K13n892,13,12,,,,12,unchecked,none
K13n893,13,12,,,,12,unchecked,none
K13n894,13,12,,,,12,unchecked,none
K13n895,13,12,,,,12,unchecked,none
K13n896,13,12,,,,12,unchecked,none
K13n897,13,12,,,,12,unchecked,none
K13n898,13,12,,,,12,unchecked,none
K13n899,13,12,,,,12,unchecked,none
K13n9,13,12,,,,12,unchecked,none
K13n90,13,11,,,,11,unchecked,none
K13n900,13,12,,,,12,unchecked,none
K13n901,13,12,,,,12,unchecked,none
K13n902,13,11,,,,11,unchecked,none
K13n903,13,11,,,,11,unchecked,none
K13n904,13,12,,,,12,unchecked,none
K13n905,13,12,,,,12,unchecked,none
K13n906,13,12,,,,12,unchecked,none
K13n907,13,12,,,,12,unchecked,none
K13n908,13,12,,,,12,unchecked,none
K13n909,13,12,,,,12,unchecked,none
K13n91,13,12,,,,12,unchecked,none
K13n910,13,12,,,,12,unchecked,none
K13n911,13,11,,,,11,unchecked,none
K13n912,13,11,,12,1,11,unchecked,reported_only
K13n913,13,12,,,,12,unchecked,none
K13n914,13,11,,11,0,11,unchecked,reported_only
K13n915,13,11,,11,0,11,unchecked,reported_only
K13n916,13,12,,,,12,unchecked,none
K13n917,13,12,,,,12,unchecked,none
K13n918,13,11,,,,11,unchecked,none
K13n919,13,11,,11,0,11,unchecked,reported_only
K13n92,13,12,,,,12,unchecked,none
K13n920,13,12,,,,12,unchecked,none
K13n921,13,12,,,,12,unchecked,none
K13n922,13,12,,,,12,unchecked,none
K13n923,13,12,,,,12,unchecked,none
K13n924,13,12,,,,12,unchecked,none
K13n925,13,12,,,,12,unchecked,none
K13n926,13,11,,,,11,unchecked,none
K13n927,13,11,,12,1,11,unchecked,reported_only
K13n928,13,12,,,,12,matched,none
K13n929,13,12,,,,12,unchecked,none
K13n93,13,11,,,,11,unchecked,none
K13n930,13,12,,,,12,unchecked,none
K13n931,13,12,,,,12,unchecked,none
K13n932,13,12,,,,12,matched,none
K13n933,13,12,,,,12,unchecked,none
K13n934,13,12,,,,12,unchecked,none
K13n935,13,12,,,,12,unchecked,none
K13n936,13,12,,,,12,unchecked,none
K13n937,13,12,,,,12,unchecked,none
K13n938,13,12,,,,12,unchecked,none
K13n939,13,12,,,,12,unchecked,none
K13n94,13,12,,,,12,unchecked,none
K13n940,13,12,,,,12,unchecked,none
K13n941,13,12,,,,12,unchecked,none
K13n942,13,12,,,,12,unchecked,none
K13n943,13,12,,,,12,unchecked,none
K13n944,13,12,,,,12,unchecked,none
K13n945,13,12,,,,12,unchecked,none
K13n946,13,12,,,,12,unchecked,none
K13n947,13,12,,,,12,unchecked,none
K13n948,13,12,,,,12,unchecked,none
K13n949,13,12,,,,12,unchecked,none
K13n95,13,12,,,,12,unchecked,none
K13n950,13,12,,,,12,unchecked,none
K13n951,13,12,,,,12,unchecked,none
K13n952,13,12,,,,12,unchecked,none
K13n953,13,12,,,,12,unchecked,none
K13n954,13,12,,,,12,unchecked,none
K13n955,13,12,,,,12,unchecked,none
K13n956,13,11,,,,11,unchecked,none
K13n957,13,12,,,,12,unchecked,none
K13n958,13,12,,,,12,unchecked,none
K13n959,13,12,,,,12,unchecked,none
K13n96,13,12,,,,12,unchecked,none
K13n960,13,12,,,,12,unchecked,none
K13n961,13,12,,,,12,unchecked,none
K13n962,13,12,,,,12,unchecked,none
K13n963,13,12,,,,12,unchecked,none
K13n964,13,12,,,,12,unchecked,none
K13n965,13,12,,,,12,unchecked,none
K13n966,13,12,,,,12,unchecked,none
K13n967,13,12,,,,12,unchecked,none
K13n968,13,12,,,,12,unchecked,none
K13n969,13,12,,,,12,unchecked,none
K13n97,13,12,,,,12,unchecked,none
K13n970,13,12,,,,12,unchecked,none
K13n971,13,12,,,,12,unchecked,none
K13n972,13,12,,,,12,unchecked,none
K13n973,13,11,,12,1,11,unchecked,reported_only
K13n974,13,12,,,,12,unchecked,none
K13n975,13,12,,,,12,unchecked,none
K13n976,13,12,,,,12,unchecked,none
K13n977,13,12,,,,12,unchecked,none
K13n978,13,12,,,,12,unchecked,none
K13n979,13,12,,,,12,unchecked,none
K13n98,13,12,,,,12,unchecked,none
K13n980,13,12,,,,12,unchecked,none
K13n981,13,12,,,,12,unchecked,none
K13n982,13,12,,,,12,unchecked,none
K13n983,13,12,,,,12,unchecked,none
K13n984,13,12,,,,12,unchecked,none
K13n985,13,11,,12,1,11,unchecked,reported_only
K13n986,13,11,,12,1,11,unchecked,reported_only
K13n987,13,12,,,,12,unchecked,none
K13n988,13,12,,,,12,unchecked,none
K13n989,13,11,,12,1,11,unchecked,reported_only
K13n99,13,11,,,,11,unchecked,none
K13n990,13,12,,,,12,unchecked,none
K13n991,13,11,,,,11,unchecked,none
K13n992,13,11,,,,11,unchecked,none
K13n993,13,12,,,,12,unchecked,none
K13n994,13,12,,,,12,unchecked,none
K13n995,13,12,,,,12,unchecked,none
K13n996,13,12,,,,12,unchecked,none
K13n997,13,12,,,,12,unchecked,none
K13n998,13,12,,,,12,unchecked,none
K13n999,13,12,,,,12,unchecked,none
